userId,rank,movieId,title,score
1,1,100083,Movie 43 (2013),0.23898248830476443
1,2,55442,Persepolis (2007),0.21759787903421937
1,3,2439,Affliction (1997),0.21450043595904003
1,4,89580,Neds (2010),0.2138833145687755
1,5,1382,Marked for Death (1990),0.21261411445242967
1,6,5847,Ragtime (1981),0.2115341147534584
1,7,71899,Mary and Max (2009),0.20421841614203895
1,8,2989,For Your Eyes Only (1981),0.1982194792543438
1,9,178615,Front Cover (2016),0.19745160217088178
1,10,3017,Creepshow 2 (1987),0.19467594393823223
2,1,26152,Batman (1966),0.24131043017055046
2,2,592,Batman (1989),0.24131043017055046
2,3,4020,"Gift, The (2000)",0.22250037983792448
2,4,140247,The Gift (2015),0.22250037983792448
2,5,7438,Kill Bill: Vol. 2 (2004),0.2165875518044004
2,6,166024,Whiplash (2013),0.20913346471791966
2,7,167746,The Lego Batman Movie (2017),0.20586185054922934
2,8,290,Once Were Warriors (1994),0.20132107897826815
2,9,129011,Eddie Izzard: Glorious (1997),0.20132107897826815
2,10,583,Dear Diary (Caro Diario) (1994),0.20132107897826815
3,1,1214,Alien (1979),0.24532772372778708
3,2,44777,Evil Aliens (2005),0.24532772372778708
3,3,33090,Mutant Aliens (2001),0.24532772372778708
3,4,1320,Alien³ (a.k.a. Alien 3) (1992),0.24532772372778708
3,5,6510,"Bodies, Rest & Motion (1993)",0.228908418403285
3,6,90345,"Thing, The (2011)",0.20202680362249928
3,7,5953,Devils on the Doorstep (Guizi lai le) (2000),0.1993327387740463
3,8,49314,Harsh Times (2006),0.1993013831169585
3,9,84246,It Happened on Fifth Avenue (1947),0.19459468785855297
3,10,120813,Patton Oswalt: My Weakness Is Strong (2009),0.1922462067156301
4,1,55442,Persepolis (2007),0.2389329985951495
4,2,100083,Movie 43 (2013),0.23372677317331414
4,3,69849,Roots (1977),0.22785086810996602
4,4,6942,Love Actually (2003),0.219120331683133
4,5,2439,Affliction (1997),0.2158757494186894
4,6,5847,Ragtime (1981),0.21581805950962263
4,7,134252,That Munchhausen (1979),0.21443823194087136
4,8,279,My Family (1995),0.21443299725134296
4,9,25757,"Jazz Singer, The (1927)",0.21285607832050027
4,10,4857,Fiddler on the Roof (1971),0.21267517374130496
5,1,26152,Batman (1966),0.23783957548305848
5,2,33794,Batman Begins (2005),0.21687441110394287
5,3,8795,Musa the Warrior (Musa) (2001),0.1985550858956876
5,4,583,Dear Diary (Caro Diario) (1994),0.1985550858956876
5,5,129011,Eddie Izzard: Glorious (1997),0.1985550858956876
5,6,139644,Sicario (2015),0.1985550858956876
5,7,26471,Eddie Murphy Delirious (1983),0.1985550858956876
5,8,7879,Notorious C.H.O. (2002),0.1985550858956876
5,9,83374,"Warrior's Way, The (2010)",0.1985550858956876
5,10,86345,Louis C.K.: Hilarious (2010),0.1985550858956876
6,1,100083,Movie 43 (2013),0.26157480517248566
6,2,55442,Persepolis (2007),0.2520264627430273
6,3,6942,Love Actually (2003),0.2461717785481626
6,4,152173,Michael Jackson's Thriller (1983),0.23697955909188195
6,5,149350,Lumberjack Man (2015),0.23697955909188195
6,6,48322,Jackass Number Two (2006),0.23697955909188195
6,7,181065,Jack Whitehall: At Large (2017),0.23697955909188195
6,8,80139,Jackass 2.5 (2007),0.23697955909188195
6,9,5847,Ragtime (1981),0.234616000201986
6,10,69849,Roots (1977),0.23107111206593142
7,1,26492,Twilight Zone: The Movie (1983),0.22006046646602476
7,2,4994,"Majestic, The (2001)",0.21956626173228327
7,3,6942,Love Actually (2003),0.2165135758276927
7,4,5847,Ragtime (1981),0.21462141073139812
7,5,122926,Untitled Spider-Man Reboot (2017),0.21384944990407967
7,6,163925,"Wings, Legs and Tails (1986)",0.21113992680402507
7,7,72714,Earthlings (2006),0.21113992680402507
7,8,7349,Broken Wings (Knafayim Shvurot) (2002),0.21113992680402507
7,9,1211,"Wings of Desire (Himmel über Berlin, Der) (1987)",0.21113992680402507
7,10,1831,Lost in Space (1998),0.20828182339657808
8,1,118880,"Girl Walks Home Alone at Night, A (2014)",0.23884658794658634
8,2,26152,Batman (1966),0.22403780207356297
8,3,6942,Love Actually (2003),0.20974760932433728
8,4,95624,"Firm, The (2009)",0.20875520614099824
8,5,1701,Deconstructing Harry (1997),0.19444179484431068
8,6,27741,"Twilight Samurai, The (Tasogare Seibei) (2002)",0.1901305704441606
8,7,26492,Twilight Zone: The Movie (1983),0.1901305704441606
8,8,183197,Dave Chappelle: Equanimity (2017),0.18949965307173405
8,9,170357,Dave Chappelle: The Age of Spin (2017),0.18949965307173405
8,10,7215,To Have and Have Not (1944),0.1878829955419211
9,1,102666,Ivan Vasilievich: Back to the Future (Ivan Vasilievich menyaet professiyu) (1973),0.33587217606897807
9,2,97306,Seven Psychopaths (2012),0.25179620173510775
9,3,2116,"Lord of the Rings, The (1978)",0.2387719556833361
9,4,7153,"Lord of the Rings: The Return of the King, The (2003)",0.2350928956546291
9,5,1946,Marty (1955),0.2223201895486135
9,6,1648,"House of Yes, The (1997)",0.21397254331031407
9,7,5092,Big Fat Liar (2002),0.21020095041868367
9,8,1547,Shiloh (1997),0.2071833425834339
9,9,2570,"Walk on the Moon, A (1999)",0.20045462365666594
9,10,27838,Mean Creek (2004),0.19863452710764304
10,1,202,Total Eclipse (1995),0.26322774315595254
10,2,1791,Twilight (1998),0.22698654231421686
10,3,2205,Mr. & Mrs. Smith (1941),0.22215348416563874
10,4,100083,Movie 43 (2013),0.217168138048827
10,5,1322,Amityville 1992: It's About Time (1992),0.21541636260202907
10,6,81512,Hereafter (2010),0.21100368407824616
10,7,91079,Like Crazy (2011),0.2103934193244774
10,8,4231,Someone Like You (2001),0.20780852188630125
10,9,104906,Austenland (2013),0.20465507893200896
10,10,55442,Persepolis (2007),0.2036026889678754
11,1,7215,To Have and Have Not (1944),0.2176159166407772
11,2,3389,Let's Get Harry (1986),0.2159842969585314
11,3,4626,Miracle Mile (1989),0.2115662149460235
11,4,74948,Harry Brown (2009),0.20120543528290388
11,5,26492,Twilight Zone: The Movie (1983),0.19955163151142083
11,6,27741,"Twilight Samurai, The (Tasogare Seibei) (2002)",0.19955163151142083
11,7,4234,"Tailor of Panama, The (2001)",0.19737405223694257
11,8,1701,Deconstructing Harry (1997),0.19690700461071553
11,9,91488,"Snowman, The (1982)",0.19321717810622752
11,10,60365,Frosty the Snowman (1969),0.19321717810622752
12,1,84847,Emma (2009),0.27235555756778623
12,2,26958,Emma (1996),0.27235555756778623
12,3,31694,Bride & Prejudice (2004),0.257180899002559
12,4,2900,Monkey Shines (1988),0.24262719926831938
12,5,58879,Shine a Light (2008),0.24262719926831938
12,6,7669,Pride and Prejudice (1995),0.23151789777482223
12,7,7579,Pride and Prejudice (1940),0.23151789777482223
12,8,4921,Little Women (1933),0.22954830653008085
12,9,7054,Little Women (1949),0.22954830653008085
12,10,166183,Junior and Karlson (1968),0.20957789878672217
13,1,6058,Final Destination 2 (2003),0.22274943886861304
13,2,3404,Titanic (1953),0.2177733694882972
13,3,4166,Series 7: The Contenders (2001),0.20564234799913558
13,4,26322,Gone in 60 Seconds (1974),0.20562067753440524
13,5,1237,"Seventh Seal, The (Sjunde inseglet, Det) (1957)",0.2053149966302726
13,6,2019,Seven Samurai (Shichinin no samurai) (1954),0.2053149966302726
13,7,6667,Waco: The Rules of Engagement (1997),0.19942571289771555
13,8,72591,"Patriot, The (1998)",0.198270523863807
13,9,8132,Gladiator (1992),0.19203832258876558
13,10,140956,Ready Player One,0.18829369291675618
14,1,26152,Batman (1966),0.22080114085690147
14,2,118880,"Girl Walks Home Alone at Night, A (2014)",0.21466734399666842
14,3,98160,Nature Calls (2012),0.18099841835971572
14,4,3565,Where the Heart Is (2000),0.17936140843539727
14,5,106642,"Day of the Doctor, The (2013)",0.17925544175617303
14,6,122922,Doctor Strange (2016),0.17925544175617303
14,7,2943,Indochine (1992),0.17925544175617303
14,8,166015,The African Doctor (2016),0.17925544175617303
14,9,33794,Batman Begins (2005),0.17741845120125427
14,10,4022,Cast Away (2000),0.17419943931224846
15,1,1831,Lost in Space (1998),0.2126930953742866
15,2,2046,Flight of the Navigator (1986),0.2116207048966824
15,3,169984,Alien: Covenant (2017),0.20632627365224332
15,4,89580,Neds (2010),0.19840898184282113
15,5,100083,Movie 43 (2013),0.1971680275776456
15,6,87306,Super 8 (2011),0.1949634605561631
15,7,44777,Evil Aliens (2005),0.19314947440318933
15,8,6835,Alien Contamination (1980),0.19314947440318933
15,9,1320,Alien³ (a.k.a. Alien 3) (1992),0.19314947440318933
15,10,33090,Mutant Aliens (2001),0.19314947440318933
16,1,2116,"Lord of the Rings, The (1978)",0.23122842160197257
16,2,5847,Ragtime (1981),0.20244256650565223
16,3,1237,"Seventh Seal, The (Sjunde inseglet, Det) (1957)",0.19517603380175738
16,4,134252,That Munchhausen (1979),0.19173640265965117
16,5,55442,Persepolis (2007),0.19032622600996577
16,6,2439,Affliction (1997),0.18598726407370222
16,7,6942,Love Actually (2003),0.18437248981136423
16,8,3017,Creepshow 2 (1987),0.1812908085942428
16,9,1210,Star Wars: Episode VI - Return of the Jedi (1983),0.17997737945696118
16,10,100083,Movie 43 (2013),0.17969045758459531
17,1,5847,Ragtime (1981),0.21523351824578218
17,2,2116,"Lord of the Rings, The (1978)",0.2148436339034932
17,3,26152,Batman (1966),0.21296876138453083
17,4,91529,"Dark Knight Rises, The (2012)",0.1995561006442394
17,5,89580,Neds (2010),0.19125714531109853
17,6,3017,Creepshow 2 (1987),0.18518786990654218
17,7,100083,Movie 43 (2013),0.18327379809569772
17,8,94405,Safe (2012),0.18304904863585555
17,9,190,Safe (1995),0.18304904863585555
17,10,127319,The Loft (2014),0.18281501926405264
18,1,100083,Movie 43 (2013),0.24159275599870408
18,2,5847,Ragtime (1981),0.2353294043910635
18,3,55442,Persepolis (2007),0.23072710040486608
18,4,6942,Love Actually (2003),0.21891551632424763
18,5,2439,Affliction (1997),0.2143153247405607
18,6,89580,Neds (2010),0.21210527464515028
18,7,4409,Shadows and Fog (1991),0.2101187681032411
18,8,69849,Roots (1977),0.2086955412152397
18,9,60365,Frosty the Snowman (1969),0.20575477517504343
18,10,91488,"Snowman, The (1982)",0.20575477517504343
19,1,100083,Movie 43 (2013),0.27527923127298765
19,2,55442,Persepolis (2007),0.24358232746510208
19,3,6942,Love Actually (2003),0.2402619671678637
19,4,5847,Ragtime (1981),0.23715734774169867
19,5,89580,Neds (2010),0.23198726110432952
19,6,2439,Affliction (1997),0.2265076117816851
19,7,134252,That Munchhausen (1979),0.22403444684701668
19,8,96815,V/H/S (2012),0.22277605679299034
19,9,4409,Shadows and Fog (1991),0.22015995144642111
19,10,276,Milk Money (1994),0.21812421685730907
20,1,100083,Movie 43 (2013),0.23568931853675662
20,2,55442,Persepolis (2007),0.22589833488512942
20,3,6942,Love Actually (2003),0.2210032846096035
20,4,5847,Ragtime (1981),0.2171217112118898
20,5,2439,Affliction (1997),0.21197945878932112
20,6,69849,Roots (1977),0.20897999230238182
20,7,2057,"Incredible Journey, The (1963)",0.20392365760057138
20,8,86898,"Tree of Life, The (2011)",0.20263164137395426
20,9,3017,Creepshow 2 (1987),0.19950505915559885
20,10,25757,"Jazz Singer, The (1927)",0.19698785844609576
21,1,100083,Movie 43 (2013),0.2369761301127879
21,2,55442,Persepolis (2007),0.21037533163605474
21,3,26681,Bullet in the Head (1990),0.20687923179248108
21,4,5847,Ragtime (1981),0.20452570637134185
21,5,3684,"Fabulous Baker Boys, The (1989)",0.20104459536244487
21,6,86898,"Tree of Life, The (2011)",0.19911561253746557
21,7,54185,Manufactured Landscapes (2006),0.19911044316535226
21,8,5498,Red Beard (Akahige) (1965),0.19911044316535226
21,9,103366,Redemption (Hummingbird) (2013),0.19911044316535226
21,10,7115,Deep Red (Profondo rosso) (1975),0.19911044316535226
22,1,100083,Movie 43 (2013),0.22346920916017327
22,2,55442,Persepolis (2007),0.21354429301304817
22,3,25757,"Jazz Singer, The (1927)",0.21184276349467399
22,4,5847,Ragtime (1981),0.20821991175621604
22,5,4409,Shadows and Fog (1991),0.20772615461558272
22,6,276,Milk Money (1994),0.20675826472449577
22,7,86898,"Tree of Life, The (2011)",0.20527920577348593
22,8,6942,Love Actually (2003),0.2044597321860594
22,9,201,Three Wishes (1995),0.20353244412094884
22,10,3160,Magnolia (1999),0.19708584225883674
23,1,55442,Persepolis (2007),0.21537002141325967
23,2,134252,That Munchhausen (1979),0.21463684226942065
23,3,5847,Ragtime (1981),0.2088881898622636
23,4,100083,Movie 43 (2013),0.1962775377335545
23,5,2439,Affliction (1997),0.191431067759084
23,6,69849,Roots (1977),0.19070088618574124
23,7,78041,Killers (2010),0.19037025925176054
23,8,1312,Female Perversions (1996),0.18872947538103624
23,9,4252,"Circle, The (Dayereh) (2000)",0.18827859707419414
23,10,6422,Shenandoah (1965),0.18819952425803482
24,1,5459,Men in Black II (a.k.a. MIIB) (a.k.a. MIB 2) (2002),0.25383792681171846
24,2,100083,Movie 43 (2013),0.21055037156146636
24,3,87306,Super 8 (2011),0.2046125722011295
24,4,55442,Persepolis (2007),0.20440574786182839
24,5,134252,That Munchhausen (1979),0.20311223551676155
24,6,5796,Casino Royale (1967),0.19702212620153592
24,7,2205,Mr. & Mrs. Smith (1941),0.1911843883019099
24,8,4409,Shadows and Fog (1991),0.18941121439226405
24,9,89580,Neds (2010),0.18905153830892488
24,10,89305,"Inbetweeners Movie, The (2011)",0.18769875212115134
25,1,2116,"Lord of the Rings, The (1978)",0.4324364149010116
25,2,26152,Batman (1966),0.23909983882081248
25,3,592,Batman (1989),0.23909983882081248
25,4,167746,The Lego Batman Movie (2017),0.20877053872751497
25,5,993,Infinity (1996),0.20148959451872583
25,6,167296,Iron Man (1931),0.19918295107867662
25,7,499,Mr. Wonderful (1993),0.19461315414049052
25,8,8132,Gladiator (1992),0.19326938513381114
25,9,3213,Batman: Mask of the Phantasm (1993),0.19140937784456388
25,10,7566,28 Up (1985),0.18946485161615526
26,1,26152,Batman (1966),0.3374573389188605
26,2,33794,Batman Begins (2005),0.24153442071927708
26,3,1237,"Seventh Seal, The (Sjunde inseglet, Det) (1957)",0.23794580102368693
26,4,2019,Seven Samurai (Shichinin no samurai) (1954),0.23794580102368693
26,5,58559,"Dark Knight, The (2008)",0.23491825105766193
26,6,91529,"Dark Knight Rises, The (2012)",0.23491825105766193
26,7,167746,The Lego Batman Movie (2017),0.2318488008307272
26,8,3213,Batman: Mask of the Phantasm (1993),0.2289513820628807
26,9,55854,"Fugitive, The (1947)",0.22891984029010615
26,10,4148,Hannibal (2001),0.1818718155584091
27,1,87306,Super 8 (2011),0.20061213514705423
27,2,86898,"Tree of Life, The (2011)",0.19909457490373816
27,3,4643,Planet of the Apes (2001),0.19809560114562894
27,4,5459,Men in Black II (a.k.a. MIIB) (a.k.a. MIB 2) (2002),0.19805076960345921
27,5,94777,Men in Black III (M.III.B.) (M.I.B.³) (2012),0.19805076960345921
27,6,1831,Lost in Space (1998),0.1974152126889497
27,7,100083,Movie 43 (2013),0.1967610822145352
27,8,55442,Persepolis (2007),0.19546057944420356
27,9,1211,"Wings of Desire (Himmel über Berlin, Der) (1987)",0.19516912625699362
27,10,163925,"Wings, Legs and Tails (1986)",0.19516912625699362
28,1,100083,Movie 43 (2013),0.2535523992184374
28,2,55442,Persepolis (2007),0.25279966735313925
28,3,5847,Ragtime (1981),0.24074552784381095
28,4,89580,Neds (2010),0.23212453092981775
28,5,2439,Affliction (1997),0.22689389835677798
28,6,69849,Roots (1977),0.22072537311362658
28,7,4409,Shadows and Fog (1991),0.2194490543008582
28,8,86898,"Tree of Life, The (2011)",0.21898297289404087
28,9,3030,Yojimbo (1961),0.21420464726166982
28,10,6422,Shenandoah (1965),0.212793791083822
29,1,330,Tales from the Hood (1995),0.32873930746235086
29,2,4325,"Night, The (Notte, La) (1960)",0.32873930746235086
29,3,6283,Cowboy Bebop: The Movie (Cowboy Bebop: Tengoku no Tobira) (2001),0.32873930746235086
29,4,127204,The Overnight (2015),0.32873930746235086
29,5,74226,"Dream of Light (a.k.a. Quince Tree Sun, The) (Sol del membrillo, El) (1992)",0.32873930746235086
29,6,8035,"Stendhal Syndrome, The (Sindrome di Stendhal, La) (1996)",0.32873930746235086
29,7,7243,Intolerance: Love's Struggle Throughout the Ages (1916),0.32873930746235086
29,8,58376,Zeitgeist: The Movie (2007),0.32873930746235086
29,9,171251,"Nobody Speak: Hulk Hogan, Gawker and Trials of a Free Press (2017)",0.32873930746235086
29,10,79677,"Two Escobars, The (2010)",0.32873930746235086
30,1,2116,"Lord of the Rings, The (1978)",0.3620814032794928
30,2,592,Batman (1989),0.26079988341810184
30,3,26152,Batman (1966),0.26079988341810184
30,4,167746,The Lego Batman Movie (2017),0.22019935159290985
30,5,153,Batman Forever (1995),0.21845620041539185
30,6,1276,Cool Hand Luke (1967),0.21616509333021053
30,7,3213,Batman: Mask of the Phantasm (1993),0.2133019480971777
30,8,179819,Star Wars: The Last Jedi (2017),0.20298777562444278
30,9,110553,The Amazing Spider-Man 2 (2014),0.19263532640525274
30,10,5051,Italian for Beginners (Italiensk for begyndere) (2000),0.18897144942514266
31,1,44777,Evil Aliens (2005),0.23515738627393276
31,2,6835,Alien Contamination (1980),0.23515738627393276
31,3,1320,Alien³ (a.k.a. Alien 3) (1992),0.23515738627393276
31,4,33090,Mutant Aliens (2001),0.23515738627393276
31,5,5051,Italian for Beginners (Italiensk for begyndere) (2000),0.22448940334902903
31,6,100498,"Good Day to Die Hard, A (2013)",0.2192588315404762
31,7,1370,Die Hard 2 (1990),0.19663973638946003
31,8,73676,Robin-B-Hood (Bo bui gai wak) (2006),0.1854701990379781
31,9,7781,Twister (1990),0.17982635368045438
31,10,87306,Super 8 (2011),0.1761473706238631
32,1,100083,Movie 43 (2013),0.2209328833628376
32,2,55442,Persepolis (2007),0.21323546794461443
32,3,89580,Neds (2010),0.19828242694638243
32,4,118082,The Voices (2014),0.19101923945019544
32,5,5847,Ragtime (1981),0.1877518376317395
32,6,25887,Tales of Manhattan (1942),0.18563198617349108
32,7,4409,Shadows and Fog (1991),0.18349041225429846
32,8,3708,Firestarter (1984),0.18292304177427257
32,9,2439,Affliction (1997),0.1822423729925819
32,10,4453,Michael Jordan to the Max (2000),0.18159572914123476
33,1,55442,Persepolis (2007),0.24074733402013254
33,2,100083,Movie 43 (2013),0.2191668266889231
33,3,5847,Ragtime (1981),0.2146351572645772
33,4,89580,Neds (2010),0.21395165946407915
33,5,2439,Affliction (1997),0.21341102216337365
33,6,25757,"Jazz Singer, The (1927)",0.21243237281084354
33,7,4857,Fiddler on the Roof (1971),0.21106524955438635
33,8,6942,Love Actually (2003),0.207917154037008
33,9,69849,Roots (1977),0.20590332288776242
33,10,193573,Love Live! The School Idol Movie (2015),0.2037358194915188
34,1,94777,Men in Black III (M.III.B.) (M.I.B.³) (2012),0.2675152089468954
34,2,100083,Movie 43 (2013),0.19487196285049832
34,3,122926,Untitled Spider-Man Reboot (2017),0.1929449394020775
34,4,6365,"Matrix Reloaded, The (2003)",0.1923714822411366
34,5,104925,"Family, The (2013)",0.18928858715157806
34,6,4023,"Family Man, The (2000)",0.18928858715157806
34,7,3037,Little Big Man (1970),0.18711804170379426
34,8,521,Romeo Is Bleeding (1993),0.18626278028042678
34,9,25757,"Jazz Singer, The (1927)",0.18430540297383535
34,10,8043,Jack the Bear (1993),0.18318539053337632
35,1,7054,Little Women (1949),0.2543310408382818
35,2,4921,Little Women (1933),0.2543310408382818
35,3,26152,Batman (1966),0.23471200504857542
35,4,168366,Beauty and the Beast (2017),0.22464329140870506
35,5,42728,Tristan & Isolde (2006),0.18682625212511383
35,6,2272,One True Thing (1998),0.18430490421472295
35,7,104925,"Family, The (2013)",0.17655954135860216
35,8,4023,"Family Man, The (2000)",0.17655954135860216
35,9,33794,Batman Begins (2005),0.17579784953919275
35,10,5603,"Lavender Hill Mob, The (1951)",0.1648408785117258
36,1,73876,Undisputed II: Last Man Standing (2006),0.24469887922575392
36,2,8094,Bad Day at Black Rock (1955),0.20681469960223853
36,3,3959,"Time Machine, The (1960)",0.20542667808538473
36,4,69849,Roots (1977),0.19503708821705484
36,5,5847,Ragtime (1981),0.17859202363568377
36,6,5278,Fraternity Vacation (1985),0.17777044217655918
36,7,78041,Killers (2010),0.1773334849124818
36,8,7492,Martin (1977),0.17668824307432587
36,9,5513,Martin Lawrence Live: Runteldat (2002),0.17668824307432587
36,10,43836,"Pink Panther, The (2006)",0.1746841773495394
37,1,26152,Batman (1966),0.3302609257992984
37,2,33794,Batman Begins (2005),0.2798042184109219
37,3,167746,The Lego Batman Movie (2017),0.23200872163522426
37,4,55854,"Fugitive, The (1947)",0.2300796193412131
37,5,58559,"Dark Knight, The (2008)",0.22965282395269968
37,6,91529,"Dark Knight Rises, The (2012)",0.22965282395269968
37,7,3213,Batman: Mask of the Phantasm (1993),0.22441717819563023
37,8,30793,Charlie and the Chocolate Factory (2005),0.2078274606999573
37,9,4234,"Tailor of Panama, The (2001)",0.19220399043327452
37,10,3196,Stalag 17 (1953),0.18688563863314922
38,1,4023,"Family Man, The (2000)",0.20096343762673413
38,2,104925,"Family, The (2013)",0.20096343762673413
38,3,100083,Movie 43 (2013),0.19693218548253583
38,4,6942,Love Actually (2003),0.19690342167979014
38,5,118880,"Girl Walks Home Alone at Night, A (2014)",0.19123210609921443
38,6,86898,"Tree of Life, The (2011)",0.18763301545317357
38,7,3037,Little Big Man (1970),0.186935288644142
38,8,55442,Persepolis (2007),0.18432083173548677
38,9,25757,"Jazz Singer, The (1927)",0.18094376573218895
38,10,2439,Affliction (1997),0.18092393819506924
39,1,33090,Mutant Aliens (2001),0.21510311791420064
39,2,44777,Evil Aliens (2005),0.21510311791420064
39,3,1320,Alien³ (a.k.a. Alien 3) (1992),0.21510311791420064
39,4,6835,Alien Contamination (1980),0.21510311791420064
39,5,87306,Super 8 (2011),0.19459724552552465
39,6,100083,Movie 43 (2013),0.1922962472496855
39,7,92046,Contact High (2009),0.18961810297944004
39,8,55276,Michael Clayton (2007),0.18931007164820648
39,9,55442,Persepolis (2007),0.18921707937215265
39,10,127319,The Loft (2014),0.18707896092813658
40,1,4488,Colors (1988),0.2763974133034895
40,2,55442,Persepolis (2007),0.20386055841385758
40,3,100083,Movie 43 (2013),0.200266412757247
40,4,5847,Ragtime (1981),0.19016367274422236
40,5,86898,"Tree of Life, The (2011)",0.1890820885555808
40,6,3037,Little Big Man (1970),0.18814203898227266
40,7,2439,Affliction (1997),0.1872122644197655
40,8,4023,"Family Man, The (2000)",0.18611285640065034
40,9,104925,"Family, The (2013)",0.18611285640065034
40,10,6942,Love Actually (2003),0.18384608989451592
41,1,100083,Movie 43 (2013),0.2507335674856353
41,2,55442,Persepolis (2007),0.23373570566778445
41,3,5847,Ragtime (1981),0.22069334961174403
41,4,6942,Love Actually (2003),0.2199737924326469
41,5,5969,My Girl 2 (1994),0.21996743078144035
41,6,2439,Affliction (1997),0.21329754124131708
41,7,89580,Neds (2010),0.21274457422841414
41,8,4626,Miracle Mile (1989),0.20805506688184755
41,9,3684,"Fabulous Baker Boys, The (1989)",0.20769571271275367
41,10,4857,Fiddler on the Roof (1971),0.2076269318311886
42,1,100083,Movie 43 (2013),0.2689446813206363
42,2,55442,Persepolis (2007),0.24212808444099188
42,3,5847,Ragtime (1981),0.22842413604112088
42,4,89580,Neds (2010),0.22549185725660767
42,5,7925,"Hidden Fortress, The (Kakushi-toride no san-akunin) (1958)",0.22249866962214374
42,6,69849,Roots (1977),0.22074593088131012
42,7,4409,Shadows and Fog (1991),0.21947450496290652
42,8,6942,Love Actually (2003),0.21786637220636046
42,9,193573,Love Live! The School Idol Movie (2015),0.21249653260868548
42,10,30846,"Assassination of Richard Nixon, The (2004)",0.20937427361012453
43,1,100083,Movie 43 (2013),0.20833688649276688
43,2,55442,Persepolis (2007),0.20296336579946428
43,3,6942,Love Actually (2003),0.2024924071283802
43,4,69849,Roots (1977),0.20246189653648147
43,5,5847,Ragtime (1981),0.20181843164644447
43,6,89580,Neds (2010),0.1983148941304167
43,7,3708,Firestarter (1984),0.19799980782012702
43,8,2439,Affliction (1997),0.19569264577302045
43,9,6422,Shenandoah (1965),0.19167150968073962
43,10,1230,Annie Hall (1977),0.19155675072480832
44,1,1196,Star Wars: Episode V - The Empire Strikes Back (1980),0.2069087059518205
44,2,7781,Twister (1990),0.18928400156928402
44,3,189333,Mission: Impossible - Fallout (2018),0.18649654788286013
44,4,111781,Mission: Impossible - Rogue Nation (2015),0.18649654788286013
44,5,1276,Cool Hand Luke (1967),0.1757209248103734
44,6,881,First Kid (1996),0.17377505169401722
44,7,54121,Broken Arrow (1950),0.17344861753413637
44,8,8987,Bush's Brain (2004),0.16890328495946524
44,9,214,Before the Rain (Pred dozhdot) (1994),0.16890328495946524
44,10,74696,Last Train Home (2009),0.16890328495946524
45,1,100083,Movie 43 (2013),0.25840346555865334
45,2,55442,Persepolis (2007),0.23906142388932067
45,3,6942,Love Actually (2003),0.22627259419868895
45,4,5847,Ragtime (1981),0.2205195605868552
45,5,276,Milk Money (1994),0.217093868302185
45,6,69849,Roots (1977),0.2169548615389384
45,7,149350,Lumberjack Man (2015),0.21679953729519738
45,8,181065,Jack Whitehall: At Large (2017),0.21679953729519738
45,9,48322,Jackass Number Two (2006),0.21679953729519738
45,10,152173,Michael Jackson's Thriller (1983),0.21679953729519738
46,1,26152,Batman (1966),0.24367170224529994
46,2,33794,Batman Begins (2005),0.22630000326710437
46,3,95624,"Firm, The (2009)",0.2250043844524364
46,4,3213,Batman: Mask of the Phantasm (1993),0.1794615779158772
46,5,167746,The Lego Batman Movie (2017),0.17912469878587234
46,6,3114,Toy Story 2 (1999),0.1763208352526043
46,7,55805,Before the Devil Knows You're Dead (2007),0.17491866593014527
46,8,58559,"Dark Knight, The (2008)",0.1715697250734952
46,9,91529,"Dark Knight Rises, The (2012)",0.1715697250734952
46,10,168366,Beauty and the Beast (2017),0.1660065558196085
47,1,100083,Movie 43 (2013),0.24174332206999508
47,2,55442,Persepolis (2007),0.2324160788311783
47,3,5969,My Girl 2 (1994),0.22444248812061918
47,4,89580,Neds (2010),0.22174904181676944
47,5,4581,Dad (1989),0.21930709485827218
47,6,126577,"Daddy, I'm A Zombie (2012)",0.21930709485827218
47,7,2439,Affliction (1997),0.21607022484588584
47,8,3536,Keeping the Faith (2000),0.2106019750471076
47,9,5847,Ragtime (1981),0.21057618613552945
47,10,193573,Love Live! The School Idol Movie (2015),0.2105403897676258
48,1,33090,Mutant Aliens (2001),0.3061482548896109
48,2,6835,Alien Contamination (1980),0.3061482548896109
48,3,1214,Alien (1979),0.3061482548896109
48,4,44777,Evil Aliens (2005),0.3061482548896109
48,5,122926,Untitled Spider-Man Reboot (2017),0.28760954836634933
48,6,92046,Contact High (2009),0.25582651438850534
48,7,94777,Men in Black III (M.III.B.) (M.I.B.³) (2012),0.25558297281347003
48,8,5459,Men in Black II (a.k.a. MIIB) (a.k.a. MIB 2) (2002),0.25558297281347003
48,9,4342,Big Eden (2000),0.22757853579349158
48,10,8743,Biggles (1986),0.22757853579349158
49,1,1320,Alien³ (a.k.a. Alien 3) (1992),0.35269661214278253
49,2,33090,Mutant Aliens (2001),0.35269661214278253
49,3,6835,Alien Contamination (1980),0.35269661214278253
49,4,44777,Evil Aliens (2005),0.35269661214278253
49,5,5051,Italian for Beginners (Italiensk for begyndere) (2000),0.34722008157567663
49,6,172547,Despicable Me 3 (2017),0.33978772201951923
49,7,117922,Ice Age: A Mammoth Christmas (2011),0.2318318823652694
49,8,156025,Ice Age: The Great Egg-Scapade (2016),0.2318318823652694
49,9,91947,"Revenant, The (2009)",0.2261138939179402
49,10,1690,Alien: Resurrection (1997),0.21733903933098053
50,1,74510,"Girl Who Played with Fire, The (Flickan som lekte med elden) (2009)",0.30070977696435336
50,2,60885,"Zone, The (La Zona) (2007)",0.30070977696435336
50,3,3412,"Bear, The (Ours, L') (1988)",0.30070977696435336
50,4,4380,"Princess and the Warrior, The (Krieger und die Kaiserin, Der) (2000)",0.30070977696435336
50,5,61011,"Walker, The (2007)",0.30070977696435336
50,6,60291,Gonzo: The Life and Work of Dr. Hunter S. Thompson (2008),0.30070977696435336
50,7,8582,Manufacturing Consent: Noam Chomsky and the Media (1992),0.30070977696435336
50,8,8620,"Exterminating Angel, The (Ángel exterminador, El) (1962)",0.30070977696435336
50,9,92309,"Innkeepers, The (2011)",0.30070977696435336
50,10,26554,"Quiet Earth, The (1985)",0.30070977696435336
51,1,100083,Movie 43 (2013),0.25843679755516485
51,2,55442,Persepolis (2007),0.23903222770162355
51,3,25757,"Jazz Singer, The (1927)",0.2324826316345547
51,4,87306,Super 8 (2011),0.22999458290912164
51,5,86898,"Tree of Life, The (2011)",0.22735340066301046
51,6,134252,That Munchhausen (1979),0.22501129033008582
51,7,6942,Love Actually (2003),0.22380475454987522
51,8,5847,Ragtime (1981),0.2236428239865184
51,9,69849,Roots (1977),0.2209404880643583
51,10,2439,Affliction (1997),0.22001076797425156
52,1,26614,"Bourne Identity, The (1988)",0.2055121136482455
52,2,55442,Persepolis (2007),0.20222484170964475
52,3,100083,Movie 43 (2013),0.1993419163367797
52,4,5847,Ragtime (1981),0.19375083633007176
52,5,5796,Casino Royale (1967),0.1912883690651208
52,6,25850,Holiday (1938),0.18337557020141138
52,7,160565,The Purge: Election Year (2016),0.17906245911641208
52,8,1276,Cool Hand Luke (1967),0.1773835731958574
52,9,3030,Yojimbo (1961),0.17736952124085625
52,10,2947,Goldfinger (1964),0.1762920318044859
53,1,54785,Halloween (2007),0.25298777234874525
53,2,164179,Arrival (2016),0.2512848067667262
53,3,1952,Midnight Cowboy (1969),0.23055674423484784
53,4,134252,That Munchhausen (1979),0.2170079567500318
53,5,6143,Trail of the Pink Panther (1982),0.21562381563855876
53,6,125974,Halloweentown High (2004),0.2109412382280457
53,7,2107,Halloween H20: 20 Years Later (Halloween 7: The Revenge of Laurie Strode) (1998),0.2109412382280457
53,8,5127,Dragonfly (2002),0.20762972799460933
53,9,7007,"Last Boy Scout, The (1991)",0.20738506018151334
53,10,70994,Halloween II (2009),0.20728904413958224
54,1,6371,Pokémon Heroes (2003),0.24412174768989178
54,2,6583,"Blood of Heroes, The (Salute of the Jugger, The) (1989)",0.24412174768989178
54,3,95624,"Firm, The (2009)",0.20372584337012686
54,4,26152,Batman (1966),0.20193953516674742
54,5,45720,"Devil Wears Prada, The (2006)",0.1997391207546097
54,6,3037,Little Big Man (1970),0.1991002334825528
54,7,96432,Lawless (2012),0.19801204345949466
54,8,3114,Toy Story 2 (1999),0.1929352939792313
54,9,39183,Brokeback Mountain (2005),0.19223136368327004
54,10,109723,"Bag Man, The (2014)",0.18922040098041654
55,1,2900,Monkey Shines (1988),0.26113243076427956
55,2,58879,Shine a Light (2008),0.26113243076427956
55,3,2764,"Thomas Crown Affair, The (1968)",0.25544364271328424
55,4,3889,Highlander: Endgame (Highlander IV) (2000),0.21854795782884745
55,5,1483,Crash (1996),0.2142787643804296
55,6,1321,"American Werewolf in London, An (1981)",0.19757476378004768
55,7,161131,War Dogs (2016),0.19585624027093076
55,8,5333,Bob le Flambeur (1955),0.19224933622759166
55,9,8665,"Bourne Supremacy, The (2004)",0.19083996382757037
55,10,5464,Road to Perdition (2002),0.1890092309114292
56,1,26152,Batman (1966),0.2347853325486213
56,2,33794,Batman Begins (2005),0.21467485836784808
56,3,98160,Nature Calls (2012),0.1891755260993728
56,4,95624,"Firm, The (2009)",0.1891054913165033
56,5,65601,My Bloody Valentine 3-D (2009),0.18757936183346025
56,6,5804,"Santa Clause 2, The (2002)",0.1773343045126033
56,7,5786,Paid in Full (2002),0.17579482727852527
56,8,3213,Batman: Mask of the Phantasm (1993),0.17146269497833316
56,9,3433,Death Wish 4: The Crackdown (1987),0.1704491794287664
56,10,167746,The Lego Batman Movie (2017),0.1687464140767508
57,1,100083,Movie 43 (2013),0.25050662222745457
57,2,55442,Persepolis (2007),0.23480057568980253
57,3,5847,Ragtime (1981),0.2252626778473164
57,4,86898,"Tree of Life, The (2011)",0.22089758234917417
57,5,87306,Super 8 (2011),0.21822398587896158
57,6,2439,Affliction (1997),0.21433315350318108
57,7,25757,"Jazz Singer, The (1927)",0.21301962194110258
57,8,3037,Little Big Man (1970),0.20917811630290156
57,9,69849,Roots (1977),0.20878860152264345
57,10,2991,Live and Let Die (1973),0.20859059084432352
58,1,201,Three Wishes (1995),0.22814132685103694
58,2,4023,"Family Man, The (2000)",0.22562332668257742
58,3,104925,"Family, The (2013)",0.22562332668257742
58,4,100083,Movie 43 (2013),0.21881250226837706
58,5,86898,"Tree of Life, The (2011)",0.21743832292683754
58,6,3037,Little Big Man (1970),0.2132065400166368
58,7,25757,"Jazz Singer, The (1927)",0.21111302651741307
58,8,4462,18 Again! (1988),0.21101047907660916
58,9,6942,Love Actually (2003),0.21022584511799186
58,10,55442,Persepolis (2007),0.20782945338149783
59,1,178615,Front Cover (2016),0.22126033100213777
59,2,55442,Persepolis (2007),0.20670603508218463
59,3,5847,Ragtime (1981),0.20285689785879624
59,4,89580,Neds (2010),0.2021999779189364
59,5,96518,Prime Suspect 6: The Last Witness (2003),0.199132364929378
59,6,5108,John Q (2002),0.19478659880113247
59,7,1382,Marked for Death (1990),0.19461816169389964
59,8,7925,"Hidden Fortress, The (Kakushi-toride no san-akunin) (1958)",0.19392639349639962
59,9,100083,Movie 43 (2013),0.18807157368356336
59,10,4339,Von Ryan's Express (1965),0.18769857262366843
60,1,2078,"Jungle Book, The (1967)",0.23652296560443758
60,2,7079,"Hunchback of Notre Dame, The (1939)",0.2223135872872914
60,3,25746,"Hunchback of Notre Dame, The (1923)",0.2223135872872914
60,4,48741,"U.S. vs. John Lennon, The (2006)",0.2104640998265181
60,5,1190,Tie Me Up! Tie Me Down! (¡Átame!) (1990),0.2104640998265181
60,6,8954,Lightning in a Bottle (2004),0.2104640998265181
60,7,134158,Return to Sender (2015),0.2104640998265181
60,8,26366,Harlan County U.S.A. (1976),0.2104640998265181
60,9,149330,A Cosmic Christmas (1977),0.2104640998265181
60,10,7587,"Samouraï, Le (Godson, The) (1967)",0.2104640998265181
61,1,2116,"Lord of the Rings, The (1978)",0.3387138877534653
61,2,58376,Zeitgeist: The Movie (2007),0.27040134912335234
61,3,26554,"Quiet Earth, The (1985)",0.27040134912335234
61,4,617,"Flower of My Secret, The (La flor de mi secreto) (1995)",0.27040134912335234
61,5,4380,"Princess and the Warrior, The (Krieger und die Kaiserin, Der) (2000)",0.27040134912335234
61,6,1652,Year of the Horse (1997),0.27040134912335234
61,7,4399,"Diary of a Chambermaid (Journal d'une femme de chambre, Le) (1964)",0.27040134912335234
61,8,117545,Asterix: The Land of the Gods (Astérix: Le domaine des dieux) (2014),0.27040134912335234
61,9,113374,"Old Lady and the Pigeons, The (La vieille dame et les pigeons) (1997)",0.27040134912335234
61,10,26701,Patlabor: The Movie (Kidô keisatsu patorebâ: The Movie) (1989),0.27040134912335234
62,1,100083,Movie 43 (2013),0.23873040793558867
62,2,55442,Persepolis (2007),0.2322730403392964
62,3,5847,Ragtime (1981),0.22247159969717675
62,4,2439,Affliction (1997),0.2141542041343316
62,5,6942,Love Actually (2003),0.21289752524245967
62,6,6422,Shenandoah (1965),0.2114845968568488
62,7,89580,Neds (2010),0.2081255644135967
62,8,91488,"Snowman, The (1982)",0.20310564258016922
62,9,60365,Frosty the Snowman (1969),0.20310564258016922
62,10,86898,"Tree of Life, The (2011)",0.2027288256575495
63,1,100083,Movie 43 (2013),0.22893097305144722
63,2,5847,Ragtime (1981),0.22156101999385164
63,3,55442,Persepolis (2007),0.2202774467451651
63,4,86898,"Tree of Life, The (2011)",0.20519918180281999
63,5,2439,Affliction (1997),0.20274308424301085
63,6,25757,"Jazz Singer, The (1927)",0.19768459032754598
63,7,4409,Shadows and Fog (1991),0.19733030558226147
63,8,78041,Killers (2010),0.19619298402217852
63,9,842,Tales from the Crypt Presents: Bordello of Blood (1996),0.19539056105472488
63,10,4626,Miracle Mile (1989),0.19423596676629182
64,1,100083,Movie 43 (2013),0.2648696163849278
64,2,89580,Neds (2010),0.24835518026457776
64,3,55442,Persepolis (2007),0.24608660558747594
64,4,6942,Love Actually (2003),0.24221310149339254
64,5,5847,Ragtime (1981),0.23887475802240055
64,6,4409,Shadows and Fog (1991),0.22913039507425156
64,7,86898,"Tree of Life, The (2011)",0.22849378721662794
64,8,2439,Affliction (1997),0.22489500123411382
64,9,276,Milk Money (1994),0.2248007705694509
64,10,104925,"Family, The (2013)",0.22378484437759888
65,1,2116,"Lord of the Rings, The (1978)",0.2967591610382423
65,2,5952,"Lord of the Rings: The Two Towers, The (2002)",0.2725162650708547
65,3,91529,"Dark Knight Rises, The (2012)",0.20090004536840095
65,4,187593,Deadpool 2 (2018),0.1863683870088118
65,5,100498,"Good Day to Die Hard, A (2013)",0.18334724200862246
65,6,3256,Patriot Games (1992),0.176157099083724
65,7,8773,Sherlock Holmes and the Secret Weapon (1942),0.16853874482693848
65,8,89580,Neds (2010),0.16549206309265593
65,9,1382,Marked for Death (1990),0.15686706659423302
65,10,1944,From Here to Eternity (1953),0.1564921413415087
66,1,100083,Movie 43 (2013),0.26107030448477614
66,2,55442,Persepolis (2007),0.24472813895002485
66,3,5847,Ragtime (1981),0.22811235697058949
66,4,89580,Neds (2010),0.22665521121074464
66,5,2439,Affliction (1997),0.22508797765763836
66,6,6942,Love Actually (2003),0.22437604946724918
66,7,86898,"Tree of Life, The (2011)",0.21750910593301728
66,8,3684,"Fabulous Baker Boys, The (1989)",0.21623568729754214
66,9,276,Milk Money (1994),0.21409142184963526
66,10,134252,That Munchhausen (1979),0.21361225771716
67,1,2116,"Lord of the Rings, The (1978)",0.36913279093244306
67,2,54908,Taxi 4 (2007),0.3269100410540879
67,3,5459,Men in Black II (a.k.a. MIIB) (a.k.a. MIB 2) (2002),0.22715746931635347
67,4,94777,Men in Black III (M.III.B.) (M.I.B.³) (2012),0.22715746931635347
67,5,8912,Taxi (2004),0.2077564856028382
67,6,26614,"Bourne Identity, The (1988)",0.19377873487731748
67,7,100498,"Good Day to Die Hard, A (2013)",0.17831401879151942
67,8,6365,"Matrix Reloaded, The (2003)",0.1771513562907388
67,9,102666,Ivan Vasilievich: Back to the Future (Ivan Vasilievich menyaet professiyu) (1973),0.17257910806513707
67,10,106489,"Hobbit: The Desolation of Smaug, The (2013)",0.16288355739700403
68,1,100083,Movie 43 (2013),0.2757163324667631
68,2,55442,Persepolis (2007),0.2565990335256417
68,3,5847,Ragtime (1981),0.24243501999517952
68,4,69849,Roots (1977),0.23531277340432036
68,5,89580,Neds (2010),0.23264103007601258
68,6,2439,Affliction (1997),0.2303910011557228
68,7,4409,Shadows and Fog (1991),0.22729298178636345
68,8,86898,"Tree of Life, The (2011)",0.22655008204088217
68,9,96815,V/H/S (2012),0.22464995476598337
68,10,193573,Love Live! The School Idol Movie (2015),0.22426848282028572
69,1,33493,Star Wars: Episode III - Revenge of the Sith (2005),0.23241890347322214
69,2,1321,"American Werewolf in London, An (1981)",0.2322449605938549
69,3,4462,18 Again! (1988),0.22531124306619726
69,4,113862,"Guest, The (2014)",0.22363708454866676
69,5,5459,Men in Black II (a.k.a. MIIB) (a.k.a. MIB 2) (2002),0.21816537740661582
69,6,94777,Men in Black III (M.III.B.) (M.I.B.³) (2012),0.21816537740661582
69,7,1211,"Wings of Desire (Himmel über Berlin, Der) (1987)",0.21656136135132775
69,8,7349,Broken Wings (Knafayim Shvurot) (2002),0.21656136135132775
69,9,72714,Earthlings (2006),0.21656136135132775
69,10,163925,"Wings, Legs and Tails (1986)",0.21656136135132775
70,1,87834,My Life as McDull (Mak dau goo si) (2001),0.21821590684867623
70,2,1734,My Life in Pink (Ma vie en rose) (1997),0.21821590684867623
70,3,3502,My Life (1993),0.21821590684867623
70,4,55442,Persepolis (2007),0.20858595314286177
70,5,100083,Movie 43 (2013),0.1986844643710213
70,6,89580,Neds (2010),0.1913866162555961
70,7,2439,Affliction (1997),0.19034991459136846
70,8,6942,Love Actually (2003),0.1852922056496892
70,9,86898,"Tree of Life, The (2011)",0.1848915150985128
70,10,25757,"Jazz Singer, The (1927)",0.1841267908351455
71,1,100498,"Good Day to Die Hard, A (2013)",0.34180639398676543
71,2,53972,Live Free or Die Hard (2007),0.2355679595013319
71,3,1196,Star Wars: Episode V - The Empire Strikes Back (1980),0.23508816432269802
71,4,7781,Twister (1990),0.20296838235200518
71,5,111781,Mission: Impossible - Rogue Nation (2015),0.19870410745225506
71,6,189333,Mission: Impossible - Fallout (2018),0.19870410745225506
71,7,54121,Broken Arrow (1950),0.19838161355262843
71,8,1276,Cool Hand Luke (1967),0.18212616645317886
71,9,881,First Kid (1996),0.17402537441645358
71,10,915,Sabrina (1954),0.17278947853323837
72,1,1276,Cool Hand Luke (1967),0.2263523826715435
72,2,113862,"Guest, The (2014)",0.2131480045877403
72,3,2023,"Godfather: Part III, The (1990)",0.21006081980024688
72,4,7349,Broken Wings (Knafayim Shvurot) (2002),0.2034170534148659
72,5,163925,"Wings, Legs and Tails (1986)",0.2034170534148659
72,6,72714,Earthlings (2006),0.2034170534148659
72,7,1211,"Wings of Desire (Himmel über Berlin, Der) (1987)",0.2034170534148659
72,8,4462,18 Again! (1988),0.1982206671872379
72,9,5953,Devils on the Doorstep (Guizi lai le) (2000),0.19464918309823562
72,10,3037,Little Big Man (1970),0.193511986333086
73,1,100083,Movie 43 (2013),0.26579040090236833
73,2,55442,Persepolis (2007),0.2180930727787922
73,3,193573,Love Live! The School Idol Movie (2015),0.21181049029859095
73,4,5969,My Girl 2 (1994),0.21125564087369833
73,5,339,While You Were Sleeping (1995),0.20853326152429283
73,6,89580,Neds (2010),0.20799565995330385
73,7,6942,Love Actually (2003),0.20546567603366062
73,8,2439,Affliction (1997),0.2026755396613092
73,9,3708,Firestarter (1984),0.20128305995615642
73,10,86898,"Tree of Life, The (2011)",0.19929670333605362
74,1,55442,Persepolis (2007),0.24494629686727262
74,2,134252,That Munchhausen (1979),0.23842404559277064
74,3,90863,George Harrison: Living in the Material World (2011),0.23629459053354965
74,4,4399,"Diary of a Chambermaid (Journal d'une femme de chambre, Le) (1964)",0.23629459053354965
74,5,2844,"Minus Man, The (1999)",0.23629459053354965
74,6,73323,"Girl Who Kicked the Hornet's Nest, The (Luftslottet som sprängdes) (2009)",0.23629459053354965
74,7,73804,Asterix at the Olympic Games (Astérix aux jeux olympiques) (2008),0.23629459053354965
74,8,104780,"Mystery of the Third Planet, The (Tayna tretey planety) (1981)",0.23629459053354965
74,9,171251,"Nobody Speak: Hulk Hogan, Gawker and Trials of a Free Press (2017)",0.23629459053354965
74,10,27255,"Wind Will Carry Us, The (Bad ma ra khahad bord) (1999)",0.23629459053354965
75,1,6835,Alien Contamination (1980),0.3198183468237324
75,2,33090,Mutant Aliens (2001),0.3198183468237324
75,3,44777,Evil Aliens (2005),0.3198183468237324
75,4,5051,Italian for Beginners (Italiensk for begyndere) (2000),0.2740951769963165
75,5,2116,"Lord of the Rings, The (1978)",0.2622894180284919
75,6,1690,Alien: Resurrection (1997),0.23193540449433742
75,7,135569,Star Trek Beyond (2016),0.2270913528790778
75,8,1373,Star Trek V: The Final Frontier (1989),0.2256261915643305
75,9,1375,Star Trek III: The Search for Spock (1984),0.22459935977485881
75,10,102445,Star Trek Into Darkness (2013),0.2207962482408977
76,1,100083,Movie 43 (2013),0.20942442433552122
76,2,89580,Neds (2010),0.19866021753868995
76,3,55442,Persepolis (2007),0.1983958715107853
76,4,64997,War of the Worlds (2005),0.18937779944074373
76,5,6942,Love Actually (2003),0.1854143479957716
76,6,86898,"Tree of Life, The (2011)",0.184969911438213
76,7,5847,Ragtime (1981),0.18283935647406155
76,8,69849,Roots (1977),0.18011350019604686
76,9,3017,Creepshow 2 (1987),0.1793054220778555
76,10,96815,V/H/S (2012),0.17916026987599057
77,1,2116,"Lord of the Rings, The (1978)",0.3816081343982559
77,2,33493,Star Wars: Episode III - Revenge of the Sith (2005),0.2959927752234085
77,3,122926,Untitled Spider-Man Reboot (2017),0.27809693172907246
77,4,91529,"Dark Knight Rises, The (2012)",0.23231226291387014
77,5,61160,Star Wars: The Clone Wars (2008),0.23161174328049916
77,6,2628,Star Wars: Episode I - The Phantom Menace (1999),0.22933906115186636
77,7,1276,Cool Hand Luke (1967),0.22270688610251352
77,8,52722,Spider-Man 3 (2007),0.2224392688533327
77,9,110553,The Amazing Spider-Man 2 (2014),0.21527925429706726
77,10,95510,"Amazing Spider-Man, The (2012)",0.21527925429706726
78,1,100498,"Good Day to Die Hard, A (2013)",0.2827813861704989
78,2,5867,Thief (1981),0.23937756876809207
78,3,47774,"Icicle Thief, The (Ladri di saponette) (1989)",0.23937756876809207
78,4,6279,"Good Thief, The (2002)",0.23937756876809207
78,5,106441,"Book Thief, The (2013)",0.23937756876809207
78,6,5989,Catch Me If You Can (2002),0.2331809255150373
78,7,2976,Bringing Out the Dead (1999),0.23316680698881884
78,8,3510,Frequency (2000),0.2320417871511586
78,9,54185,Manufactured Landscapes (2006),0.22843511116281756
78,10,103366,Redemption (Hummingbird) (2013),0.22843511116281756
79,1,2991,Live and Let Die (1973),0.2217683388845034
79,2,2989,For Your Eyes Only (1981),0.22090288985241163
79,3,2948,From Russia with Love (1963),0.209187934099893
79,4,3635,"Spy Who Loved Me, The (1977)",0.20537631570074613
79,5,5459,Men in Black II (a.k.a. MIIB) (a.k.a. MIB 2) (2002),0.20294635334370698
79,6,94777,Men in Black III (M.III.B.) (M.I.B.³) (2012),0.20294635334370698
79,7,7569,You Only Live Twice (1967),0.2006754119835577
79,8,2376,"View to a Kill, A (1985)",0.200412733202395
79,9,5051,Italian for Beginners (Italiensk for begyndere) (2000),0.199613917753733
79,10,7570,Octopussy (1983),0.19679035901767317
80,1,87306,Super 8 (2011),0.2097015771854811
80,2,100083,Movie 43 (2013),0.20738946377795958
80,3,64997,War of the Worlds (2005),0.20175934265934017
80,4,55442,Persepolis (2007),0.20044054211408557
80,5,96815,V/H/S (2012),0.19849029773614957
80,6,55232,Resident Evil: Extinction (2007),0.19711394381473354
80,7,169984,Alien: Covenant (2017),0.1955186261550378
80,8,26614,"Bourne Identity, The (1988)",0.19541127769104882
80,9,5847,Ragtime (1981),0.19157752657024857
80,10,1831,Lost in Space (1998),0.18686974582502716
81,1,26152,Batman (1966),0.2989916586570754
81,2,33794,Batman Begins (2005),0.2573513092662767
81,3,167746,The Lego Batman Movie (2017),0.21276258528562184
81,4,58559,"Dark Knight, The (2008)",0.2098476194441033
81,5,91529,"Dark Knight Rises, The (2012)",0.2098476194441033
81,6,3213,Batman: Mask of the Phantasm (1993),0.20482411232671463
81,7,55854,"Fugitive, The (1947)",0.20389991315800257
81,8,4234,"Tailor of Panama, The (2001)",0.19987339601247686
81,9,27619,"Lion King 1½, The (2004)",0.19784845211631497
81,10,1701,Deconstructing Harry (1997),0.19390691133494237
82,1,100083,Movie 43 (2013),0.22798588496339742
82,2,5847,Ragtime (1981),0.2154188894508185
82,3,55442,Persepolis (2007),0.21048186728997761
82,4,94777,Men in Black III (M.III.B.) (M.I.B.³) (2012),0.20633245962973293
82,5,89580,Neds (2010),0.20061223314148638
82,6,276,Milk Money (1994),0.1908171738553916
82,7,1382,Marked for Death (1990),0.18781539962639504
82,8,87306,Super 8 (2011),0.1872784390026866
82,9,69849,Roots (1977),0.1870529428116183
82,10,4409,Shadows and Fog (1991),0.186682312854462
83,1,2116,"Lord of the Rings, The (1978)",0.21366655279856134
83,2,5847,Ragtime (1981),0.20568818800037392
83,3,6942,Love Actually (2003),0.19541939326227067
83,4,31694,Bride & Prejudice (2004),0.18825766707653546
83,5,74685,"Crazies, The (2010)",0.18796418589889222
83,6,69849,Roots (1977),0.18593899691090032
83,7,3030,Yojimbo (1961),0.18453707743323192
83,8,4857,Fiddler on the Roof (1971),0.1842579871802826
83,9,50068,Letters from Iwo Jima (2006),0.1840088768105828
83,10,100083,Movie 43 (2013),0.1839572712199387
84,1,55442,Persepolis (2007),0.25278998378262
84,2,100083,Movie 43 (2013),0.24928305349247606
84,3,6942,Love Actually (2003),0.24922218175435687
84,4,2439,Affliction (1997),0.23587004371024997
84,5,69849,Roots (1977),0.23490560336904778
84,6,5847,Ragtime (1981),0.2300886281251189
84,7,4857,Fiddler on the Roof (1971),0.22658660095813218
84,8,134252,That Munchhausen (1979),0.22236167491508535
84,9,25887,Tales of Manhattan (1942),0.2187356767651926
84,10,193573,Love Live! The School Idol Movie (2015),0.21604979799110147
85,1,2900,Monkey Shines (1988),0.2351642568341677
85,2,58879,Shine a Light (2008),0.2351642568341677
85,3,92046,Contact High (2009),0.22264274476405438
85,4,26564,'Round Midnight (1986),0.2061489004043717
85,5,111785,Midnight Chronicles (2009),0.2061489004043717
85,6,2575,"Dreamlife of Angels, The (Vie rêvée des anges, La) (1998)",0.20022044377256368
85,7,176419,Mother! (2017),0.19937057798161525
85,8,140711,American Ultra (2015),0.19916723482432713
85,9,806,American Buffalo (1996),0.19916723482432713
85,10,45361,"American Haunting, An (2005)",0.19916723482432713
86,1,2116,"Lord of the Rings, The (1978)",0.26727348012613533
86,2,2205,Mr. & Mrs. Smith (1941),0.21007212577764875
86,3,33493,Star Wars: Episode III - Revenge of the Sith (2005),0.18772265236675909
86,4,1276,Cool Hand Luke (1967),0.18201519356773177
86,5,153,Batman Forever (1995),0.18038359244751206
86,6,5378,Star Wars: Episode II - Attack of the Clones (2002),0.1780262247974228
86,7,179819,Star Wars: The Last Jedi (2017),0.17729657067197951
86,8,201,Three Wishes (1995),0.17450462535989458
86,9,91529,"Dark Knight Rises, The (2012)",0.1737968563263676
86,10,3708,Firestarter (1984),0.16986646435416067
87,1,104925,"Family, The (2013)",0.2604527010648548
87,2,27704,Battle Royale 2: Requiem (Batoru rowaiaru II: Chinkonka) (2003),0.2557090650162995
87,3,32914,Carrie (2002),0.24876756171092979
87,4,105731,Carrie (2013),0.24876756171092979
87,5,42002,"Producers, The (2005)",0.2404565553290599
87,6,917,"Little Princess, The (1939)",0.19515765951033848
87,7,25757,"Jazz Singer, The (1927)",0.18947778389860698
87,8,3037,Little Big Man (1970),0.17757234114446727
87,9,59725,Sex and the City (2008),0.17598940488680131
87,10,86898,"Tree of Life, The (2011)",0.1714980245490412
88,1,26614,"Bourne Identity, The (1988)",0.3031532749348462
88,2,2116,"Lord of the Rings, The (1978)",0.28910344893271994
88,3,160438,Jason Bourne (2016),0.2540153277608961
88,4,3160,Magnolia (1999),0.19951746612574944
88,5,1785,King of New York (1990),0.18672165865917761
88,6,1967,Labyrinth (1986),0.17806976418288753
88,7,103366,Redemption (Hummingbird) (2013),0.1774544137613461
88,8,54185,Manufactured Landscapes (2006),0.1774544137613461
88,9,7115,Deep Red (Profondo rosso) (1975),0.1774544137613461
88,10,5498,Red Beard (Akahige) (1965),0.1774544137613461
89,1,100083,Movie 43 (2013),0.2727158314889887
89,2,55442,Persepolis (2007),0.24943162266787605
89,3,48322,Jackass Number Two (2006),0.2395425675144917
89,4,152173,Michael Jackson's Thriller (1983),0.2395425675144917
89,5,80139,Jackass 2.5 (2007),0.2395425675144917
89,6,765,Jack (1996),0.2395425675144917
89,7,193573,Love Live! The School Idol Movie (2015),0.2367030828434506
89,8,89580,Neds (2010),0.232799353457914
89,9,134252,That Munchhausen (1979),0.22645722743213548
89,10,2439,Affliction (1997),0.2200844907533349
90,1,5515,Songs From the Second Floor (Sånger från andra våningen) (2000),0.24704867835851446
90,2,67255,"Girl with the Dragon Tattoo, The (Män som hatar kvinnor) (2009)",0.24704867835851446
90,3,72874,"Peacekeeper, The (1997)",0.24704867835851446
90,4,5912,Hit the Bank (Vabank) (1981),0.24704867835851446
90,5,8270,"Hairdresser's Husband, The (Le mari de la coiffeuse) (1990)",0.24704867835851446
90,6,96004,Dragon Ball Z: The History of Trunks (Doragon bôru Z: Zetsubô e no hankô!! Nokosareta chô senshi - Gohan to Torankusu) (1993),0.24704867835851446
90,7,175577,Rory Scovel Tries Stand-Up for the First Time (2017),0.24704867835851446
90,8,2951,"Fistful of Dollars, A (Per un pugno di dollari) (1964)",0.24704867835851446
90,9,159441,The Do-Over (2016),0.24704867835851446
90,10,175693,Rick and Morty: State of Georgia Vs. Denver Fenton Allen (2016),0.24704867835851446
91,1,100083,Movie 43 (2013),0.2537135343296455
91,2,55442,Persepolis (2007),0.24228974379226317
91,3,5847,Ragtime (1981),0.23326552827234004
91,4,6942,Love Actually (2003),0.22804270744070748
91,5,96815,V/H/S (2012),0.2202237554912579
91,6,89580,Neds (2010),0.2172553386963771
91,7,276,Milk Money (1994),0.2152969108963737
91,8,2439,Affliction (1997),0.21476015334060095
91,9,69849,Roots (1977),0.21425093888740018
91,10,3869,"Naked Gun 2 1/2: The Smell of Fear, The (1991)",0.2131243459412016
92,1,74089,Peter Pan (1960),0.2622802947150445
92,2,7164,Peter Pan (2003),0.2622802947150445
92,3,7001,Invasion of the Body Snatchers (1978),0.24062713099007063
92,4,2455,"Fly, The (1986)",0.2199111368014348
92,5,2456,"Fly II, The (1989)",0.2199111368014348
92,6,3991,102 Dalmatians (2000),0.2136794812150854
92,7,102716,"Fast & Furious 6 (Fast and the Furious 6, The) (2013)",0.20750126513042902
92,8,67923,"Fast & Furious (Fast and the Furious 4, The) (2009)",0.20750126513042902
92,9,277,Miracle on 34th Street (1994),0.20617827836606556
92,10,3489,Hook (1991),0.19217084665385956
93,1,100083,Movie 43 (2013),0.20636256431888705
93,2,5459,Men in Black II (a.k.a. MIIB) (a.k.a. MIB 2) (2002),0.2020260912802371
93,3,94777,Men in Black III (M.III.B.) (M.I.B.³) (2012),0.2020260912802371
93,4,5847,Ragtime (1981),0.18653640168918048
93,5,55442,Persepolis (2007),0.1838420670155924
93,6,1376,Star Trek IV: The Voyage Home (1986),0.182864551881779
93,7,6942,Love Actually (2003),0.18101884721508577
93,8,5944,Star Trek: Nemesis (2002),0.18078206835305585
93,9,7714,Camelot (1967),0.18001303856776762
93,10,119,"Steal Big, Steal Little (1995)",0.17757491240488918
94,1,26152,Batman (1966),0.2137063091016814
94,2,118880,"Girl Walks Home Alone at Night, A (2014)",0.20626744053625246
94,3,33794,Batman Begins (2005),0.19847585611371754
94,4,6942,Love Actually (2003),0.18576072188956025
94,5,65601,My Bloody Valentine 3-D (2009),0.18281027973378433
94,6,1438,Dante's Peak (1997),0.18227526591369483
94,7,4626,Miracle Mile (1989),0.17963970001498372
94,8,98160,Nature Calls (2012),0.1774123647100865
94,9,100083,Movie 43 (2013),0.1759046914540132
94,10,7215,To Have and Have Not (1944),0.1745275192214698
95,1,100083,Movie 43 (2013),0.2177831905160044
95,2,127096,Project Almanac (2015),0.2164906836248429
95,3,2418,Nothing in Common (1986),0.21211264274576283
95,4,5847,Ragtime (1981),0.21175649800489002
95,5,2046,Flight of the Navigator (1986),0.211240266110733
95,6,89580,Neds (2010),0.21018532441405854
95,7,279,My Family (1995),0.20957297612720655
95,8,1321,"American Werewolf in London, An (1981)",0.2076562045601113
95,9,5333,Bob le Flambeur (1955),0.20741001161611528
95,10,4128,"Lost Boys, The (1987)",0.20699749607169177
96,1,2991,Live and Let Die (1973),0.24373263176452764
96,2,3984,Diamonds Are Forever (1971),0.23728858482036538
96,3,5051,Italian for Beginners (Italiensk for begyndere) (2000),0.2302229114877167
96,4,7569,You Only Live Twice (1967),0.2295034372681128
96,5,2989,For Your Eyes Only (1981),0.2274091417933497
96,6,33090,Mutant Aliens (2001),0.22666109378131968
96,7,1320,Alien³ (a.k.a. Alien 3) (1992),0.22666109378131968
96,8,44777,Evil Aliens (2005),0.22666109378131968
96,9,6835,Alien Contamination (1980),0.22666109378131968
96,10,136020,Spectre (2015),0.2248841547655306
97,1,118082,The Voices (2014),0.22156977520446006
97,2,2529,Planet of the Apes (1968),0.20290758573440865
97,3,260,Star Wars: Episode IV - A New Hope (1977),0.20197663542746347
97,4,26322,Gone in 60 Seconds (1974),0.20109113901441783
97,5,184471,Tomb Raider (2018),0.19572467567146806
97,6,62081,Eagle Eye (2008),0.19071948395534355
97,7,107780,Cats (1998),0.1893810904388136
97,8,4056,"Pledge, The (2001)",0.18633237676076678
97,9,1196,Star Wars: Episode V - The Empire Strikes Back (1980),0.184823352219433
97,10,45186,Mission: Impossible III (2006),0.18226636756156228
98,1,55442,Persepolis (2007),0.18790828441502325
98,2,2439,Affliction (1997),0.18652608432913498
98,3,100083,Movie 43 (2013),0.1822225838850859
98,4,1831,Lost in Space (1998),0.18216106048728556
98,5,2046,Flight of the Navigator (1986),0.18185040699211796
98,6,71899,Mary and Max (2009),0.17883092576705137
98,7,5349,Spider-Man (2002),0.17805816537406055
98,8,69849,Roots (1977),0.1777034556590036
98,9,5847,Ragtime (1981),0.17759037783349615
98,10,2389,Psycho (1998),0.17702908733705294
99,1,26152,Batman (1966),0.21381186648633993
99,2,33794,Batman Begins (2005),0.20264169922815817
99,3,6687,My Boss's Daughter (2003),0.19365230793941335
99,4,65601,My Bloody Valentine 3-D (2009),0.19352579660198904
99,5,166183,Junior and Karlson (1968),0.1893890353458202
99,6,544,Striking Distance (1993),0.18534575412796203
99,7,832,Ransom (1996),0.18476266317967704
99,8,3095,"Grapes of Wrath, The (1940)",0.1821925920084317
99,9,100083,Movie 43 (2013),0.1821179912040084
99,10,3433,Death Wish 4: The Crackdown (1987),0.1802097107113645
100,1,6942,Love Actually (2003),0.24171866047051646
100,2,100083,Movie 43 (2013),0.23830418790722147
100,3,25757,"Jazz Singer, The (1927)",0.2202508721103652
100,4,55442,Persepolis (2007),0.21852674278233303
100,5,89580,Neds (2010),0.20896632497539697
100,6,86898,"Tree of Life, The (2011)",0.20823436895662673
100,7,193573,Love Live! The School Idol Movie (2015),0.20820512928998497
100,8,3684,"Fabulous Baker Boys, The (1989)",0.20637063725135368
100,9,4857,Fiddler on the Roof (1971),0.20588372683308426
100,10,1230,Annie Hall (1977),0.20572318813702578
101,1,5953,Devils on the Doorstep (Guizi lai le) (2000),0.22943649796337118
101,2,50189,American Pie Presents The Naked Mile (American Pie 5: The Naked Mile) (2006),0.226097106372126
101,3,59429,American Pie Presents Beta House (American Pie 6: Beta House) (2007),0.226097106372126
101,4,73106,American Pie Presents: The Book of Love (American Pie 7: The Book of Love) (2009),0.226097106372126
101,5,147,"Basketball Diaries, The (1995)",0.19851924418075031
101,6,4718,American Pie 2 (2001),0.1971972961095088
101,7,1752,Hard Rain (1998),0.19715951787121502
101,8,3379,On the Beach (1959),0.189999610778589
101,9,276,Milk Money (1994),0.1899888566945602
101,10,87298,Everything Must Go (2010),0.1860717122016244
102,1,26152,Batman (1966),0.2104126994411323
102,2,118880,"Girl Walks Home Alone at Night, A (2014)",0.2102985983345066
102,3,95624,"Firm, The (2009)",0.20009517982283462
102,4,170357,Dave Chappelle: The Age of Spin (2017),0.18743775840936888
102,5,183197,Dave Chappelle: Equanimity (2017),0.18743775840936888
102,6,3706,Angel Heart (1987),0.1843346065727185
102,7,6942,Love Actually (2003),0.18329886463022615
102,8,3389,Let's Get Harry (1986),0.18104197392435495
102,9,7215,To Have and Have Not (1944),0.17976003294278595
102,10,1438,Dante's Peak (1997),0.17758629535890746
103,1,100083,Movie 43 (2013),0.25357876021977854
103,2,6942,Love Actually (2003),0.24678248262119026
103,3,55442,Persepolis (2007),0.24390535621260426
103,4,5847,Ragtime (1981),0.23362187304017473
103,5,2439,Affliction (1997),0.22817299031478694
103,6,86898,"Tree of Life, The (2011)",0.22314243046915722
103,7,69849,Roots (1977),0.21698781484715196
103,8,96815,V/H/S (2012),0.21681554558825533
103,9,89580,Neds (2010),0.211950349654109
103,10,91488,"Snowman, The (1982)",0.21137005003448847
104,1,339,While You Were Sleeping (1995),0.24988927880035103
104,2,100083,Movie 43 (2013),0.24271453853909933
104,3,122926,Untitled Spider-Man Reboot (2017),0.2291103029724619
104,4,55442,Persepolis (2007),0.2269721033193183
104,5,193573,Love Live! The School Idol Movie (2015),0.22378706692891778
104,6,4994,"Majestic, The (2001)",0.22374808670338764
104,7,5308,Three Men and a Baby (1987),0.2161519072948521
104,8,1701,Deconstructing Harry (1997),0.21542058957537677
104,9,5847,Ragtime (1981),0.21209192431389037
104,10,2439,Affliction (1997),0.21199524728992603
105,1,3473,Jonah Who Will Be 25 in the Year 2000 (Jonas qui aura 25 ans en l'an 2000) (1976),0.28838963602592954
105,2,95145,Dragon Ball: The Curse Of The Blood Rubies (Doragon bôru: Shenron no densetsu) (1986),0.28838963602592954
105,3,73323,"Girl Who Kicked the Hornet's Nest, The (Luftslottet som sprängdes) (2009)",0.28838963602592954
105,4,27689,"Crimson Rivers 2: Angels of the Apocalypse (Rivières pourpres II - Les anges de l'apocalypse, Les) (2004)",0.28838963602592954
105,5,95165,Dragon Ball Z the Movie: The World's Strongest (a.k.a. Dragon Ball Z: The Strongest Guy in The World) (Doragon bôru Z: Kono yo de ichiban tsuyoi yatsu) (1990),0.28838963602592954
105,6,73804,Asterix at the Olympic Games (Astérix aux jeux olympiques) (2008),0.28838963602592954
105,7,154358,The Barkley Marathons: The Race That Eats Its Young (2015),0.28838963602592954
105,8,715,"Horseman on the Roof, The (Hussard sur le toit, Le) (1995)",0.28838963602592954
105,9,720,Wallace & Gromit: The Best of Aardman Animation (1996),0.28838963602592954
105,10,5385,"Last Waltz, The (1978)",0.28838963602592954
106,1,54001,Harry Potter and the Order of the Phoenix (2007),0.5360121202545467
106,2,5816,Harry Potter and the Chamber of Secrets (2002),0.4190520291275932
106,3,2116,"Lord of the Rings, The (1978)",0.35234968894100593
106,4,1701,Deconstructing Harry (1997),0.34469441126701267
106,5,7215,To Have and Have Not (1944),0.31215334912683806
106,6,121035,Houdini (2014),0.3113221698279964
106,7,74948,Harry Brown (2009),0.31026855315363666
106,8,27741,"Twilight Samurai, The (Tasogare Seibei) (2002)",0.2999560580962361
106,9,26492,Twilight Zone: The Movie (1983),0.2999560580962361
106,10,1438,Dante's Peak (1997),0.2888811571053139
107,1,3114,Toy Story 2 (1999),0.19625025566396453
107,2,78499,Toy Story 3 (2010),0.18765239381489718
107,3,3388,Harry and the Hendersons (1987),0.1852167218345531
107,4,55805,Before the Devil Knows You're Dead (2007),0.18421842896721896
107,5,33794,Batman Begins (2005),0.17717269638764807
107,6,4234,"Tailor of Panama, The (2001)",0.1745818840425095
107,7,1438,Dante's Peak (1997),0.17382512049922938
107,8,3389,Let's Get Harry (1986),0.16695987647980917
107,9,3196,Stalag 17 (1953),0.16562835136026902
107,10,7215,To Have and Have Not (1944),0.16352976034494876
108,1,5308,Three Men and a Baby (1987),0.23194016331109965
108,2,122926,Untitled Spider-Man Reboot (2017),0.22833567311715128
108,3,6942,Love Actually (2003),0.22599393712545157
108,4,339,While You Were Sleeping (1995),0.22188314611435467
108,5,134252,That Munchhausen (1979),0.20952121349308567
108,6,2116,"Lord of the Rings, The (1978)",0.20236381387431884
108,7,2502,Office Space (1999),0.1969345904603801
108,8,7153,"Lord of the Rings: The Return of the King, The (2003)",0.19678854758077424
108,9,52722,Spider-Man 3 (2007),0.19677191503611766
108,10,58998,Forgetting Sarah Marshall (2008),0.19220500085678227
109,1,100083,Movie 43 (2013),0.23456613548465563
109,2,6942,Love Actually (2003),0.21804893258191052
109,3,55442,Persepolis (2007),0.20825409528697275
109,4,5847,Ragtime (1981),0.20414606978469677
109,5,3037,Little Big Man (1970),0.2011292069598921
109,6,86898,"Tree of Life, The (2011)",0.19987845967088697
109,7,3684,"Fabulous Baker Boys, The (1989)",0.19979290977687375
109,8,104925,"Family, The (2013)",0.1984326921136113
109,9,4023,"Family Man, The (2000)",0.1984326921136113
109,10,25757,"Jazz Singer, The (1927)",0.19589757456341572
110,1,6668,"Road Home, The (Wo de fu qin mu qin) (1999)",0.27290670029129577
110,2,3626,8 ½ Women (a.k.a. 8 1/2 Women) (a.k.a. Eight and a Half Women) (1999),0.27290670029129577
110,3,2897,And the Ship Sails On (E la nave va) (1983),0.27290670029129577
110,4,32620,Not on the Lips (Pas sur la bouche) (2003),0.27290670029129577
110,5,32582,"Wild Parrots of Telegraph Hill, The (2003)",0.27290670029129577
110,6,2931,Time of the Gypsies (Dom za vesanje) (1989),0.27290670029129577
110,7,6969,"Dernier Combat, Le (Last Battle, The) (1983)",0.27290670029129577
110,8,69224,Marius and Jeanette (Marius et Jeannette) (1997),0.27290670029129577
110,9,53140,"Librarian: Quest for the Spear, The (2004)",0.27290670029129577
110,10,68886,I Do: How to Get Married and Stay Single (Prête-moi ta main) (2006),0.27290670029129577
111,1,152173,Michael Jackson's Thriller (1983),0.2541730340640841
111,2,765,Jack (1996),0.2541730340640841
111,3,149350,Lumberjack Man (2015),0.2541730340640841
111,4,55442,Persepolis (2007),0.24342881563058585
111,5,6942,Love Actually (2003),0.24291988692590785
111,6,193573,Love Live! The School Idol Movie (2015),0.23633872847245652
111,7,89580,Neds (2010),0.23481351794553545
111,8,5847,Ragtime (1981),0.23087120190197907
111,9,69849,Roots (1977),0.22453238485319296
111,10,4023,"Family Man, The (2000)",0.222684192949032
112,1,2116,"Lord of the Rings, The (1978)",0.2771200981109601
112,2,1276,Cool Hand Luke (1967),0.18901367559474552
112,3,4994,"Majestic, The (2001)",0.1857005326476623
112,4,5944,Star Trek: Nemesis (2002),0.17672235001532427
112,5,26681,Bullet in the Head (1990),0.17566456259903587
112,6,8361,"Day After Tomorrow, The (2004)",0.17379677951914196
112,7,100083,Movie 43 (2013),0.17312391764767848
112,8,86898,"Tree of Life, The (2011)",0.1724902143126039
112,9,95624,"Firm, The (2009)",0.1698208360141195
112,10,1831,Lost in Space (1998),0.166963985754137
113,1,6942,Love Actually (2003),0.2566488567704484
113,2,55442,Persepolis (2007),0.22657706931471414
113,3,100083,Movie 43 (2013),0.22654103572578968
113,4,25887,Tales of Manhattan (1942),0.22453973098797797
113,5,134252,That Munchhausen (1979),0.21582493054122168
113,6,5969,My Girl 2 (1994),0.21406588442000538
113,7,2439,Affliction (1997),0.20898183567714212
113,8,4857,Fiddler on the Roof (1971),0.20398624667973997
113,9,6422,Shenandoah (1965),0.20356673909009335
113,10,58879,Shine a Light (2008),0.20149575037955927
114,1,1701,Deconstructing Harry (1997),0.4706211789968613
114,2,7215,To Have and Have Not (1944),0.428975104332259
114,3,121035,Houdini (2014),0.42863774074000727
114,4,74948,Harry Brown (2009),0.41588930284061965
114,5,110553,The Amazing Spider-Man 2 (2014),0.3969171423198336
114,6,1438,Dante's Peak (1997),0.39035479451253347
114,7,4234,"Tailor of Panama, The (2001)",0.3886034234397362
114,8,27741,"Twilight Samurai, The (Tasogare Seibei) (2002)",0.3842433839076266
114,9,26492,Twilight Zone: The Movie (1983),0.3842433839076266
114,10,1307,When Harry Met Sally... (1989),0.36880253551965797
115,1,100083,Movie 43 (2013),0.20793499285142386
115,2,5847,Ragtime (1981),0.19844039740755054
115,3,86898,"Tree of Life, The (2011)",0.19642464555931108
115,4,26152,Batman (1966),0.19429506956224077
115,5,201,Three Wishes (1995),0.194118819996093
115,6,144352,Unforgiven (2013),0.18983229350636102
115,7,26681,Bullet in the Head (1990),0.18792767405863
115,8,3030,Yojimbo (1961),0.18724398794365607
115,9,7349,Broken Wings (Knafayim Shvurot) (2002),0.18693589783325387
115,10,163925,"Wings, Legs and Tails (1986)",0.18693589783325387
116,1,25757,"Jazz Singer, The (1927)",0.2170336487980919
116,2,39183,Brokeback Mountain (2005),0.2126719497603453
116,3,3037,Little Big Man (1970),0.212590707944285
116,4,5308,Three Men and a Baby (1987),0.21100248731516533
116,5,8043,Jack the Bear (1993),0.21032169239120566
116,6,122926,Untitled Spider-Man Reboot (2017),0.2098379676628077
116,7,86898,"Tree of Life, The (2011)",0.20366070016768417
116,8,4023,"Family Man, The (2000)",0.2036494024081637
116,9,104925,"Family, The (2013)",0.2036494024081637
116,10,80727,Middle Men (2009),0.2029478165339624
117,1,100083,Movie 43 (2013),0.24086219800689287
117,2,152173,Michael Jackson's Thriller (1983),0.2311311605890545
117,3,48322,Jackass Number Two (2006),0.2311311605890545
117,4,149350,Lumberjack Man (2015),0.2311311605890545
117,5,181065,Jack Whitehall: At Large (2017),0.2311311605890545
117,6,80139,Jackass 2.5 (2007),0.2311311605890545
117,7,6942,Love Actually (2003),0.22362401533417314
117,8,55442,Persepolis (2007),0.2225848568435669
117,9,69849,Roots (1977),0.21536633480801023
117,10,5847,Ragtime (1981),0.21327301989226485
118,1,2023,"Godfather: Part III, The (1990)",0.27716531356823404
118,2,45662,"Omen, The (2006)",0.24238749779572136
118,3,6783,"Rules of the Game, The (La règle du jeu) (1939)",0.23704977634500338
118,4,91337,Play the Game (2009),0.23704977634500338
118,5,6246,Talent for the Game (1991),0.23704977634500338
118,6,1344,Cape Fear (1962),0.21729022858815908
118,7,3668,Romeo and Juliet (1968),0.2074680400125199
118,8,5483,"Kid Stays in the Picture, The (2002)",0.19039811235062556
118,9,2805,Mickey Blue Eyes (1999),0.18633209532451178
118,10,142509,Hardcore Henry (2015),0.17998147329022793
119,1,100083,Movie 43 (2013),0.23652272015904743
119,2,55442,Persepolis (2007),0.2212003720103493
119,3,5847,Ragtime (1981),0.20294031593071613
119,4,89580,Neds (2010),0.20187858049794163
119,5,2439,Affliction (1997),0.19432389644470296
119,6,69849,Roots (1977),0.19409874363328788
119,7,4409,Shadows and Fog (1991),0.19299905877950185
119,8,96815,V/H/S (2012),0.1911472588286874
119,9,78041,Killers (2010),0.1840972286498789
119,10,3869,"Naked Gun 2 1/2: The Smell of Fear, The (1991)",0.18321433801316667
120,1,1196,Star Wars: Episode V - The Empire Strikes Back (1980),0.3003393441785
120,2,30793,Charlie and the Chocolate Factory (2005),0.2399308579475722
120,3,111781,Mission: Impossible - Rogue Nation (2015),0.23940773043236063
120,4,189333,Mission: Impossible - Fallout (2018),0.23940773043236063
120,5,7781,Twister (1990),0.23683404210441195
120,6,1821,"Object of My Affection, The (1998)",0.2365828064003713
120,7,1276,Cool Hand Luke (1967),0.22608273296791492
120,8,881,First Kid (1996),0.22215727950188488
120,9,4239,Blow (2001),0.21833281790705614
120,10,3788,Blow-Up (Blowup) (1966),0.21833281790705614
121,1,95624,"Firm, The (2009)",0.20275697674412704
121,2,170357,Dave Chappelle: The Age of Spin (2017),0.18510053060600515
121,3,183197,Dave Chappelle: Equanimity (2017),0.18510053060600515
121,4,6296,"Mighty Wind, A (2003)",0.17713605598769705
121,5,98160,Nature Calls (2012),0.17639121059699803
121,6,55805,Before the Devil Knows You're Dead (2007),0.1725982535308718
121,7,5786,Paid in Full (2002),0.17246014272242782
121,8,4321,City Slickers (1991),0.17099452095679352
121,9,8361,"Day After Tomorrow, The (2004)",0.1709539255537777
121,10,88785,"Change-Up, The (2011)",0.16416057470794496
122,1,100083,Movie 43 (2013),0.2511590990087332
122,2,134252,That Munchhausen (1979),0.22650687568966807
122,3,55442,Persepolis (2007),0.22370131832928358
122,4,5847,Ragtime (1981),0.21327386285297847
122,5,4409,Shadows and Fog (1991),0.21199771775102347
122,6,89580,Neds (2010),0.21136612792453185
122,7,96815,V/H/S (2012),0.21110299315131828
122,8,3017,Creepshow 2 (1987),0.20445460034024826
122,9,6942,Love Actually (2003),0.20445216961176027
122,10,69849,Roots (1977),0.2034589337234286
123,1,2116,"Lord of the Rings, The (1978)",0.29541475353274566
123,2,92309,"Innkeepers, The (2011)",0.2282088217508959
123,3,2813,"Source, The (1999)",0.2282088217508959
123,4,144716,Rock the Kasbah (2015),0.2282088217508959
123,5,55908,"Man from Earth, The (2007)",0.2282088217508959
123,6,8620,"Exterminating Angel, The (Ángel exterminador, El) (1962)",0.2282088217508959
123,7,87960,Between the Folds (2008),0.2282088217508959
123,8,3378,"Ogre, The (Unhold, Der) (1996)",0.2282088217508959
123,9,7118,Wings of Honneamise (Ôritsu uchûgun Oneamisu no tsubasa) (1987),0.2282088217508959
123,10,8582,Manufacturing Consent: Noam Chomsky and the Media (1992),0.2282088217508959
124,1,3708,Firestarter (1984),0.26779162156960157
124,2,106542,Charlie Countryman (2013),0.2153068685632749
124,3,1799,Suicide Kings (1997),0.2108678495003118
124,4,3313,Class Reunion (1982),0.20773751243506125
124,5,96821,"Perks of Being a Wallflower, The (2012)",0.20677099588307488
124,6,1276,Cool Hand Luke (1967),0.20654945830918986
124,7,2203,Shadow of a Doubt (1943),0.20636455844558735
124,8,5481,Austin Powers in Goldmember (2002),0.20196698414830988
124,9,6422,Shenandoah (1965),0.19852618871910377
124,10,20,Money Train (1995),0.19198565838363071
125,1,134252,That Munchhausen (1979),0.24987183055801698
125,2,55442,Persepolis (2007),0.24741072958411026
125,3,89580,Neds (2010),0.24515924751742182
125,4,87306,Super 8 (2011),0.227593188640857
125,5,6942,Love Actually (2003),0.22392887018437616
125,6,5847,Ragtime (1981),0.22312940417445362
125,7,193573,Love Live! The School Idol Movie (2015),0.2221556605823125
125,8,2439,Affliction (1997),0.22070555463796862
125,9,96815,V/H/S (2012),0.215113829834637
125,10,4409,Shadows and Fog (1991),0.2147254156791322
126,1,26152,Batman (1966),0.2547441079598286
126,2,33794,Batman Begins (2005),0.22566572283029043
126,3,95624,"Firm, The (2009)",0.19229169338387742
126,4,1237,"Seventh Seal, The (Sjunde inseglet, Det) (1957)",0.18135511533243467
126,5,2019,Seven Samurai (Shichinin no samurai) (1954),0.18135511533243467
126,6,1438,Dante's Peak (1997),0.18130485045949077
126,7,91529,"Dark Knight Rises, The (2012)",0.18068830966360655
126,8,58559,"Dark Knight, The (2008)",0.18068830966360655
126,9,3213,Batman: Mask of the Phantasm (1993),0.1803693215605161
126,10,167746,The Lego Batman Movie (2017),0.18036614473788734
127,1,2764,"Thomas Crown Affair, The (1968)",0.26239738260731504
127,2,2456,"Fly II, The (1989)",0.2252463038439366
127,3,2454,"Fly, The (1958)",0.2252463038439366
127,4,3313,Class Reunion (1982),0.18488098550422302
127,5,3345,"Charlie, the Lonesome Cougar (1967)",0.17822197530404013
127,6,54281,Charlie Bartlett (2007),0.17822197530404013
127,7,26133,"Charlie Brown Christmas, A (1965)",0.17822197530404013
127,8,34520,"Dukes of Hazzard, The (2005)",0.17131234811226978
127,9,881,First Kid (1996),0.17062706577994424
127,10,42725,Grandma's Boy (2006),0.1648332670239527
128,1,1210,Star Wars: Episode VI - Return of the Jedi (1983),0.24492807732519442
128,2,8916,Shall We Dance? (2004),0.2132710573069113
128,3,3404,Titanic (1953),0.20423561385474498
128,4,1027,Robin Hood: Prince of Thieves (1991),0.19538129104046004
128,5,5499,Robin and Marian (1976),0.19395393773305808
128,6,520,Robin Hood: Men in Tights (1993),0.19205318564741256
128,7,100498,"Good Day to Die Hard, A (2013)",0.1872722801891901
128,8,1276,Cool Hand Luke (1967),0.17665386583246986
128,9,3845,And God Created Woman (Et Dieu... créa la femme) (1956),0.17171299068444792
128,10,179819,Star Wars: The Last Jedi (2017),0.1617676050734347
129,1,100083,Movie 43 (2013),0.20304260985866338
129,2,86898,"Tree of Life, The (2011)",0.20226445882304123
129,3,3037,Little Big Man (1970),0.2008766261875897
129,4,4023,"Family Man, The (2000)",0.19827434792863932
129,5,104925,"Family, The (2013)",0.19827434792863932
129,6,101864,Oblivion (2013),0.19745038472306423
129,7,2116,"Lord of the Rings, The (1978)",0.19458616444418522
129,8,64997,War of the Worlds (2005),0.19255052057673225
129,9,55442,Persepolis (2007),0.19135061973512335
129,10,69844,Harry Potter and the Half-Blood Prince (2009),0.1897579056466834
130,1,26152,Batman (1966),0.2886017856398248
130,2,33794,Batman Begins (2005),0.25384105137153623
130,3,3114,Toy Story 2 (1999),0.2130950515171655
130,4,3213,Batman: Mask of the Phantasm (1993),0.2058328853684803
130,5,167746,The Lego Batman Movie (2017),0.20317228371740728
130,6,91529,"Dark Knight Rises, The (2012)",0.19949757352899616
130,7,58559,"Dark Knight, The (2008)",0.19949757352899616
130,8,78499,Toy Story 3 (2010),0.19676051372577974
130,9,168366,Beauty and the Beast (2017),0.19599105583427376
130,10,55805,Before the Devil Knows You're Dead (2007),0.19264037516127105
131,1,2116,"Lord of the Rings, The (1978)",0.2681737237160884
131,2,1210,Star Wars: Episode VI - Return of the Jedi (1983),0.22115373815896194
131,3,55442,Persepolis (2007),0.17997048493339893
131,4,5847,Ragtime (1981),0.17866744642265248
131,5,89580,Neds (2010),0.17606121398269348
131,6,2023,"Godfather: Part III, The (1990)",0.1759567595987843
131,7,172577,Last Year's Snow Was Falling (1983),0.17078619506846754
131,8,31410,"Downfall (Untergang, Der) (2004)",0.17078619506846754
131,9,1574,Fall (1997),0.17078619506846754
131,10,27369,Daria: Is It Fall Yet? (2000),0.17078619506846754
132,1,100083,Movie 43 (2013),0.2546410865141726
132,2,55442,Persepolis (2007),0.24936205877304035
132,3,134252,That Munchhausen (1979),0.23409207372713628
132,4,89580,Neds (2010),0.2339127987104322
132,5,2439,Affliction (1997),0.22935263375646298
132,6,193573,Love Live! The School Idol Movie (2015),0.22393950785162103
132,7,5847,Ragtime (1981),0.22336115774639917
132,8,4409,Shadows and Fog (1991),0.2174756616434641
132,9,279,My Family (1995),0.21709229553373777
132,10,86898,"Tree of Life, The (2011)",0.21623947519449413
133,1,26152,Batman (1966),0.26581153842620403
133,2,3213,Batman: Mask of the Phantasm (1993),0.2160043462419098
133,3,95624,"Firm, The (2009)",0.20859367132062412
133,4,33794,Batman Begins (2005),0.2057080249354878
133,5,2019,Seven Samurai (Shichinin no samurai) (1954),0.19123297335473163
133,6,1237,"Seventh Seal, The (Sjunde inseglet, Det) (1957)",0.19123297335473163
133,7,100498,"Good Day to Die Hard, A (2013)",0.19080569566254302
133,8,58559,"Dark Knight, The (2008)",0.18988590639279387
133,9,91529,"Dark Knight Rises, The (2012)",0.18988590639279387
133,10,167746,The Lego Batman Movie (2017),0.18914640447499528
134,1,26152,Batman (1966),0.2652252860702822
134,2,33794,Batman Begins (2005),0.23690746584936606
134,3,95624,"Firm, The (2009)",0.200143019469692
134,4,3213,Batman: Mask of the Phantasm (1993),0.19459147135773833
134,5,167746,The Lego Batman Movie (2017),0.1928420824834156
134,6,1237,"Seventh Seal, The (Sjunde inseglet, Det) (1957)",0.19167660646202062
134,7,2019,Seven Samurai (Shichinin no samurai) (1954),0.19167660646202062
134,8,58559,"Dark Knight, The (2008)",0.18961193337573634
134,9,91529,"Dark Knight Rises, The (2012)",0.18961193337573634
134,10,168366,Beauty and the Beast (2017),0.18197073255904653
135,1,100083,Movie 43 (2013),0.23820465413457254
135,2,55442,Persepolis (2007),0.21824466142541704
135,3,5847,Ragtime (1981),0.21529723298672704
135,4,6835,Alien Contamination (1980),0.21152576828462336
135,5,33090,Mutant Aliens (2001),0.21152576828462336
135,6,44777,Evil Aliens (2005),0.21152576828462336
135,7,6942,Love Actually (2003),0.21116510786347373
135,8,3017,Creepshow 2 (1987),0.21014861479101665
135,9,3498,Midnight Express (1978),0.2078082466169956
135,10,86898,"Tree of Life, The (2011)",0.20596720135832508
136,1,100083,Movie 43 (2013),0.22104255265502049
136,2,69849,Roots (1977),0.19510415018939875
136,3,55442,Persepolis (2007),0.19350092340839198
136,4,4409,Shadows and Fog (1991),0.1911129068818305
136,5,6942,Love Actually (2003),0.1892285228127899
136,6,105355,Blue Is the Warmest Color (La vie d'Adèle) (2013),0.18887133169712758
136,7,5847,Ragtime (1981),0.18533132168270267
136,8,2439,Affliction (1997),0.1846105099754652
136,9,2332,Belly (1998),0.18022219675289872
136,10,3095,"Grapes of Wrath, The (1940)",0.17769866803380993
137,1,178615,Front Cover (2016),0.21491575327498885
137,2,55442,Persepolis (2007),0.2117558588644567
137,3,5847,Ragtime (1981),0.2078744154424537
137,4,69849,Roots (1977),0.19855015064355894
137,5,2116,"Lord of the Rings, The (1978)",0.19667768155290644
137,6,87306,Super 8 (2011),0.19582159323577497
137,7,5459,Men in Black II (a.k.a. MIIB) (a.k.a. MIB 2) (2002),0.19015698003916062
137,8,94777,Men in Black III (M.III.B.) (M.I.B.³) (2012),0.19015698003916062
137,9,1312,Female Perversions (1996),0.18957962222138425
137,10,100083,Movie 43 (2013),0.18727787495999426
138,1,69784,Brüno (Bruno) (2009),0.26563886213432764
138,2,117364,Virunga (2014),0.26563886213432764
138,3,1119,Drunks (1995),0.26563886213432764
138,4,26865,Fist of Legend (Jing wu ying xiong) (1994),0.26086998963080527
138,5,101074,"Legend of Sleepy Hollow, The (1949)",0.26086998963080527
138,6,159976,Pelé: Birth of a Legend (2016),0.26086998963080527
138,7,7248,"Suriyothai (a.k.a. Legend of Suriyothai, The) (2001)",0.26086998963080527
138,8,53450,"Legend of Sleepy Hollow, The (1980)",0.26086998963080527
138,9,4074,"Legend of Rita, The (Stille nach dem Schuß, Die) (1999)",0.26086998963080527
138,10,27683,Tremors 4: The Legend Begins (2004),0.26086998963080527
139,1,169984,Alien: Covenant (2017),0.21201923841548437
139,2,100083,Movie 43 (2013),0.20995465665818921
139,3,5847,Ragtime (1981),0.20783749778331073
139,4,87306,Super 8 (2011),0.20769940711948268
139,5,64997,War of the Worlds (2005),0.20520411555278162
139,6,110553,The Amazing Spider-Man 2 (2014),0.2000357540334013
139,7,7349,Broken Wings (Knafayim Shvurot) (2002),0.19988876590796234
139,8,1211,"Wings of Desire (Himmel über Berlin, Der) (1987)",0.19988876590796234
139,9,72714,Earthlings (2006),0.19988876590796234
139,10,163925,"Wings, Legs and Tails (1986)",0.19988876590796234
140,1,55442,Persepolis (2007),0.2504635557956741
140,2,100083,Movie 43 (2013),0.245630676530444
140,3,5847,Ragtime (1981),0.24279369528931732
140,4,69849,Roots (1977),0.23306964784509762
140,5,276,Milk Money (1994),0.2309121302742343
140,6,89580,Neds (2010),0.22696056304564116
140,7,2439,Affliction (1997),0.22536554403316555
140,8,6942,Love Actually (2003),0.21610568665403093
140,9,6422,Shenandoah (1965),0.21541586424610903
140,10,279,My Family (1995),0.21399937487962029
141,1,88125,Harry Potter and the Deathly Hallows: Part 2 (2011),0.2513017167142274
141,2,5816,Harry Potter and the Chamber of Secrets (2002),0.2463793804592729
141,3,74948,Harry Brown (2009),0.23089303790183205
141,4,7215,To Have and Have Not (1944),0.22979942086015162
141,5,1701,Deconstructing Harry (1997),0.22967765622118957
141,6,1438,Dante's Peak (1997),0.227583972952036
141,7,4626,Miracle Mile (1989),0.22602445701112917
141,8,4234,"Tailor of Panama, The (2001)",0.22576257855185472
141,9,100083,Movie 43 (2013),0.2191283851856805
141,10,6942,Love Actually (2003),0.2159068702636423
142,1,26152,Batman (1966),0.19527461308695115
142,2,1237,"Seventh Seal, The (Sjunde inseglet, Det) (1957)",0.18212582229781232
142,3,2019,Seven Samurai (Shichinin no samurai) (1954),0.18212582229781232
142,4,3389,Let's Get Harry (1986),0.18075891009983988
142,5,55854,"Fugitive, The (1947)",0.18006976269714572
142,6,1701,Deconstructing Harry (1997),0.1796097159890869
142,7,116977,Dumb and Dumber To (2014),0.17915804168054655
142,8,7215,To Have and Have Not (1944),0.1782327512526294
142,9,4626,Miracle Mile (1989),0.17451088088287264
142,10,168366,Beauty and the Beast (2017),0.1738450434896088
143,1,2014,Freaky Friday (1977),0.2443773298805029
143,2,3536,Keeping the Faith (2000),0.236458682222086
143,3,2671,Notting Hill (1999),0.23227741894141155
143,4,26198,"Yours, Mine and Ours (1968)",0.2205918972656668
143,5,100083,Movie 43 (2013),0.21566473407004114
143,6,66203,He's Just Not That Into You (2009),0.20745256886561034
143,7,5014,I Am Sam (2001),0.2057102225398279
143,8,85885,Room in Rome (Habitación en Roma) (2010),0.20478505788198936
143,9,140174,Room (2015),0.20478505788198936
143,10,59429,American Pie Presents Beta House (American Pie 6: Beta House) (2007),0.20246564214162283
144,1,100083,Movie 43 (2013),0.21611867159728693
144,2,6942,Love Actually (2003),0.21024087652588874
144,3,86898,"Tree of Life, The (2011)",0.20870607047351317
144,4,55442,Persepolis (2007),0.2071735107656689
144,5,2116,"Lord of the Rings, The (1978)",0.20554063478968695
144,6,25757,"Jazz Singer, The (1927)",0.20501718506552408
144,7,201,Three Wishes (1995),0.20369377347926237
144,8,5847,Ragtime (1981),0.20016592860772675
144,9,2439,Affliction (1997),0.19717059264447043
144,10,4409,Shadows and Fog (1991),0.19682223719091763
145,1,26152,Batman (1966),0.31114441375896146
145,2,33794,Batman Begins (2005),0.2635469904564172
145,3,3114,Toy Story 2 (1999),0.2348266647655265
145,4,167746,The Lego Batman Movie (2017),0.22136002869709734
145,5,78499,Toy Story 3 (2010),0.21683917610657605
145,6,3213,Batman: Mask of the Phantasm (1993),0.21673377673846675
145,7,58559,"Dark Knight, The (2008)",0.2159734503256734
145,8,91529,"Dark Knight Rises, The (2012)",0.2159734503256734
145,9,168366,Beauty and the Beast (2017),0.21390961459955973
145,10,55805,Before the Devil Knows You're Dead (2007),0.2075824717757952
146,1,80139,Jackass 2.5 (2007),0.25261955717980594
146,2,181065,Jack Whitehall: At Large (2017),0.25261955717980594
146,3,152173,Michael Jackson's Thriller (1983),0.25261955717980594
146,4,149350,Lumberjack Man (2015),0.25261955717980594
146,5,48322,Jackass Number Two (2006),0.25261955717980594
146,6,26777,"Stolen Children (Ladro di bambini, Il) (1992)",0.20348219774705378
146,7,26681,Bullet in the Head (1990),0.19531294595951293
146,8,2820,Hamlet (1964),0.1878184587140953
146,9,3723,Hamlet (1990),0.1878184587140953
146,10,3598,Hamlet (2000),0.1878184587140953
147,1,5990,Pinocchio (2002),0.24350159512535619
147,2,7714,Camelot (1967),0.2040001474967087
147,3,828,"Adventures of Pinocchio, The (1996)",0.1970325658919042
147,4,934,Father of the Bride (1950),0.19069052015173868
147,5,6944,Father of the Bride (1991),0.19069052015173868
147,6,1821,"Object of My Affection, The (1998)",0.19066016301716332
147,7,810,Kazaam (1996),0.18118983872868194
147,8,6709,Once Upon a Time in Mexico (2003),0.17663536983044928
147,9,98499,"Fearless Hyena, The (Xiao quan guai zhao) (1979)",0.17426996311280085
147,10,39381,"Proposition, The (2005)",0.17317896386449066
148,1,1701,Deconstructing Harry (1997),0.38596237950775636
148,2,7215,To Have and Have Not (1944),0.3558447923886683
148,3,121035,Houdini (2014),0.3525755212773357
148,4,74948,Harry Brown (2009),0.34374463742377737
148,5,1438,Dante's Peak (1997),0.32510231301802217
148,6,4234,"Tailor of Panama, The (2001)",0.3239909083115037
148,7,26492,Twilight Zone: The Movie (1983),0.31809152308035765
148,8,27741,"Twilight Samurai, The (Tasogare Seibei) (2002)",0.31809152308035765
148,9,4626,Miracle Mile (1989),0.312499152948805
148,10,1307,When Harry Met Sally... (1989),0.3104799524198397
149,1,1376,Star Trek IV: The Voyage Home (1986),0.3640693317217892
149,2,6510,"Bodies, Rest & Motion (1993)",0.3640300575641715
149,3,135569,Star Trek Beyond (2016),0.32536383824071374
149,4,1373,Star Trek V: The Final Frontier (1989),0.3250305948254452
149,5,102445,Star Trek Into Darkness (2013),0.3049708130995517
149,6,68358,Star Trek (2009),0.2798745617206261
149,7,1320,Alien³ (a.k.a. Alien 3) (1992),0.2712293043224005
149,8,6835,Alien Contamination (1980),0.2712293043224005
149,9,44777,Evil Aliens (2005),0.2712293043224005
149,10,33090,Mutant Aliens (2001),0.2712293043224005
150,1,111781,Mission: Impossible - Rogue Nation (2015),0.24593371103562117
150,2,189333,Mission: Impossible - Fallout (2018),0.24593371103562117
150,3,180497,The Post (2017),0.23764211769285704
150,4,86833,Bridesmaids (2011),0.22702910893316197
150,5,54121,Broken Arrow (1950),0.22003490923049096
150,6,915,Sabrina (1954),0.21822335740749638
150,7,6944,Father of the Bride (1991),0.201942024058826
150,8,934,Father of the Bride (1950),0.201942024058826
150,9,3450,Grumpy Old Men (1993),0.19797521721865216
150,10,30793,Charlie and the Chocolate Factory (2005),0.1967067277685424
151,1,181065,Jack Whitehall: At Large (2017),0.2552965229208345
151,2,80139,Jackass 2.5 (2007),0.2552965229208345
151,3,152173,Michael Jackson's Thriller (1983),0.2552965229208345
151,4,149350,Lumberjack Man (2015),0.2552965229208345
151,5,48322,Jackass Number Two (2006),0.2552965229208345
151,6,2418,Nothing in Common (1986),0.20862851452841613
151,7,4453,Michael Jordan to the Max (2000),0.20732047365119896
151,8,71899,Mary and Max (2009),0.20227335243242694
151,9,33779,Eddie Izzard: Dress to Kill (1999),0.19999725726866718
151,10,100083,Movie 43 (2013),0.19823912060804635
152,1,100083,Movie 43 (2013),0.18411375433534694
152,2,3606,On the Town (1949),0.18296054691208927
152,3,55442,Persepolis (2007),0.18249292307443607
152,4,55276,Michael Clayton (2007),0.1824326461882574
152,5,78041,Killers (2010),0.17759972172413574
152,6,2023,"Godfather: Part III, The (1990)",0.1754118489196242
152,7,134252,That Munchhausen (1979),0.17380225018989506
152,8,30846,"Assassination of Richard Nixon, The (2004)",0.17362145528565634
152,9,5925,"Beast Within, The (1982)",0.17107925399372123
152,10,5847,Ragtime (1981),0.17105310979091107
153,1,100083,Movie 43 (2013),0.2498025575129679
153,2,55442,Persepolis (2007),0.24381286259237528
153,3,25757,"Jazz Singer, The (1927)",0.2273980517079904
153,4,86898,"Tree of Life, The (2011)",0.22306749477970347
153,5,69849,Roots (1977),0.21813290247990802
153,6,2439,Affliction (1997),0.21689397532886848
153,7,4023,"Family Man, The (2000)",0.2166473934393092
153,8,104925,"Family, The (2013)",0.2166473934393092
153,9,201,Three Wishes (1995),0.2155851902562519
153,10,6942,Love Actually (2003),0.2139545074604016
154,1,54001,Harry Potter and the Order of the Phoenix (2007),0.33140285650745704
154,2,88125,Harry Potter and the Deathly Hallows: Part 2 (2011),0.3159472170178139
154,3,5816,Harry Potter and the Chamber of Secrets (2002),0.29918506808421214
154,4,40815,Harry Potter and the Goblet of Fire (2005),0.2909870941895679
154,5,94777,Men in Black III (M.III.B.) (M.I.B.³) (2012),0.236087907393282
154,6,5459,Men in Black II (a.k.a. MIIB) (a.k.a. MIB 2) (2002),0.236087907393282
154,7,8368,Harry Potter and the Prisoner of Azkaban (2004),0.23496986758001942
154,8,1701,Deconstructing Harry (1997),0.22398942427233035
154,9,74948,Harry Brown (2009),0.2213055049845974
154,10,59315,Iron Man (2008),0.2201140391286062
155,1,26152,Batman (1966),0.24137252182910995
155,2,78499,Toy Story 3 (2010),0.21837969814198185
155,3,33794,Batman Begins (2005),0.20336247218426193
155,4,105197,Nebraska (2013),0.19506571921867297
155,5,167746,The Lego Batman Movie (2017),0.19402393716633748
155,6,3213,Batman: Mask of the Phantasm (1993),0.1885158149646921
155,7,91529,"Dark Knight Rises, The (2012)",0.18486625224760098
155,8,58559,"Dark Knight, The (2008)",0.18486625224760098
155,9,89580,Neds (2010),0.1758778325252503
155,10,100083,Movie 43 (2013),0.17456757851917992
156,1,100083,Movie 43 (2013),0.25101523866474984
156,2,55442,Persepolis (2007),0.2501490219229248
156,3,134252,That Munchhausen (1979),0.23881334435793258
156,4,6942,Love Actually (2003),0.2332016010069502
156,5,4857,Fiddler on the Roof (1971),0.22385074158937251
156,6,276,Milk Money (1994),0.22382080664425913
156,7,193573,Love Live! The School Idol Movie (2015),0.22308162381170157
156,8,69849,Roots (1977),0.22257701535282454
156,9,86898,"Tree of Life, The (2011)",0.22020900413654546
156,10,2439,Affliction (1997),0.21781648596167727
157,1,2203,Shadow of a Doubt (1943),0.32284778719622453
157,2,1799,Suicide Kings (1997),0.31046836105333075
157,3,40959,"Ice Harvest, The (2005)",0.2955393963181448
157,4,3252,Scent of a Woman (1992),0.2919520963564159
157,5,97306,Seven Psychopaths (2012),0.2857287005944382
157,6,5902,Adaptation (2002),0.28129602717003266
157,7,96821,"Perks of Being a Wallflower, The (2012)",0.2787342920391337
157,8,51931,Reign Over Me (2007),0.27605856472433227
157,9,106542,Charlie Countryman (2013),0.26958448757513676
157,10,33558,"Snow Walker, The (2003)",0.26914245025636235
158,1,139717,10 Cent Pistol (2015),0.40088006188239156
158,2,98230,10 Years (2011),0.40088006188239156
158,3,5953,Devils on the Doorstep (Guizi lai le) (2000),0.2824552564719426
158,4,72720,"Single Man, A (2009)",0.2748321788247476
158,5,4880,Life as a House (2001),0.24368168535048568
158,6,27838,Mean Creek (2004),0.22423914841181714
158,7,3959,"Time Machine, The (1960)",0.22382488799357364
158,8,5171,"Time Machine, The (2002)",0.22382488799357364
158,9,3788,Blow-Up (Blowup) (1966),0.22266828676319958
158,10,4239,Blow (2001),0.22266828676319958
159,1,3708,Firestarter (1984),0.2535059987485498
159,2,1322,Amityville 1992: It's About Time (1992),0.2309110385584339
159,3,55805,Before the Devil Knows You're Dead (2007),0.21451021960142233
159,4,55442,Persepolis (2007),0.21154074563695405
159,5,162590,Bridget Jones's Baby (2016),0.21115444811303527
159,6,100083,Movie 43 (2013),0.2103921346876541
159,7,5969,My Girl 2 (1994),0.1999217530191565
159,8,6422,Shenandoah (1965),0.19417612782572946
159,9,276,Milk Money (1994),0.19305500251694946
159,10,2439,Affliction (1997),0.19253274372932533
160,1,100083,Movie 43 (2013),0.2466517790904656
160,2,55442,Persepolis (2007),0.23102079059870342
160,3,87306,Super 8 (2011),0.22477994044407665
160,4,89580,Neds (2010),0.22363225841139284
160,5,5847,Ragtime (1981),0.22186602167130665
160,6,2439,Affliction (1997),0.2199949905096217
160,7,6341,"Shape of Things, The (2003)",0.2117363887774428
160,8,2046,Flight of the Navigator (1986),0.211041300189198
160,9,93610,Space Battleship Yamato (2010),0.20908805783484824
160,10,94777,Men in Black III (M.III.B.) (M.I.B.³) (2012),0.20773636838382153
161,1,43869,Curious George (2006),0.23196760073296516
161,2,2634,"Mummy, The (1959)",0.2212421801386421
161,3,2633,"Mummy, The (1932)",0.2212421801386421
161,4,135861,Ted 2 (2015),0.20905579574782773
161,5,18,Four Rooms (1995),0.2076932311173016
161,6,3061,Holiday Inn (1942),0.20721702491442795
161,7,5953,Devils on the Doorstep (Guizi lai le) (2000),0.20338278044058172
161,8,95441,Ted (2012),0.20163220389872008
161,9,55269,"Darjeeling Limited, The (2007)",0.20163220389872008
161,10,5088,"Going Places (Valseuses, Les) (1974)",0.19836524649662263
162,1,26152,Batman (1966),0.24630840808727955
162,2,4921,Little Women (1933),0.22465870246504893
162,3,7054,Little Women (1949),0.22465870246504893
162,4,33794,Batman Begins (2005),0.19414527533394468
162,5,3475,"Place in the Sun, A (1951)",0.1931408328611217
162,6,148956,How to Be Single (2016),0.19271855471771926
162,7,69849,Roots (1977),0.18883259047933992
162,8,3213,Batman: Mask of the Phantasm (1993),0.18561067073596066
162,9,167746,The Lego Batman Movie (2017),0.18219859246826164
162,10,2398,Miracle on 34th Street (1947),0.17964145292097328
163,1,3273,Scream 3 (2000),0.2782278891102489
163,2,76173,Micmacs (Micmacs à tire-larigot) (2009),0.2504521709466962
163,3,6210,Volcano High (Whasango) (2001),0.24881613143453987
163,4,6783,"Rules of the Game, The (La règle du jeu) (1939)",0.23756623116495038
163,5,91337,Play the Game (2009),0.23756623116495038
163,6,6246,Talent for the Game (1991),0.23756623116495038
163,7,3263,White Men Can't Jump (1992),0.2327983202864324
163,8,86295,Scream 4 (2011),0.2315722700956693
163,9,3404,Titanic (1953),0.22805801372846257
163,10,27793,Starship Troopers 2: Hero of the Federation (2004),0.22794805490017694
164,1,104925,"Family, The (2013)",0.26460629461925755
164,2,1721,Titanic (1997),0.22338359911464864
164,3,260,Star Wars: Episode IV - A New Hope (1977),0.22175883377599223
164,4,5051,Italian for Beginners (Italiensk for begyndere) (2000),0.21414591052228013
164,5,6537,Terminator 3: Rise of the Machines (2003),0.2082258996031509
164,6,3037,Little Big Man (1970),0.20089174691264886
164,7,25757,"Jazz Singer, The (1927)",0.19754608449766892
164,8,39183,Brokeback Mountain (2005),0.19516484480098967
164,9,26152,Batman (1966),0.19499473233704132
164,10,179819,Star Wars: The Last Jedi (2017),0.19197344497369098
165,1,44931,Secrets of a Soul (Geheimnisse einer Seele) (1926),0.20743202753543735
165,2,67295,Kung Fu Panda: Secrets of the Furious Five (2008),0.20743202753543735
165,3,136556,Kung Fu Panda: Secrets of the Masters (2011),0.20743202753543735
165,4,2976,Bringing Out the Dead (1999),0.19780619309764985
165,5,55442,Persepolis (2007),0.19265815038321454
165,6,3252,Scent of a Woman (1992),0.18380015836539165
165,7,3869,"Naked Gun 2 1/2: The Smell of Fear, The (1991)",0.18310646529897306
165,8,6058,Final Destination 2 (2003),0.17980420464159694
165,9,89580,Neds (2010),0.1765420610725545
165,10,3510,Frequency (2000),0.17584418509879218
166,1,5847,Ragtime (1981),0.21655561475034607
166,2,55442,Persepolis (2007),0.21150526815437026
166,3,89580,Neds (2010),0.20919335863991154
166,4,100083,Movie 43 (2013),0.20911389508714684
166,5,78041,Killers (2010),0.19681008969179187
166,6,85056,I Am Number Four (2011),0.19650143880371784
166,7,26152,Batman (1966),0.19372176022994234
166,8,3708,Firestarter (1984),0.1920443836512775
166,9,4409,Shadows and Fog (1991),0.1919167115056712
166,10,69849,Roots (1977),0.19045673940857347
167,1,100083,Movie 43 (2013),0.2253150104415419
167,2,6942,Love Actually (2003),0.2109151500181586
167,3,3389,Let's Get Harry (1986),0.2089361582338806
167,4,5847,Ragtime (1981),0.20793285429033637
167,5,1701,Deconstructing Harry (1997),0.20782589608263596
167,6,4626,Miracle Mile (1989),0.2072678597781632
167,7,69844,Harry Potter and the Half-Blood Prince (2009),0.20589623770750706
167,8,7215,To Have and Have Not (1944),0.20433280916004454
167,9,74948,Harry Brown (2009),0.20351152252628307
167,10,55442,Persepolis (2007),0.20342882191469697
168,1,76743,Mortadelo & Filemon: The Big Adventure (La gran aventura de Mortadelo y Filemón) (2003),0.2387281144041638
168,2,2632,"Saragossa Manuscript, The (Rekopis znaleziony w Saragossie) (1965)",0.2387281144041638
168,3,1289,Koyaanisqatsi (a.k.a. Koyaanisqatsi: Life Out of Balance) (1983),0.2387281144041638
168,4,26838,"Snapper, The (1993)",0.2387281144041638
168,5,294,"Perez Family, The (1995)",0.2387281144041638
168,6,3323,Chain of Fools (2000),0.2387281144041638
168,7,97285,Take Aim at the Police Van (Sono gosôsha wo nerae: 'Jûsangô taihisen' yori) (1960),0.2387281144041638
168,8,27850,"Yes Men, The (2003)",0.2387281144041638
168,9,6509,Ali: Fear Eats the Soul (Angst essen Seele auf) (1974),0.2387281144041638
168,10,87960,Between the Folds (2008),0.2387281144041638
169,1,6942,Love Actually (2003),0.25248215496257814
169,2,100083,Movie 43 (2013),0.24841508923516814
169,3,89580,Neds (2010),0.24602557474776712
169,4,55442,Persepolis (2007),0.24072670376477215
169,5,25757,"Jazz Singer, The (1927)",0.23535266304504437
169,6,193573,Love Live! The School Idol Movie (2015),0.23461443355645933
169,7,67295,Kung Fu Panda: Secrets of the Furious Five (2008),0.23434467309174253
169,8,136556,Kung Fu Panda: Secrets of the Masters (2011),0.23434467309174253
169,9,44931,Secrets of a Soul (Geheimnisse einer Seele) (1926),0.23434467309174253
169,10,3797,"In Crowd, The (2000)",0.23182794719407734
170,1,26152,Batman (1966),0.22377266499069898
170,2,118880,"Girl Walks Home Alone at Night, A (2014)",0.207575690434653
170,3,33794,Batman Begins (2005),0.1793021741958541
170,4,2398,Miracle on 34th Street (1947),0.17929097031920946
170,5,95624,"Firm, The (2009)",0.17782171157258944
170,6,7781,Twister (1990),0.1751141316007354
170,7,1230,Annie Hall (1977),0.1718352798093144
170,8,86833,Bridesmaids (2011),0.16822235905768818
170,9,3213,Batman: Mask of the Phantasm (1993),0.16757336441661794
170,10,167746,The Lego Batman Movie (2017),0.16648834373908664
171,1,2494,"Last Days, The (1998)",0.19668377312225713
171,2,34326,Last Days (2005),0.19668377312225713
171,3,3708,Firestarter (1984),0.19065838687456274
171,4,3900,Crime and Punishment in Suburbia (2000),0.1903376165064396
171,5,134252,That Munchhausen (1979),0.18847271951599553
171,6,5990,Pinocchio (2002),0.1883540343257737
171,7,55442,Persepolis (2007),0.18746083395464766
171,8,39381,"Proposition, The (2005)",0.18617834685823945
171,9,100083,Movie 43 (2013),0.18583673889104715
171,10,86898,"Tree of Life, The (2011)",0.18516304564830632
172,1,94777,Men in Black III (M.III.B.) (M.I.B.³) (2012),0.25819777674743083
172,2,5459,Men in Black II (a.k.a. MIIB) (a.k.a. MIB 2) (2002),0.25819777674743083
172,3,77798,"Nightmare on Elm Street, A (2010)",0.2439397264684798
172,4,86237,Connections (1978),0.22839883799614577
172,5,54785,Halloween (2007),0.22383405038091636
172,6,2398,Miracle on 34th Street (1947),0.2214585801747312
172,7,120813,Patton Oswalt: My Weakness Is Strong (2009),0.21792532253666244
172,8,128366,Patton Oswalt: Tragedy Plus Comedy Equals Time (2014),0.21792532253666244
172,9,102666,Ivan Vasilievich: Back to the Future (Ivan Vasilievich menyaet professiyu) (1973),0.21230275918196628
172,10,2107,Halloween H20: 20 Years Later (Halloween 7: The Revenge of Laurie Strode) (1998),0.1913546321761623
173,1,26152,Batman (1966),0.3042992909493065
173,2,33794,Batman Begins (2005),0.26279742950227425
173,3,118880,"Girl Walks Home Alone at Night, A (2014)",0.23804073013778873
173,4,3213,Batman: Mask of the Phantasm (1993),0.21935412688107084
173,5,167746,The Lego Batman Movie (2017),0.21761447721103225
173,6,168366,Beauty and the Beast (2017),0.21333598791691052
173,7,58559,"Dark Knight, The (2008)",0.21280435132111838
173,8,91529,"Dark Knight Rises, The (2012)",0.21280435132111838
173,9,49822,"Good Shepherd, The (2006)",0.1975963622725158
173,10,7147,Big Fish (2003),0.18446080057475486
174,1,26152,Batman (1966),0.19514845320036428
174,2,95624,"Firm, The (2009)",0.19389786407118556
174,3,100083,Movie 43 (2013),0.18329385364494255
174,4,33794,Batman Begins (2005),0.18246783003774103
174,5,3869,"Naked Gun 2 1/2: The Smell of Fear, The (1991)",0.18175377937557738
174,6,170357,Dave Chappelle: The Age of Spin (2017),0.1804181403297656
174,7,183197,Dave Chappelle: Equanimity (2017),0.1804181403297656
174,8,276,Milk Money (1994),0.1803790492266304
174,9,103366,Redemption (Hummingbird) (2013),0.1768128148924721
174,10,7115,Deep Red (Profondo rosso) (1975),0.1768128148924721
175,1,4893,When a Stranger Calls (1979),0.24625034935212683
175,2,90343,Footloose (2011),0.23958850445872837
175,3,42002,"Producers, The (2005)",0.22993410682313822
175,4,2145,Pretty in Pink (1986),0.17178380630484158
175,5,7340,Just One of the Guys (1985),0.1715625718005656
175,6,6155,How to Lose a Guy in 10 Days (2003),0.1649574309015208
175,7,193573,Love Live! The School Idol Movie (2015),0.1635496188963941
175,8,1342,Candyman (1992),0.15989770338779605
175,9,4936,Fame (1980),0.15864147104460913
175,10,4812,SpaceCamp (1986),0.15731872131213828
176,1,26152,Batman (1966),0.2540896731074771
176,2,33794,Batman Begins (2005),0.22136605599670986
176,3,95624,"Firm, The (2009)",0.19724570307817837
176,4,3168,Easy Rider (1969),0.1938373264014138
176,5,167746,The Lego Batman Movie (2017),0.19151370057927275
176,6,122922,Doctor Strange (2016),0.1889580147358909
176,7,166015,The African Doctor (2016),0.1889580147358909
176,8,106642,"Day of the Doctor, The (2013)",0.1889580147358909
176,9,2943,Indochine (1992),0.1889580147358909
176,10,2292,Overnight Delivery (1998),0.18459610958913994
177,1,100083,Movie 43 (2013),0.27679558735005766
177,2,55442,Persepolis (2007),0.25912650189249414
177,3,5847,Ragtime (1981),0.24935194425287188
177,4,2439,Affliction (1997),0.23875996237783362
177,5,25757,"Jazz Singer, The (1927)",0.23334601059108367
177,6,69849,Roots (1977),0.23193004582412824
177,7,89580,Neds (2010),0.22998256893275024
177,8,193573,Love Live! The School Idol Movie (2015),0.22841724044345305
177,9,86898,"Tree of Life, The (2011)",0.22574466985817435
177,10,48322,Jackass Number Two (2006),0.22522400092282407
178,1,2116,"Lord of the Rings, The (1978)",0.2476294201707693
178,2,3037,Little Big Man (1970),0.22850676632398267
178,3,109723,"Bag Man, The (2014)",0.2214392677133821
178,4,201,Three Wishes (1995),0.21269465125721737
178,5,25757,"Jazz Singer, The (1927)",0.21256347271464662
178,6,521,Romeo Is Bleeding (1993),0.2074753105243675
178,7,86898,"Tree of Life, The (2011)",0.20360860702155067
178,8,95067,"Thousand Words, A (2012)",0.20253727887803694
178,9,80727,Middle Men (2009),0.2015352841247889
178,10,4023,"Family Man, The (2000)",0.20148889894378078
179,1,5847,Ragtime (1981),0.19794714510187184
179,2,26152,Batman (1966),0.19280677462990442
179,3,100083,Movie 43 (2013),0.18758830755011197
179,4,3708,Firestarter (1984),0.18315892413799248
179,5,33794,Batman Begins (2005),0.18107279703982335
179,6,89580,Neds (2010),0.1751519506131027
179,7,55442,Persepolis (2007),0.173771697883488
179,8,189333,Mission: Impossible - Fallout (2018),0.17260303888190826
179,9,111781,Mission: Impossible - Rogue Nation (2015),0.17260303888190826
179,10,5108,John Q (2002),0.17238701626078207
180,1,1210,Star Wars: Episode VI - Return of the Jedi (1983),0.3040848390920093
180,2,4483,Caddyshack II (1988),0.253393060810099
180,3,7841,Children of Dune (2003),0.23584195885887074
180,4,3224,Woman in the Dunes (Suna no onna) (1964),0.23584195885887074
180,5,7842,Dune (2000),0.23584195885887074
180,6,1215,Army of Darkness (1993),0.20564548355364523
180,7,6365,"Matrix Reloaded, The (2003)",0.19517008229400754
180,8,4462,18 Again! (1988),0.19104653800920107
180,9,1276,Cool Hand Luke (1967),0.18946431581950723
180,10,46530,Superman Returns (2006),0.18392860411333803
181,1,6942,Love Actually (2003),0.2356859447733622
181,2,100083,Movie 43 (2013),0.20499381326463822
181,3,55442,Persepolis (2007),0.19797523448263254
181,4,1230,Annie Hall (1977),0.19239849492203664
181,5,5847,Ragtime (1981),0.187971658708388
181,6,3869,"Naked Gun 2 1/2: The Smell of Fear, The (1991)",0.18716008950609797
181,7,26237,Zabriskie Point (1970),0.18715814749611662
181,8,72378,2012 (2009),0.18685892682503816
181,9,6422,Shenandoah (1965),0.1849934726912782
181,10,2488,Peeping Tom (1960),0.18385614837155634
182,1,100083,Movie 43 (2013),0.26806967311575736
182,2,55442,Persepolis (2007),0.2600960711014127
182,3,89580,Neds (2010),0.2498149646783896
182,4,5847,Ragtime (1981),0.24389327991163418
182,5,2439,Affliction (1997),0.22883336188848613
182,6,4409,Shadows and Fog (1991),0.22820185392142575
182,7,134252,That Munchhausen (1979),0.22689862421112852
182,8,69849,Roots (1977),0.2267580284915324
182,9,6942,Love Actually (2003),0.2266475271928701
182,10,276,Milk Money (1994),0.22460116323304483
183,1,44777,Evil Aliens (2005),0.24882481059885303
183,2,33090,Mutant Aliens (2001),0.24882481059885303
183,3,1320,Alien³ (a.k.a. Alien 3) (1992),0.24882481059885303
183,4,6835,Alien Contamination (1980),0.24882481059885303
183,5,5051,Italian for Beginners (Italiensk for begyndere) (2000),0.24210074881876587
183,6,2991,Live and Let Die (1973),0.22445608203769513
183,7,2948,From Russia with Love (1963),0.21960675534441662
183,8,6283,Cowboy Bebop: The Movie (Cowboy Bebop: Tengoku no Tobira) (2001),0.2147167096579008
183,9,95965,Dragon Ball Z: Bardock - The Father of Goku (Doragon bôru Z: Tatta hitori no saishuu kessen - Furiiza ni itonda Z senshi Kakarotto no chichi) (1990),0.2147167096579008
183,10,6286,"Man Without a Past, The (Mies vailla menneisyyttä) (2002)",0.2147167096579008
184,1,41014,"Bird with the Crystal Plumage, The (Uccello dalle piume di cristallo, L') (1970)",0.23331132407955027
184,2,6666,"Discreet Charm of the Bourgeoisie, The (Charme discret de la bourgeoisie, Le) (1972)",0.23331132407955027
184,3,26347,"Irony of Fate, or Enjoy Your Bath! (Ironiya sudby, ili S legkim parom!) (1975)",0.23331132407955027
184,4,3378,"Ogre, The (Unhold, Der) (1996)",0.23331132407955027
184,5,60291,Gonzo: The Life and Work of Dr. Hunter S. Thompson (2008),0.23331132407955027
184,6,86068,Films to Keep You Awake: The Christmas Tale (Películas para no dormir: Cuento de navidad) (2005),0.23331132407955027
184,7,4380,"Princess and the Warrior, The (Krieger und die Kaiserin, Der) (2000)",0.23331132407955027
184,8,26340,"Twelve Tasks of Asterix, The (Les douze travaux d'Astérix) (1976)",0.23331132407955027
184,9,3323,Chain of Fools (2000),0.23331132407955027
184,10,3412,"Bear, The (Ours, L') (1988)",0.23331132407955027
185,1,2559,"King and I, The (1999)",0.237233870688689
185,2,78499,Toy Story 3 (2010),0.21570629649290873
185,3,1219,Psycho (1960),0.215503154696928
185,4,2671,Notting Hill (1999),0.20494566048889046
185,5,3404,Titanic (1953),0.19939998419405464
185,6,7169,Chasing Liberty (2004),0.1917736963672595
185,7,317,"Santa Clause, The (1994)",0.18856861119050028
185,8,25757,"Jazz Singer, The (1927)",0.1884706283938931
185,9,72591,"Patriot, The (1998)",0.17940775331189984
185,10,168366,Beauty and the Beast (2017),0.17766978235962627
186,1,1831,Lost in Space (1998),0.24423713734334265
186,2,6510,"Bodies, Rest & Motion (1993)",0.24132669819269276
186,3,93610,Space Battleship Yamato (2010),0.23466997833331227
186,4,44777,Evil Aliens (2005),0.22740615734613012
186,5,6835,Alien Contamination (1980),0.22740615734613012
186,6,33090,Mutant Aliens (2001),0.22740615734613012
186,7,87306,Super 8 (2011),0.22108437320100505
186,8,135569,Star Trek Beyond (2016),0.219190469263739
186,9,5596,Spaced Invaders (1990),0.21781124823118406
186,10,6341,"Shape of Things, The (2003)",0.21682729232511075
187,1,118248,Dying of the Light (2014),0.29375726315024203
187,2,69805,"Librarian, The: The Curse of the Judas Chalice (2008)",0.29375726315024203
187,3,3412,"Bear, The (Ours, L') (1988)",0.29375726315024203
187,4,71033,"Secret in Their Eyes, The (El secreto de sus ojos) (2009)",0.29375726315024203
187,5,141890,Beasts of No Nation (2015),0.29375726315024203
187,6,3378,"Ogre, The (Unhold, Der) (1996)",0.29375726315024203
187,7,199,"Umbrellas of Cherbourg, The (Parapluies de Cherbourg, Les) (1964)",0.29375726315024203
187,8,5818,"Crime of Father Amaro, The (Crimen del padre Amaro, El) (2002)",0.29375726315024203
187,9,71160,"Hunt For Gollum, The (2009)",0.29375726315024203
187,10,71732,I Sell the Dead (2008),0.29375726315024203
188,1,2559,"King and I, The (1999)",0.2124144582325804
188,2,6942,Love Actually (2003),0.1960308562715505
188,3,5856,"Do You Remember Dolly Bell? (Sjecas li se, Dolly Bell) (1981)",0.19106648822411348
188,4,116,Anne Frank Remembered (1995),0.19106648822411348
188,5,27644,Remember Me (Ricordati di me) (2003),0.19106648822411348
188,6,51834,Becoming Jane (2007),0.19034632051981548
188,7,8753,Unprecedented: The 2000 Presidential Election (2002),0.18235030616790682
188,8,134184,Elections Day (2007),0.18235030616790682
188,9,8373,"Stepford Wives, The (2004)",0.17890698596749238
188,10,176621,Boniface's Holiday (1965),0.1781146516019246
189,1,2116,"Lord of the Rings, The (1978)",0.4897697940429196
189,2,91529,"Dark Knight Rises, The (2012)",0.2955128249362337
189,3,26152,Batman (1966),0.23243538550714624
189,4,592,Batman (1989),0.23243538550714624
189,5,3241,"Cup, The (Phörpa) (1999)",0.2188398466202705
189,6,129250,Superfast! (2015),0.2188398466202705
189,7,102378,Syrup (2013),0.2188398466202705
189,8,26712,35 Up (1991),0.2188398466202705
189,9,3077,42 Up (1998),0.2188398466202705
189,10,59143,Super High Me (2007),0.2188398466202705
190,1,54001,Harry Potter and the Order of the Phoenix (2007),0.27121343322224206
190,2,69844,Harry Potter and the Half-Blood Prince (2009),0.2705661009395977
190,3,81834,Harry Potter and the Deathly Hallows: Part 1 (2010),0.26354722377888073
190,4,40815,Harry Potter and the Goblet of Fire (2005),0.23966950617299687
190,5,7215,To Have and Have Not (1944),0.22391968664412804
190,6,1701,Deconstructing Harry (1997),0.2182896728357076
190,7,74948,Harry Brown (2009),0.21267492227423815
190,8,4234,"Tailor of Panama, The (2001)",0.20953423541097785
190,9,4626,Miracle Mile (1989),0.2077436055841745
190,10,1438,Dante's Peak (1997),0.20573715503357123
191,1,4488,Colors (1988),0.28686566446655204
191,2,100083,Movie 43 (2013),0.20276685049681312
191,3,55442,Persepolis (2007),0.20102978649905104
191,4,6942,Love Actually (2003),0.19577213445307862
191,5,113374,"Old Lady and the Pigeons, The (La vieille dame et les pigeons) (1997)",0.1937006600721645
191,6,60885,"Zone, The (La Zona) (2007)",0.1937006600721645
191,7,2844,"Minus Man, The (1999)",0.1937006600721645
191,8,45382,Down in the Valley (2005),0.1937006600721645
191,9,90863,George Harrison: Living in the Material World (2011),0.1937006600721645
191,10,118248,Dying of the Light (2014),0.1937006600721645
192,1,95624,"Firm, The (2009)",0.30685891477748756
192,2,5804,"Santa Clause 2, The (2002)",0.23978283393325972
192,3,2019,Seven Samurai (Shichinin no samurai) (1954),0.23321981699214747
192,4,1237,"Seventh Seal, The (Sjunde inseglet, Det) (1957)",0.23321981699214747
192,5,4321,City Slickers (1991),0.2186010335142932
192,6,3196,Stalag 17 (1953),0.18295490818989602
192,7,6296,"Mighty Wind, A (2003)",0.18229368548440078
192,8,42728,Tristan & Isolde (2006),0.18101092867967297
192,9,88785,"Change-Up, The (2011)",0.1804253890609016
192,10,4148,Hannibal (2001),0.17916018750860085
193,1,1210,Star Wars: Episode VI - Return of the Jedi (1983),0.23782155193655388
193,2,163925,"Wings, Legs and Tails (1986)",0.22648699759275653
193,3,72714,Earthlings (2006),0.22648699759275653
193,4,7349,Broken Wings (Knafayim Shvurot) (2002),0.22648699759275653
193,5,64501,Che: Part Two (2008),0.20273476856439368
193,6,5416,Cherish (2002),0.20273476856439368
193,7,64499,Che: Part One (2008),0.20273476856439368
193,8,47446,"Moustache, La (2005)",0.20273476856439368
193,9,103171,Schlussmacher (2013),0.20273476856439368
193,10,100068,Comme un chef (2012),0.20273476856439368
194,1,110387,"Unknown Known, The (2013)",0.25025702612926465
194,2,84601,Unknown (2011),0.25025702612926465
194,3,51037,Unknown (2006),0.25025702612926465
194,4,44511,Unknown White Male (2005),0.25025702612926465
194,5,152037,Grease Live (2016),0.24646529832012365
194,6,7307,Flesh & Blood (1985),0.23317794845839676
194,7,7492,Martin (1977),0.22561408344463219
194,8,5513,Martin Lawrence Live: Runteldat (2002),0.22561408344463219
194,9,7020,Proof (1991),0.22398482258306865
194,10,36527,Proof (2005),0.22398482258306865
195,1,89580,Neds (2010),0.23017663438302036
195,2,100083,Movie 43 (2013),0.22700268444168004
195,3,55442,Persepolis (2007),0.22062816016636064
195,4,3017,Creepshow 2 (1987),0.20543573842168183
195,5,276,Milk Money (1994),0.20473570672139094
195,6,5847,Ragtime (1981),0.2045922433394532
195,7,2439,Affliction (1997),0.20269613699544814
195,8,26681,Bullet in the Head (1990),0.20191264011510876
195,9,5108,John Q (2002),0.19966296328969685
195,10,57522,First Sunday (2008),0.19637899527770872
196,1,1320,Alien³ (a.k.a. Alien 3) (1992),0.24902802849760605
196,2,33090,Mutant Aliens (2001),0.24902802849760605
196,3,44777,Evil Aliens (2005),0.24902802849760605
196,4,6835,Alien Contamination (1980),0.24902802849760605
196,5,2366,King Kong (1933),0.2436025866325383
196,6,2367,King Kong (1976),0.2436025866325383
196,7,3241,"Cup, The (Phörpa) (1999)",0.2088347535139681
196,8,59143,Super High Me (2007),0.2088347535139681
196,9,3077,42 Up (1998),0.2088347535139681
196,10,102378,Syrup (2013),0.2088347535139681
197,1,6981,"Ordet (Word, The) (1955)",0.30944482756631475
197,2,2632,"Saragossa Manuscript, The (Rekopis znaleziony w Saragossie) (1965)",0.30944482756631475
197,3,330,Tales from the Hood (1995),0.30944482756631475
197,4,7118,Wings of Honneamise (Ôritsu uchûgun Oneamisu no tsubasa) (1987),0.30944482756631475
197,5,90863,George Harrison: Living in the Material World (2011),0.30944482756631475
197,6,34072,"March of the Penguins (Marche de l'empereur, La) (2005)",0.30944482756631475
197,7,4928,That Obscure Object of Desire (Cet obscur objet du désir) (1977),0.30944482756631475
197,8,8035,"Stendhal Syndrome, The (Sindrome di Stendhal, La) (1996)",0.30944482756631475
197,9,141890,Beasts of No Nation (2015),0.30944482756631475
197,10,34148,"Beat That My Heart Skipped, The (battre mon coeur s'est arrêté, De) (2005)",0.30944482756631475
198,1,100083,Movie 43 (2013),0.2445861591931453
198,2,55442,Persepolis (2007),0.2303776750302365
198,3,5847,Ragtime (1981),0.22030292122001924
198,4,94777,Men in Black III (M.III.B.) (M.I.B.³) (2012),0.21909087659259308
198,5,6942,Love Actually (2003),0.2140762264357188
198,6,2439,Affliction (1997),0.21305624487494382
198,7,276,Milk Money (1994),0.21297420375997758
198,8,69849,Roots (1977),0.21146959266914195
198,9,89580,Neds (2010),0.20961917784409934
198,10,87306,Super 8 (2011),0.2071602478684002
199,1,100083,Movie 43 (2013),0.24851168955927658
199,2,55442,Persepolis (2007),0.2422726420572369
199,3,7349,Broken Wings (Knafayim Shvurot) (2002),0.23599653904495202
199,4,72714,Earthlings (2006),0.23599653904495202
199,5,163925,"Wings, Legs and Tails (1986)",0.23599653904495202
199,6,5847,Ragtime (1981),0.23044086555779122
199,7,3684,"Fabulous Baker Boys, The (1989)",0.2271602102399287
199,8,25757,"Jazz Singer, The (1927)",0.22288817536021774
199,9,6422,Shenandoah (1965),0.21944801687411228
199,10,69849,Roots (1977),0.21830244953285438
200,1,100083,Movie 43 (2013),0.24482060422716223
200,2,55442,Persepolis (2007),0.22957216998274274
200,3,25757,"Jazz Singer, The (1927)",0.2227177462543182
200,4,69849,Roots (1977),0.22189388178582412
200,5,3388,Harry and the Hendersons (1987),0.21875636421320582
200,6,193573,Love Live! The School Idol Movie (2015),0.2174090916172129
200,7,5847,Ragtime (1981),0.21670545520791112
200,8,3684,"Fabulous Baker Boys, The (1989)",0.2159193449261473
200,9,201,Three Wishes (1995),0.21577571866949352
200,10,86898,"Tree of Life, The (2011)",0.21188691353584746
201,1,100083,Movie 43 (2013),0.2203633704970118
201,2,102666,Ivan Vasilievich: Back to the Future (Ivan Vasilievich menyaet professiyu) (1973),0.213953914104833
201,3,6942,Love Actually (2003),0.20237798490308337
201,4,163925,"Wings, Legs and Tails (1986)",0.20059305046077697
201,5,72714,Earthlings (2006),0.20059305046077697
201,6,1211,"Wings of Desire (Himmel über Berlin, Der) (1987)",0.20059305046077697
201,7,7349,Broken Wings (Knafayim Shvurot) (2002),0.20059305046077697
201,8,25757,"Jazz Singer, The (1927)",0.19780237491404384
201,9,86898,"Tree of Life, The (2011)",0.19667124846947442
201,10,5308,Three Men and a Baby (1987),0.1958953555052347
202,1,55442,Persepolis (2007),0.239358786466908
202,2,100083,Movie 43 (2013),0.23683417049127584
202,3,7569,You Only Live Twice (1967),0.22413303658288958
202,4,5847,Ragtime (1981),0.22334255362183908
202,5,69849,Roots (1977),0.22329756548456997
202,6,2439,Affliction (1997),0.2223399141548017
202,7,89580,Neds (2010),0.21984163955788308
202,8,136020,Spectre (2015),0.2183662578193299
202,9,86898,"Tree of Life, The (2011)",0.21534273836492532
202,10,2376,"View to a Kill, A (1985)",0.2149956244398558
203,1,2116,"Lord of the Rings, The (1978)",0.3301620155852579
203,2,54001,Harry Potter and the Order of the Phoenix (2007),0.2801314828142646
203,3,88125,Harry Potter and the Deathly Hallows: Part 2 (2011),0.25910913723716095
203,4,26614,"Bourne Identity, The (1988)",0.2572985429850017
203,5,69844,Harry Potter and the Half-Blood Prince (2009),0.25359505717360764
203,6,81834,Harry Potter and the Deathly Hallows: Part 1 (2010),0.23992345292417958
203,7,5796,Casino Royale (1967),0.23116713359726318
203,8,54286,"Bourne Ultimatum, The (2007)",0.21986584629667053
203,9,5816,Harry Potter and the Chamber of Secrets (2002),0.21893761614390903
203,10,7215,To Have and Have Not (1944),0.20990687746733985
204,1,55442,Persepolis (2007),0.20064964472374083
204,2,6210,Volcano High (Whasango) (2001),0.19647980385434696
204,3,44931,Secrets of a Soul (Geheimnisse einer Seele) (1926),0.19398138147323188
204,4,5415,Divine Secrets of the Ya-Ya Sisterhood (2002),0.19398138147323188
204,5,136556,Kung Fu Panda: Secrets of the Masters (2011),0.19398138147323188
204,6,100083,Movie 43 (2013),0.1909758425239846
204,7,134252,That Munchhausen (1979),0.18778437920572894
204,8,91529,"Dark Knight Rises, The (2012)",0.18719150859352704
204,9,1967,Labyrinth (1986),0.18661895826722555
204,10,89580,Neds (2010),0.18453433992301627
205,1,1701,Deconstructing Harry (1997),0.43261157255985017
205,2,121035,Houdini (2014),0.4084466391366519
205,3,7215,To Have and Have Not (1944),0.40584480734097667
205,4,74948,Harry Brown (2009),0.39509735735300605
205,5,4234,"Tailor of Panama, The (2001)",0.3740767778090915
205,6,3388,Harry and the Hendersons (1987),0.3578521070486398
205,7,1438,Dante's Peak (1997),0.3574857590955125
205,8,26492,Twilight Zone: The Movie (1983),0.34986207033301986
205,9,27741,"Twilight Samurai, The (Tasogare Seibei) (2002)",0.34986207033301986
205,10,4626,Miracle Mile (1989),0.344916181415487
206,1,180497,The Post (2017),0.27115384798042297
206,2,189333,Mission: Impossible - Fallout (2018),0.2359615369737296
206,3,111781,Mission: Impossible - Rogue Nation (2015),0.2359615369737296
206,4,7781,Twister (1990),0.23542646860579913
206,5,915,Sabrina (1954),0.22374854120760573
206,6,54121,Broken Arrow (1950),0.22360172509028242
206,7,25746,"Hunchback of Notre Dame, The (1923)",0.21027061343966594
206,8,7079,"Hunchback of Notre Dame, The (1939)",0.21027061343966594
206,9,30793,Charlie and the Chocolate Factory (2005),0.20285456984784755
206,10,2759,Dick (1999),0.17953648085919294
207,1,3639,"Man with the Golden Gun, The (1974)",0.258025724026813
207,2,2948,From Russia with Love (1963),0.2571580892091354
207,3,2947,Goldfinger (1964),0.2560550110678053
207,4,2989,For Your Eyes Only (1981),0.2529444433053964
207,5,2376,"View to a Kill, A (1985)",0.25230001772451355
207,6,3224,Woman in the Dunes (Suna no onna) (1964),0.251763365303389
207,7,7842,Dune (2000),0.251763365303389
207,8,7841,Children of Dune (2003),0.251763365303389
207,9,77798,"Nightmare on Elm Street, A (2010)",0.2460059958661649
207,10,3984,Diamonds Are Forever (1971),0.24414929071788835
208,1,95875,Total Recall (2012),0.22798103934757777
208,2,260,Star Wars: Episode IV - A New Hope (1977),0.22178667004175687
208,3,139415,Irrational Man (2015),0.22057096858605174
208,4,141810,Autumn Marathon (1979),0.22057096858605174
208,5,26082,Harakiri (Seppuku) (1962),0.22057096858605174
208,6,27846,"Corporation, The (2003)",0.22057096858605174
208,7,101529,"Brass Teapot, The (2012)",0.22057096858605174
208,8,82857,Sweetgrass (2009),0.22057096858605174
208,9,157407,I Am Wrath (2016),0.22057096858605174
208,10,511,"Program, The (1993)",0.22057096858605174
209,1,2116,"Lord of the Rings, The (1978)",0.38337323414031743
209,2,69746,Watchmen: Tales of the Black Freighter (2009),0.20743382305283403
209,3,745,Wallace & Gromit: A Close Shave (1995),0.195286762372618
209,4,5088,"Going Places (Valseuses, Les) (1974)",0.195286762372618
209,5,101525,"Place Beyond the Pines, The (2012)",0.195286762372618
209,6,90528,This Must Be the Place (2011),0.195286762372618
209,7,1807,"Cool, Dry Place, A (1998)",0.195286762372618
209,8,146688,Solace (2015),0.195286762372618
209,9,3404,Titanic (1953),0.18568758643420566
209,10,32511,"Touch of Zen, A (Xia nu) (1971)",0.18146868229680008
210,1,95510,"Amazing Spider-Man, The (2012)",0.22677081658586629
210,2,110553,The Amazing Spider-Man 2 (2014),0.22677081658586629
210,3,81834,Harry Potter and the Deathly Hallows: Part 1 (2010),0.21916270895211168
210,4,54001,Harry Potter and the Order of the Phoenix (2007),0.21783045976807472
210,5,117368,The Madagascar Penguins in a Christmas Caper (2005),0.21441021799206167
210,6,4994,"Majestic, The (2001)",0.20565735790025902
210,7,1831,Lost in Space (1998),0.20106578808516312
210,8,40815,Harry Potter and the Goblet of Fire (2005),0.20070149049656205
210,9,3389,Let's Get Harry (1986),0.19845198508733874
210,10,1438,Dante's Peak (1997),0.19756426571098532
211,1,2991,Live and Let Die (1973),0.2751415855343529
211,2,3639,"Man with the Golden Gun, The (1974)",0.2588354738512252
211,3,5796,Casino Royale (1967),0.2570488391941261
211,4,2989,For Your Eyes Only (1981),0.25140196767274636
211,5,3984,Diamonds Are Forever (1971),0.2498579636278219
211,6,2376,"View to a Kill, A (1985)",0.248749274581575
211,7,136020,Spectre (2015),0.24383829258039724
211,8,7569,You Only Live Twice (1967),0.23748150437274054
211,9,26614,"Bourne Identity, The (1988)",0.2355898800551508
211,10,96079,Skyfall (2012),0.23406684407936185
212,1,100083,Movie 43 (2013),0.24042466614318733
212,2,55442,Persepolis (2007),0.22852122772315583
212,3,5847,Ragtime (1981),0.22690359463670903
212,4,89580,Neds (2010),0.21542880038012524
212,5,2439,Affliction (1997),0.21328554543910938
212,6,6942,Love Actually (2003),0.21111523704996196
212,7,193573,Love Live! The School Idol Movie (2015),0.20428247126164334
212,8,134252,That Munchhausen (1979),0.20329888486917627
212,9,86898,"Tree of Life, The (2011)",0.200564045342262
212,10,96815,V/H/S (2012),0.19993502624629464
213,1,2116,"Lord of the Rings, The (1978)",0.23405703572364164
213,2,89580,Neds (2010),0.20355566867758887
213,3,96691,Resident Evil: Retribution (2012),0.2027241211628568
213,4,85056,I Am Number Four (2011),0.20171470887509166
213,5,64249,Shrek the Halls (2007),0.2009734031600469
213,6,100498,"Good Day to Die Hard, A (2013)",0.1916764021543386
213,7,49651,Rocky Balboa (2006),0.18727773824946736
213,8,3708,Firestarter (1984),0.18495628777922796
213,9,8880,Mask (1985),0.1838227653286483
213,10,2625,Black Mask (Hak hap) (1996),0.1838227653286483
214,1,7781,Twister (1990),0.24626420088288606
214,2,111781,Mission: Impossible - Rogue Nation (2015),0.24043972507759878
214,3,189333,Mission: Impossible - Fallout (2018),0.24043972507759878
214,4,6722,Once Upon a Time in China II (Wong Fei-hung Ji Yi: Naam yi dong ji keung) (1992),0.2365664143090928
214,5,1209,Once Upon a Time in the West (C'era una volta il West) (1968),0.2365664143090928
214,6,6723,Once Upon a Time in China III (Wong Fei-hung tsi sam: Siwong tsangba) (1993),0.2365664143090928
214,7,2136,"Nutty Professor, The (1963)",0.23631018703815307
214,8,30793,Charlie and the Chocolate Factory (2005),0.22302136749595947
214,9,3668,Romeo and Juliet (1968),0.20918021466534384
214,10,3114,Toy Story 2 (1999),0.19567527823207903
215,1,2116,"Lord of the Rings, The (1978)",0.22208539406643024
215,2,89580,Neds (2010),0.2136729861105364
215,3,100083,Movie 43 (2013),0.20231948362804222
215,4,55442,Persepolis (2007),0.19924141302358553
215,5,85056,I Am Number Four (2011),0.19823031954765508
215,6,5847,Ragtime (1981),0.19818594732196498
215,7,96821,"Perks of Being a Wallflower, The (2012)",0.19485967216023992
215,8,2439,Affliction (1997),0.1914840153253728
215,9,193573,Love Live! The School Idol Movie (2015),0.1913810228545044
215,10,6796,Boyz N the Hood (1991),0.18971916819870652
216,1,201,Three Wishes (1995),0.2461647117042396
216,2,104925,"Family, The (2013)",0.2390663289394874
216,3,100083,Movie 43 (2013),0.23141678987364542
216,4,25757,"Jazz Singer, The (1927)",0.23089009480156247
216,5,134252,That Munchhausen (1979),0.22460957072281304
216,6,55442,Persepolis (2007),0.2214768454081412
216,7,86898,"Tree of Life, The (2011)",0.22092287211959166
216,8,276,Milk Money (1994),0.21742434606455976
216,9,5847,Ragtime (1981),0.21459337328660869
216,10,3684,"Fabulous Baker Boys, The (1989)",0.21348476835855892
217,1,100083,Movie 43 (2013),0.2611334316380444
217,2,5847,Ragtime (1981),0.2357741615331806
217,3,55442,Persepolis (2007),0.23328478799489286
217,4,4409,Shadows and Fog (1991),0.22432477887872848
217,5,69849,Roots (1977),0.2237637927722531
217,6,89580,Neds (2010),0.22307494977221695
217,7,6942,Love Actually (2003),0.22055040504212942
217,8,86898,"Tree of Life, The (2011)",0.21851269592386685
217,9,2439,Affliction (1997),0.21439027008593473
217,10,87306,Super 8 (2011),0.21309597225425134
218,1,165343,The Rocky Horror Picture Show: Let's Do the Time Warp Again (2016),0.24580674362475666
218,2,8143,Lola Montès (1955),0.22705128430138988
218,3,96726,Lola Versus (2012),0.22705128430138988
218,4,3706,Angel Heart (1987),0.22288788717803523
218,5,152037,Grease Live (2016),0.22038655578984984
218,6,6783,"Rules of the Game, The (La règle du jeu) (1939)",0.21936227360808636
218,7,6246,Talent for the Game (1991),0.21936227360808636
218,8,91337,Play the Game (2009),0.21936227360808636
218,9,4896,Harry Potter and the Sorcerer's Stone (a.k.a. Harry Potter and the Philosopher's Stone) (2001),0.2130984427175136
218,10,54001,Harry Potter and the Order of the Phoenix (2007),0.2076251904882036
219,1,100083,Movie 43 (2013),0.25277672668924117
219,2,5847,Ragtime (1981),0.23571990302913684
219,3,55442,Persepolis (2007),0.23261296590922845
219,4,6942,Love Actually (2003),0.22127806349544493
219,5,89580,Neds (2010),0.21763352699326838
219,6,4626,Miracle Mile (1989),0.21401187457628784
219,7,3389,Let's Get Harry (1986),0.21356151404321613
219,8,60365,Frosty the Snowman (1969),0.2118493137979736
219,9,91488,"Snowman, The (1982)",0.2118493137979736
219,10,276,Milk Money (1994),0.20965981821400295
220,1,2991,Live and Let Die (1973),0.22763198202003657
220,2,1438,Dante's Peak (1997),0.22048333454912514
220,3,74948,Harry Brown (2009),0.2122256224208835
220,4,3389,Let's Get Harry (1986),0.21187466660822213
220,5,2948,From Russia with Love (1963),0.2117202856632193
220,6,3984,Diamonds Are Forever (1971),0.21115080183829996
220,7,3639,"Man with the Golden Gun, The (1974)",0.20922070447369093
220,8,7215,To Have and Have Not (1944),0.2088868622859512
220,9,5847,Ragtime (1981),0.20763021248213984
220,10,4626,Miracle Mile (1989),0.20751435414188824
221,1,55442,Persepolis (2007),0.2478333123775393
221,2,100083,Movie 43 (2013),0.23745339726797368
221,3,89580,Neds (2010),0.23633998150801155
221,4,5847,Ragtime (1981),0.23564112374566012
221,5,6942,Love Actually (2003),0.23499195341681345
221,6,134252,That Munchhausen (1979),0.22762659199410076
221,7,69849,Roots (1977),0.22635196098641372
221,8,2439,Affliction (1997),0.22523724158086061
221,9,25757,"Jazz Singer, The (1927)",0.21946252231216623
221,10,86898,"Tree of Life, The (2011)",0.21824771210326377
222,1,100083,Movie 43 (2013),0.24692274866872127
222,2,55442,Persepolis (2007),0.23229927743721362
222,3,89580,Neds (2010),0.2281730558743601
222,4,5847,Ragtime (1981),0.21177464789663886
222,5,4409,Shadows and Fog (1991),0.2063705475671435
222,6,3684,"Fabulous Baker Boys, The (1989)",0.20634488162120937
222,7,5108,John Q (2002),0.20408165348506505
222,8,69849,Roots (1977),0.20292005573533792
222,9,3869,"Naked Gun 2 1/2: The Smell of Fear, The (1991)",0.20220015618388834
222,10,33679,Mr. & Mrs. Smith (2005),0.2002729292211859
223,1,122926,Untitled Spider-Man Reboot (2017),0.2111829104424243
223,2,95510,"Amazing Spider-Man, The (2012)",0.18927242677597106
223,3,110553,The Amazing Spider-Man 2 (2014),0.18927242677597106
223,4,8643,"Cinderella Story, A (2004)",0.18853155664561347
223,5,64249,Shrek the Halls (2007),0.18843768854580428
223,6,52722,Spider-Man 3 (2007),0.1834088048325678
223,7,8361,"Day After Tomorrow, The (2004)",0.1813161088180391
223,8,3388,Harry and the Hendersons (1987),0.18060139592436447
223,9,118082,The Voices (2014),0.17917255076319355
223,10,3708,Firestarter (1984),0.17887191437078573
224,1,3404,Titanic (1953),0.24953178654876215
224,2,4483,Caddyshack II (1988),0.2291581519885548
224,3,32584,"Ballad of Jack and Rose, The (2005)",0.22541483942129154
224,4,25757,"Jazz Singer, The (1927)",0.21868108464477012
224,5,104925,"Family, The (2013)",0.21866681001963076
224,6,4023,"Family Man, The (2000)",0.21866681001963076
224,7,6942,Love Actually (2003),0.2095505991869846
224,8,87660,Too Big to Fail (2011),0.2077838501823397
224,9,1827,"Big One, The (1997)",0.2077838501823397
224,10,6949,"Big Empty, The (2003)",0.2077838501823397
225,1,26523,"Silent Night, Deadly Night (1984)",0.2056812799222392
225,2,100083,Movie 43 (2013),0.2046648465755682
225,3,102666,Ivan Vasilievich: Back to the Future (Ivan Vasilievich menyaet professiyu) (1973),0.2041023430638644
225,4,4342,Big Eden (2000),0.20183108391376892
225,5,119,"Steal Big, Steal Little (1995)",0.20183108391376892
225,6,87660,Too Big to Fail (2011),0.20183108391376892
225,7,1827,"Big One, The (1997)",0.20183108391376892
225,8,8743,Biggles (1986),0.20183108391376892
225,9,6949,"Big Empty, The (2003)",0.20183108391376892
225,10,3263,White Men Can't Jump (1992),0.20102635518942538
226,1,100083,Movie 43 (2013),0.2756074114001125
226,2,55442,Persepolis (2007),0.24059559667307517
226,3,89580,Neds (2010),0.2362566246701019
226,4,5847,Ragtime (1981),0.22789327781771013
226,5,152173,Michael Jackson's Thriller (1983),0.2257737755225929
226,6,149350,Lumberjack Man (2015),0.2257737755225929
226,7,48322,Jackass Number Two (2006),0.2257737755225929
226,8,80139,Jackass 2.5 (2007),0.2257737755225929
226,9,181065,Jack Whitehall: At Large (2017),0.2257737755225929
226,10,193573,Love Live! The School Idol Movie (2015),0.2236763573220049
227,1,55442,Persepolis (2007),0.21083318110883767
227,2,100083,Movie 43 (2013),0.17951800365433876
227,3,90863,George Harrison: Living in the Material World (2011),0.17828138842750801
227,4,27899,What the #$*! Do We Know!? (a.k.a. What the Bleep Do We Know!?) (2004),0.17828138842750801
227,5,1652,Year of the Horse (1997),0.17828138842750801
227,6,3473,Jonah Who Will Be 25 in the Year 2000 (Jonas qui aura 25 ans en l'an 2000) (1976),0.17828138842750801
227,7,127204,The Overnight (2015),0.17828138842750801
227,8,7243,Intolerance: Love's Struggle Throughout the Ages (1916),0.17828138842750801
227,9,26701,Patlabor: The Movie (Kidô keisatsu patorebâ: The Movie) (1989),0.17828138842750801
227,10,171251,"Nobody Speak: Hulk Hogan, Gawker and Trials of a Free Press (2017)",0.17828138842750801
228,1,1210,Star Wars: Episode VI - Return of the Jedi (1983),0.28284117049708274
228,2,6835,Alien Contamination (1980),0.278527314709491
228,3,33090,Mutant Aliens (2001),0.278527314709491
228,4,1320,Alien³ (a.k.a. Alien 3) (1992),0.278527314709491
228,5,44777,Evil Aliens (2005),0.278527314709491
228,6,1376,Star Trek IV: The Voyage Home (1986),0.2556075409604417
228,7,135569,Star Trek Beyond (2016),0.21998499481256267
228,8,1374,Star Trek II: The Wrath of Khan (1982),0.21311945189751974
228,9,93610,Space Battleship Yamato (2010),0.207180397859128
228,10,6365,"Matrix Reloaded, The (2003)",0.2071788930403122
229,1,118880,"Girl Walks Home Alone at Night, A (2014)",0.20874716870075014
229,2,26152,Batman (1966),0.19441622008019901
229,3,5847,Ragtime (1981),0.18196847792596357
229,4,6942,Love Actually (2003),0.18009791005861964
229,5,55442,Persepolis (2007),0.17918727202469625
229,6,69849,Roots (1977),0.1783656877181971
229,7,100083,Movie 43 (2013),0.17755571565558703
229,8,51167,My Father and My Son (Babam ve oglum) (2005),0.17722606327983273
229,9,60818,Hogfather (Terry Pratchett's Hogfather) (2006),0.17722606327983273
229,10,65188,Dear Zachary: A Letter to a Son About His Father (2008),0.17722606327983273
230,1,94777,Men in Black III (M.III.B.) (M.I.B.³) (2012),0.24002910432683525
230,2,122926,Untitled Spider-Man Reboot (2017),0.2234582021703189
230,3,104925,"Family, The (2013)",0.22287245251534668
230,4,4023,"Family Man, The (2000)",0.22287245251534668
230,5,163925,"Wings, Legs and Tails (1986)",0.22267835194333166
230,6,7349,Broken Wings (Knafayim Shvurot) (2002),0.22267835194333166
230,7,1211,"Wings of Desire (Himmel über Berlin, Der) (1987)",0.22267835194333166
230,8,72714,Earthlings (2006),0.22267835194333166
230,9,4462,18 Again! (1988),0.2225318320674668
230,10,6942,Love Actually (2003),0.2164324486913121
231,1,1320,Alien³ (a.k.a. Alien 3) (1992),0.30631011652791995
231,2,6835,Alien Contamination (1980),0.30631011652791995
231,3,44777,Evil Aliens (2005),0.30631011652791995
231,4,33090,Mutant Aliens (2001),0.30631011652791995
231,5,5051,Italian for Beginners (Italiensk for begyndere) (2000),0.3021441881780546
231,6,1210,Star Wars: Episode VI - Return of the Jedi (1983),0.2855777148702376
231,7,6537,Terminator 3: Rise of the Machines (2003),0.23661729676854587
231,8,102666,Ivan Vasilievich: Back to the Future (Ivan Vasilievich menyaet professiyu) (1973),0.2189926171516696
231,9,100498,"Good Day to Die Hard, A (2013)",0.21112990698736492
231,10,31590,Hands Off the Loot (Touchez pas au grisbi) (1954),0.20916511857262038
232,1,100083,Movie 43 (2013),0.2848738899630441
232,2,55442,Persepolis (2007),0.25309643615374167
232,3,89580,Neds (2010),0.243751743746847
232,4,5847,Ragtime (1981),0.24046180109841028
232,5,69849,Roots (1977),0.23265038829096463
232,6,2439,Affliction (1997),0.23224251024553721
232,7,86898,"Tree of Life, The (2011)",0.22920407005273646
232,8,25757,"Jazz Singer, The (1927)",0.22805702158146174
232,9,193573,Love Live! The School Idol Movie (2015),0.22739936654085235
232,10,104925,"Family, The (2013)",0.22558799775568972
233,1,100083,Movie 43 (2013),0.2249185826327747
233,2,55442,Persepolis (2007),0.21078166870436224
233,3,5847,Ragtime (1981),0.20945908339002905
233,4,6942,Love Actually (2003),0.2051530057744784
233,5,2439,Affliction (1997),0.19274147024256313
233,6,4409,Shadows and Fog (1991),0.19099720029174394
233,7,74948,Harry Brown (2009),0.18969702313739703
233,8,2116,"Lord of the Rings, The (1978)",0.18907100453378678
233,9,86898,"Tree of Life, The (2011)",0.18785368757410892
233,10,89580,Neds (2010),0.18700282026147824
234,1,100083,Movie 43 (2013),0.22967959008615102
234,2,1320,Alien³ (a.k.a. Alien 3) (1992),0.2007419625767066
234,3,44777,Evil Aliens (2005),0.2007419625767066
234,4,33090,Mutant Aliens (2001),0.2007419625767066
234,5,6835,Alien Contamination (1980),0.2007419625767066
234,6,1831,Lost in Space (1998),0.19947337743451884
234,7,55442,Persepolis (2007),0.1983454205476684
234,8,5847,Ragtime (1981),0.19356887740627707
234,9,2439,Affliction (1997),0.19262546231065864
234,10,121469,Killer Movie (2008),0.1909577633553451
235,1,26198,"Yours, Mine and Ours (1968)",0.2039622319158979
235,2,40962,"Yours, Mine and Ours (2005)",0.2039622319158979
235,3,26152,Batman (1966),0.1939224289524156
235,4,118880,"Girl Walks Home Alone at Night, A (2014)",0.18887130006596825
235,5,3684,"Fabulous Baker Boys, The (1989)",0.18830487655285008
235,6,6942,Love Actually (2003),0.1873920655603971
235,7,4661,Sea of Love (1989),0.18675237506351947
235,8,32009,Tyler Perry's Diary of a Mad Black Woman (2005),0.18182857434852837
235,9,100083,Movie 43 (2013),0.1798006671548988
235,10,104925,"Family, The (2013)",0.17926704304421118
236,1,1999,"Exorcist III, The (1990)",0.2941729706150484
236,2,54785,Halloween (2007),0.23703085184032596
236,3,45662,"Omen, The (2006)",0.21930074834430643
236,4,4124,Jaws: The Revenge (1987),0.21760298834766137
236,5,105731,Carrie (2013),0.2142400826093761
236,6,32914,Carrie (2002),0.2142400826093761
236,7,33090,Mutant Aliens (2001),0.21371532162884957
236,8,1320,Alien³ (a.k.a. Alien 3) (1992),0.21371532162884957
236,9,44777,Evil Aliens (2005),0.21371532162884957
236,10,6835,Alien Contamination (1980),0.21371532162884957
237,1,1373,Star Trek V: The Final Frontier (1989),0.3118571384158648
237,2,6510,"Bodies, Rest & Motion (1993)",0.3091230883950138
237,3,1376,Star Trek IV: The Voyage Home (1986),0.29252202197472327
237,4,102445,Star Trek Into Darkness (2013),0.2857990678452017
237,5,135569,Star Trek Beyond (2016),0.28319634607920197
237,6,68358,Star Trek (2009),0.2762028368794438
237,7,3652,"City of the Living Dead (a.k.a. Gates of Hell, The) (Paura nella città dei morti viventi) (1980)",0.23741374195593498
237,8,5818,"Crime of Father Amaro, The (Crimen del padre Amaro, El) (2002)",0.23741374195593498
237,9,26838,"Snapper, The (1993)",0.23741374195593498
237,10,3067,Women on the Verge of a Nervous Breakdown (Mujeres al borde de un ataque de nervios) (1988),0.23741374195593498
238,1,7326,"Reckoning, The (2004)",0.23722308871748993
238,2,7925,"Hidden Fortress, The (Kakushi-toride no san-akunin) (1958)",0.2148006097848413
238,3,4159,3000 Miles to Graceland (2001),0.20325896195789664
238,4,2707,Arlington Road (1999),0.1997851320856797
238,5,2470,Crocodile Dundee (1986),0.1991348352495652
238,6,55276,Michael Clayton (2007),0.19880092477462263
238,7,40723,Wolf Creek (2005),0.19553694866379687
238,8,333,Tommy Boy (1995),0.1943311137930871
238,9,7007,"Last Boy Scout, The (1991)",0.1935446714029187
238,10,279,My Family (1995),0.1916994727111417
239,1,5847,Ragtime (1981),0.23610329135248764
239,2,100083,Movie 43 (2013),0.2248124570820826
239,3,55442,Persepolis (2007),0.22471339633744017
239,4,74948,Harry Brown (2009),0.22425879952207248
239,5,4626,Miracle Mile (1989),0.22334630044716722
239,6,3389,Let's Get Harry (1986),0.21870735014510345
239,7,91488,"Snowman, The (1982)",0.21681989349291156
239,8,60365,Frosty the Snowman (1969),0.21681989349291156
239,9,1438,Dante's Peak (1997),0.21580569943471722
239,10,7215,To Have and Have Not (1944),0.21430024668958633
240,1,100083,Movie 43 (2013),0.21940933267037094
240,2,201,Three Wishes (1995),0.2027975790180119
240,3,55442,Persepolis (2007),0.19679399740879738
240,4,6942,Love Actually (2003),0.19583922127642298
240,5,86898,"Tree of Life, The (2011)",0.19398166622460467
240,6,5847,Ragtime (1981),0.19282478610392825
240,7,2439,Affliction (1997),0.19163490684932089
240,8,3708,Firestarter (1984),0.19127620680320162
240,9,3565,Where the Heart Is (2000),0.19097941841941776
240,10,25757,"Jazz Singer, The (1927)",0.18885799285773427
241,1,5969,My Girl 2 (1994),0.20068572842335455
241,2,96530,Conception (2011),0.19532934121115164
241,3,73681,"Concert, Le (2009)",0.19532934121115164
241,4,6515,You Only Live Once (1937),0.19532934121115164
241,5,100083,Movie 43 (2013),0.19395073066078386
241,6,97328,Liberal Arts (2012),0.19248167946918077
241,7,4857,Fiddler on the Roof (1971),0.1864777214084493
241,8,2023,"Godfather: Part III, The (1990)",0.1863395240958775
241,9,44931,Secrets of a Soul (Geheimnisse einer Seele) (1926),0.18416232174977326
241,10,136556,Kung Fu Panda: Secrets of the Masters (2011),0.18416232174977326
242,1,26152,Batman (1966),0.2618892009759985
242,2,33794,Batman Begins (2005),0.229029663015265
242,3,5804,"Santa Clause 2, The (2002)",0.20736088537326805
242,4,2019,Seven Samurai (Shichinin no samurai) (1954),0.1887857908849399
242,5,1237,"Seventh Seal, The (Sjunde inseglet, Det) (1957)",0.1887857908849399
242,6,167746,The Lego Batman Movie (2017),0.18678214476512384
242,7,3213,Batman: Mask of the Phantasm (1993),0.18653928299857966
242,8,91529,"Dark Knight Rises, The (2012)",0.18441600068977437
242,9,58559,"Dark Knight, The (2008)",0.18441600068977437
242,10,55854,"Fugitive, The (1947)",0.17865600076551805
243,1,26152,Batman (1966),0.2536884933929126
243,2,118880,"Girl Walks Home Alone at Night, A (2014)",0.21380696436528163
243,3,111781,Mission: Impossible - Rogue Nation (2015),0.20568375828491198
243,4,189333,Mission: Impossible - Fallout (2018),0.20568375828491198
243,5,167746,The Lego Batman Movie (2017),0.20367516337148017
243,6,7781,Twister (1990),0.19982630061353382
243,7,33794,Batman Begins (2005),0.1926557135125719
243,8,136297,Mortal Kombat: The Journey Begins (1995),0.18562841143133177
243,9,3213,Batman: Mask of the Phantasm (1993),0.18448584617859243
243,10,91529,"Dark Knight Rises, The (2012)",0.18415508099063851
244,1,94777,Men in Black III (M.III.B.) (M.I.B.³) (2012),0.20072777523621393
244,2,5459,Men in Black II (a.k.a. MIIB) (a.k.a. MIB 2) (2002),0.20072777523621393
244,3,4339,Von Ryan's Express (1965),0.18867118715675893
244,4,100083,Movie 43 (2013),0.18807336255154755
244,5,7925,"Hidden Fortress, The (Kakushi-toride no san-akunin) (1958)",0.18239325679275098
244,6,169984,Alien: Covenant (2017),0.1800426066233599
244,7,55442,Persepolis (2007),0.17658271661155653
244,8,1211,"Wings of Desire (Himmel über Berlin, Der) (1987)",0.1745238038127511
244,9,163925,"Wings, Legs and Tails (1986)",0.1745238038127511
244,10,7349,Broken Wings (Knafayim Shvurot) (2002),0.1745238038127511
245,1,6710,Dummy (2002),0.42217502695790554
245,2,97168,Marley (2012),0.42217502695790554
245,3,155358,Camino (2016),0.42217502695790554
245,4,4384,Lumumba (2000),0.42217502695790554
245,5,143031,Jump In! (2007),0.42217502695790554
245,6,175705,Themroc (1973),0.42217502695790554
245,7,58425,Heima (2007),0.42217502695790554
245,8,124851,Delirium (2014),0.42217502695790554
245,9,118572,The Mule (2014),0.42217502695790554
245,10,173963,Empties (2007),0.42217502695790554
246,1,100083,Movie 43 (2013),0.22020091588655263
246,2,86898,"Tree of Life, The (2011)",0.21585333298329748
246,3,55442,Persepolis (2007),0.2135706267935883
246,4,5847,Ragtime (1981),0.21142924389906217
246,5,134252,That Munchhausen (1979),0.20804319929080867
246,6,5308,Three Men and a Baby (1987),0.2028590750235364
246,7,2439,Affliction (1997),0.2005089597572011
246,8,25757,"Jazz Singer, The (1927)",0.19935123694836387
246,9,60365,Frosty the Snowman (1969),0.1991225607304579
246,10,91488,"Snowman, The (1982)",0.1991225607304579
247,1,5816,Harry Potter and the Chamber of Secrets (2002),0.2684903815340893
247,2,74948,Harry Brown (2009),0.25214680883831514
247,3,1701,Deconstructing Harry (1997),0.2472121078559723
247,4,7215,To Have and Have Not (1944),0.24300661412760305
247,5,4234,"Tailor of Panama, The (2001)",0.24166762186867471
247,6,1438,Dante's Peak (1997),0.23491780771860332
247,7,4626,Miracle Mile (1989),0.23442142477996492
247,8,121035,Houdini (2014),0.2267983867165847
247,9,60365,Frosty the Snowman (1969),0.22488593892307635
247,10,91488,"Snowman, The (1982)",0.22488593892307635
248,1,121129,The Hungover Games (2014),0.26349094563022935
248,2,39183,Brokeback Mountain (2005),0.23044541127617865
248,3,3037,Little Big Man (1970),0.21689895702515335
248,4,109723,"Bag Man, The (2014)",0.20984964939571205
248,5,95067,"Thousand Words, A (2012)",0.19777813789402632
248,6,6934,"Matrix Revolutions, The (2003)",0.19527895582564692
248,7,201,Three Wishes (1995),0.19252668017347652
248,8,101864,Oblivion (2013),0.19186619783025122
248,9,25757,"Jazz Singer, The (1927)",0.19066988933163473
248,10,86898,"Tree of Life, The (2011)",0.18865057679622152
249,1,100083,Movie 43 (2013),0.2696207208655788
249,2,55442,Persepolis (2007),0.24534809937877805
249,3,5847,Ragtime (1981),0.2381160643625742
249,4,89580,Neds (2010),0.23496340304305416
249,5,6942,Love Actually (2003),0.2311467594802549
249,6,2439,Affliction (1997),0.22268361125822517
249,7,96815,V/H/S (2012),0.22188726284725196
249,8,134252,That Munchhausen (1979),0.21966145512384222
249,9,69849,Roots (1977),0.21804854266384344
249,10,4409,Shadows and Fog (1991),0.21789793575569663
250,1,261,Little Women (1994),0.2793999917282635
250,2,7054,Little Women (1949),0.2793999917282635
250,3,85438,Jane Eyre (2011),0.24299842285726336
250,4,613,Jane Eyre (1996),0.24299842285726336
250,5,7190,Jane Eyre (1970),0.24299842285726336
250,6,96518,Prime Suspect 6: The Last Witness (2003),0.23837022076682354
250,7,2625,Black Mask (Hak hap) (1996),0.22930280495714314
250,8,2609,"King of Masks, The (Bian Lian) (1996)",0.22930280495714314
250,9,3159,Fantasia 2000 (1999),0.217863265145341
250,10,47491,Adam's Apples (Adams æbler) (2005),0.20098429557213338
251,1,147378,Doctor Who: Planet of the Dead (2009),0.23388822044282315
251,2,171011,Planet Earth II (2016),0.23388822044282315
251,3,179135,Blue Planet II (2017),0.23388822044282315
251,4,184053,Battle Planet (2008),0.23388822044282315
251,5,55805,Before the Devil Knows You're Dead (2007),0.22943711041790377
251,6,1237,"Seventh Seal, The (Sjunde inseglet, Det) (1957)",0.22918192837009949
251,7,2019,Seven Samurai (Shichinin no samurai) (1954),0.22918192837009949
251,8,1,Toy Story (1995),0.21814883867488827
251,9,3114,Toy Story 2 (1999),0.21459860848600001
251,10,62834,Babylon 5: The Legend of the Rangers: To Live and Die in Starlight (2002),0.2134790696152432
252,1,3114,Toy Story 2 (1999),0.24560458362194254
252,2,79684,Paper Man (2009),0.20421530672829524
252,3,128620,Victoria (2015),0.20326748852361126
252,4,89072,Stake Land (2010),0.20277090433848524
252,5,3396,"Muppet Movie, The (1979)",0.19719492617675707
252,6,239,"Goofy Movie, A (1995)",0.19719492617675707
252,7,61394,"Onion Movie, The (2008)",0.19719492617675707
252,8,128968,Stitch! The Movie (2003),0.19719492617675707
252,9,78746,Best Worst Movie (2009),0.19719492617675707
252,10,3287,"Tigger Movie, The (2000)",0.19719492617675707
253,1,161032,The Grandmother (1970),0.23847749036664573
253,2,76091,Mother (Madeo) (2009),0.23847749036664573
253,3,5840,"My Mother's Castle (Château de ma mère, Le) (1990)",0.23847749036664573
253,4,1412,Some Mother's Son (1996),0.23847749036664573
253,5,5225,And Your Mother Too (Y tu mamá también) (2001),0.23847749036664573
253,6,179211,Christina P: Mother Inferior (2017),0.23847749036664573
253,7,1300,My Life as a Dog (Mitt liv som hund) (1985),0.2265276132521809
253,8,87834,My Life as McDull (Mak dau goo si) (2001),0.2265276132521809
253,9,3502,My Life (1993),0.2265276132521809
253,10,6375,Gigantic (A Tale of Two Johns) (2002),0.22647307860834864
254,1,55442,Persepolis (2007),0.20744307518212554
254,2,5847,Ragtime (1981),0.20422655595258987
254,3,2116,"Lord of the Rings, The (1978)",0.20307077128580064
254,4,27899,What the #$*! Do We Know!? (a.k.a. What the Bleep Do We Know!?) (2004),0.19790838295661847
254,5,137859,Dragon Ball Z Gaiden: The Plot to Destroy the Saiyans (1993),0.19790838295661847
254,6,7716,"Lonely Guy, The (1984)",0.19790838295661847
254,7,2813,"Source, The (1999)",0.19790838295661847
254,8,34148,"Beat That My Heart Skipped, The (battre mon coeur s'est arrêté, De) (2005)",0.19790838295661847
254,9,113374,"Old Lady and the Pigeons, The (La vieille dame et les pigeons) (1997)",0.19790838295661847
254,10,720,Wallace & Gromit: The Best of Aardman Animation (1996),0.19790838295661847
255,1,4483,Caddyshack II (1988),0.23332448359761296
255,2,4023,"Family Man, The (2000)",0.2148731070955437
255,3,104925,"Family, The (2013)",0.2148731070955437
255,4,25757,"Jazz Singer, The (1927)",0.20861306146705563
255,5,201,Three Wishes (1995),0.20727192882282952
255,6,3287,"Tigger Movie, The (2000)",0.20298393250070268
255,7,78746,Best Worst Movie (2009),0.20298393250070268
255,8,2566,Doug's 1st Movie (1999),0.20298393250070268
255,9,6116,"Pirate Movie, The (1982)",0.20298393250070268
255,10,128968,Stitch! The Movie (2003),0.20298393250070268
256,1,1831,Lost in Space (1998),0.22764696960218328
256,2,100083,Movie 43 (2013),0.22439262530698928
256,3,89580,Neds (2010),0.21048538664735336
256,4,2205,Mr. & Mrs. Smith (1941),0.20928011798809035
256,5,3869,"Naked Gun 2 1/2: The Smell of Fear, The (1991)",0.207512607664398
256,6,87306,Super 8 (2011),0.20076484514835063
256,7,3684,"Fabulous Baker Boys, The (1989)",0.19969858702828192
256,8,94777,Men in Black III (M.III.B.) (M.I.B.³) (2012),0.19969312326646135
256,9,1580,Men in Black (a.k.a. MIB) (1997),0.19969312326646135
256,10,2439,Affliction (1997),0.19742812985082966
257,1,915,Sabrina (1954),0.24633664119913812
257,2,7153,"Lord of the Rings: The Return of the King, The (2003)",0.23830130934335153
257,3,8254,Arizona Dream (1993),0.22054384604175173
257,4,72921,Snow White (1916),0.21691047080622297
257,5,94780,Snow White and the Huntsman (2012),0.21635792612955723
257,6,2116,"Lord of the Rings, The (1978)",0.2042869726143487
257,7,94015,Mirror Mirror (2012),0.1847858279459325
257,8,3415,"Mirror, The (Zerkalo) (1975)",0.1847858279459325
257,9,176601,Black Mirror,0.1847858279459325
257,10,4993,"Lord of the Rings: The Fellowship of the Ring, The (2001)",0.1843551623589201
258,1,3241,"Cup, The (Phörpa) (1999)",0.27141342475652913
258,2,7566,28 Up (1985),0.27141342475652913
258,3,26712,35 Up (1991),0.27141342475652913
258,4,8464,Super Size Me (2004),0.27141342475652913
258,5,129250,Superfast! (2015),0.27141342475652913
258,6,102378,Syrup (2013),0.27141342475652913
258,7,3077,42 Up (1998),0.27141342475652913
258,8,59143,Super High Me (2007),0.27141342475652913
258,9,1967,Labyrinth (1986),0.2577369294204787
258,10,112852,Guardians of the Galaxy (2014),0.22523206588989533
259,1,5481,Austin Powers in Goldmember (2002),0.278050053629535
259,2,92046,Contact High (2009),0.24342149460862983
259,3,615,Bread and Chocolate (Pane e cioccolata) (1973),0.20525852295286617
259,4,50796,Blood and Chocolate (2007),0.20525852295286617
259,5,321,Strawberry and Chocolate (Fresa y chocolate) (1993),0.20525852295286617
259,6,4703,Chocolat (1988),0.20525852295286617
259,7,265,Like Water for Chocolate (Como agua para chocolate) (1992),0.20525852295286617
259,8,64249,Shrek the Halls (2007),0.18968225664053348
259,9,2116,"Lord of the Rings, The (1978)",0.18834012523376154
259,10,1,Toy Story (1995),0.17043119300601053
260,1,100083,Movie 43 (2013),0.2276511948319181
260,2,93134,"Women on the 6th Floor, The (Les Femmes du 6ème Étage) (2010)",0.2242640484205239
260,3,41014,"Bird with the Crystal Plumage, The (Uccello dalle piume di cristallo, L') (1970)",0.2242640484205239
260,4,5165,Zombie (a.k.a. Zombie 2: The Dead Are Among Us) (Zombi 2) (1979),0.2242640484205239
260,5,363,"Wonderful, Horrible Life of Leni Riefenstahl, The (Macht der Bilder: Leni Riefenstahl, Die) (1993)",0.2242640484205239
260,6,44937,"Child, The (L'enfant) (2005)",0.2242640484205239
260,7,101072,"Unintentional Kidnapping of Mrs. Elfriede Ott, The (Die Unabsichtliche Entführung der Frau Elfriede Ott) (2010)",0.2242640484205239
260,8,7156,"Fog of War: Eleven Lessons from the Life of Robert S. McNamara, The (2003)",0.2242640484205239
260,9,43376,Sophie Scholl: The Final Days (Sophie Scholl - Die letzten Tage) (2005),0.2242640484205239
260,10,42176,"Ear, The (Ucho) (1970)",0.2242640484205239
261,1,33677,Rock School (2005),0.1984150857870901
261,2,3160,Magnolia (1999),0.19029779272139785
261,3,91529,"Dark Knight Rises, The (2012)",0.1878235242247435
261,4,26630,Moonwalker (1988),0.18731735706893712
261,5,150604,Moonwalkers (2015),0.18731735706893712
261,6,1514,Temptress Moon (Feng Yue) (1996),0.18731735706893712
261,7,100083,Movie 43 (2013),0.180109502143061
261,8,3869,"Naked Gun 2 1/2: The Smell of Fear, The (1991)",0.1794144587035899
261,9,7438,Kill Bill: Vol. 2 (2004),0.1788332531885331
261,10,56921,Battlestar Galactica: Razor (2007),0.17237008493618172
262,1,7080,42nd Street (1933),0.19283785484251764
262,2,7116,Diabolique (Les diaboliques) (1955),0.19151802817239402
262,3,74508,Persuasion (2007),0.18669441428196185
262,4,6942,Love Actually (2003),0.18387114529282644
262,5,69849,Roots (1977),0.18008711221539364
262,6,90403,"Three Musketeers, The (2011)",0.17736397769995269
262,7,25946,"Three Musketeers, The (1948)",0.17736397769995269
262,8,31923,"Three Musketeers, The (1973)",0.17736397769995269
262,9,2358,Savior (1998),0.1760584051508634
262,10,55442,Persepolis (2007),0.17348354583331319
263,1,25757,"Jazz Singer, The (1927)",0.24734537189758796
263,2,104925,"Family, The (2013)",0.23062825434878617
263,3,4023,"Family Man, The (2000)",0.23062825434878617
263,4,86898,"Tree of Life, The (2011)",0.22849829336044367
263,5,55442,Persepolis (2007),0.22675730428994015
263,6,5308,Three Men and a Baby (1987),0.22599178911761486
263,7,3037,Little Big Man (1970),0.22426296929624018
263,8,339,While You Were Sleeping (1995),0.22202081568554924
263,9,100083,Movie 43 (2013),0.22021928094329762
263,10,5309,Three Men and a Little Lady (1990),0.21947075159253038
264,1,1373,Star Trek V: The Final Frontier (1989),0.29947329879265466
264,2,135569,Star Trek Beyond (2016),0.2937797462722307
264,3,102445,Star Trek Into Darkness (2013),0.2865605546930769
264,4,1371,Star Trek: The Motion Picture (1979),0.275948922179904
264,5,6510,"Bodies, Rest & Motion (1993)",0.275948922179904
264,6,1375,Star Trek III: The Search for Spock (1984),0.27421196978514756
264,7,5944,Star Trek: Nemesis (2002),0.25007284361079163
264,8,68358,Star Trek (2009),0.24733123992831638
264,9,260,Star Wars: Episode IV - A New Hope (1977),0.22505266158727277
264,10,93610,Space Battleship Yamato (2010),0.2236618183325021
265,1,6510,"Bodies, Rest & Motion (1993)",0.266028968462331
265,2,1372,Star Trek VI: The Undiscovered Country (1991),0.24632858756472117
265,3,135569,Star Trek Beyond (2016),0.23287453032772168
265,4,1831,Lost in Space (1998),0.2215610959043923
265,5,102445,Star Trek Into Darkness (2013),0.21746230030202457
265,6,87306,Super 8 (2011),0.21302957219845545
265,7,100083,Movie 43 (2013),0.21199077757801343
265,8,55442,Persepolis (2007),0.2098295880843871
265,9,86898,"Tree of Life, The (2011)",0.20893841026863566
265,10,5847,Ragtime (1981),0.20814521660484397
266,1,100083,Movie 43 (2013),0.2299869134146439
266,2,89580,Neds (2010),0.21705448815424888
266,3,55442,Persepolis (2007),0.21323024182129105
266,4,1382,Marked for Death (1990),0.200652236400442
266,5,96815,V/H/S (2012),0.19905755938625547
266,6,5847,Ragtime (1981),0.1980388702989618
266,7,193573,Love Live! The School Idol Movie (2015),0.195221074058001
266,8,6942,Love Actually (2003),0.19040825771810194
266,9,3017,Creepshow 2 (1987),0.18823099337129853
266,10,142598,Last Shift (2014),0.1873719307236248
267,1,44777,Evil Aliens (2005),0.2611632808293316
267,2,1214,Alien (1979),0.2611632808293316
267,3,6835,Alien Contamination (1980),0.2611632808293316
267,4,33090,Mutant Aliens (2001),0.2611632808293316
267,5,5051,Italian for Beginners (Italiensk for begyndere) (2000),0.22671653763313487
267,6,8633,"Last Starfighter, The (1984)",0.21599726232582706
267,7,127319,The Loft (2014),0.19889714236839423
267,8,1276,Cool Hand Luke (1967),0.19575647988892877
267,9,1831,Lost in Space (1998),0.1947619045149594
267,10,42725,Grandma's Boy (2006),0.19249263352590462
268,1,100083,Movie 43 (2013),0.21956805065079885
268,2,55442,Persepolis (2007),0.21330248739740817
268,3,5847,Ragtime (1981),0.2104783141647467
268,4,69849,Roots (1977),0.20853606334987126
268,5,89580,Neds (2010),0.20633823518749536
268,6,5108,John Q (2002),0.1943400706162907
268,7,193573,Love Live! The School Idol Movie (2015),0.1934542545660264
268,8,276,Milk Money (1994),0.19332903930573256
268,9,78041,Killers (2010),0.19090654374422666
268,10,81512,Hereafter (2010),0.18898387447168974
269,1,189333,Mission: Impossible - Fallout (2018),0.2381203094631147
269,2,111781,Mission: Impossible - Rogue Nation (2015),0.2381203094631147
269,3,54121,Broken Arrow (1950),0.21541384958284104
269,4,934,Father of the Bride (1950),0.1922435628079453
269,5,6944,Father of the Bride (1991),0.1922435628079453
269,6,25959,Annie Get Your Gun (1950),0.19207083540778427
269,7,25746,"Hunchback of Notre Dame, The (1923)",0.18808219336068924
269,8,7079,"Hunchback of Notre Dame, The (1939)",0.18808219336068924
269,9,6687,My Boss's Daughter (2003),0.18777813790432363
269,10,30793,Charlie and the Chocolate Factory (2005),0.18545418375666384
270,1,180497,The Post (2017),0.2374262700495637
270,2,189333,Mission: Impossible - Fallout (2018),0.20296396189305382
270,3,111781,Mission: Impossible - Rogue Nation (2015),0.20296396189305382
270,4,7781,Twister (1990),0.19435323982534894
270,5,86833,Bridesmaids (2011),0.19069740146500413
270,6,934,Father of the Bride (1950),0.18511352158098351
270,7,6944,Father of the Bride (1991),0.18511352158098351
270,8,915,Sabrina (1954),0.18249410212565487
270,9,54121,Broken Arrow (1950),0.18016788495316702
270,10,3450,Grumpy Old Men (1993),0.17935534232150158
271,1,44777,Evil Aliens (2005),0.406245677664058
271,2,6835,Alien Contamination (1980),0.406245677664058
271,3,33090,Mutant Aliens (2001),0.406245677664058
271,4,5051,Italian for Beginners (Italiensk for begyndere) (2000),0.35049481422674134
271,5,27408,Ripley's Game (2002),0.2690159758909211
271,6,5953,Devils on the Doorstep (Guizi lai le) (2000),0.22983320650562966
271,7,6510,"Bodies, Rest & Motion (1993)",0.22440048763047502
271,8,169984,Alien: Covenant (2017),0.2041470205364857
271,9,6289,Ghosts of the Abyss (2003),0.1943194311647081
271,10,90943,Into the Abyss (2011),0.1943194311647081
272,1,6934,"Matrix Revolutions, The (2003)",0.27666053765860893
272,2,6537,Terminator 3: Rise of the Machines (2003),0.24201896734540057
272,3,94777,Men in Black III (M.III.B.) (M.I.B.³) (2012),0.24173649636497319
272,4,5459,Men in Black II (a.k.a. MIIB) (a.k.a. MIB 2) (2002),0.24173649636497319
272,5,5796,Casino Royale (1967),0.2132511905703612
272,6,93510,21 Jump Street (2012),0.19495938399110155
272,7,6597,"Princess Blade, The (Shura Yukihime) (2001)",0.19431374021363226
272,8,119828,A Man Called Blade (1977),0.19431374021363226
272,9,120799,Terminator Genisys (2015),0.19239952886918743
272,10,106642,"Day of the Doctor, The (2013)",0.19183600917908206
273,1,118880,"Girl Walks Home Alone at Night, A (2014)",0.2175722635989275
273,2,100083,Movie 43 (2013),0.1997252481544185
273,3,2953,Home Alone 2: Lost in New York (1992),0.1810065155720395
273,4,183197,Dave Chappelle: Equanimity (2017),0.17792821631869882
273,5,170357,Dave Chappelle: The Age of Spin (2017),0.17792821631869882
273,6,55442,Persepolis (2007),0.17513162044253036
273,7,31923,"Three Musketeers, The (1973)",0.1662455578252776
273,8,25946,"Three Musketeers, The (1948)",0.1662455578252776
273,9,90403,"Three Musketeers, The (2011)",0.1662455578252776
273,10,6942,Love Actually (2003),0.16545094744883035
274,1,100083,Movie 43 (2013),0.28358750839076485
274,2,55442,Persepolis (2007),0.2502354610787328
274,3,89580,Neds (2010),0.24372975689153842
274,4,96815,V/H/S (2012),0.24008455826467762
274,5,5847,Ragtime (1981),0.23539221363013668
274,6,2439,Affliction (1997),0.22939633545207128
274,7,87306,Super 8 (2011),0.22692488415200399
274,8,6942,Love Actually (2003),0.22640145615187798
274,9,4409,Shadows and Fog (1991),0.22631127494375608
274,10,134252,That Munchhausen (1979),0.22611771460093844
275,1,100083,Movie 43 (2013),0.25971205687153653
275,2,55442,Persepolis (2007),0.25011477204576227
275,3,6942,Love Actually (2003),0.23537528858671103
275,4,5847,Ragtime (1981),0.23322740137981646
275,5,2439,Affliction (1997),0.2312054724561028
275,6,193573,Love Live! The School Idol Movie (2015),0.2295025724042448
275,7,89580,Neds (2010),0.22829396238798386
275,8,104925,"Family, The (2013)",0.22779867202385953
275,9,5969,My Girl 2 (1994),0.2245372346627943
275,10,134252,That Munchhausen (1979),0.22333271603243462
276,1,80139,Jackass 2.5 (2007),0.24886396595396726
276,2,181065,Jack Whitehall: At Large (2017),0.24886396595396726
276,3,152173,Michael Jackson's Thriller (1983),0.24886396595396726
276,4,149350,Lumberjack Man (2015),0.24886396595396726
276,5,48322,Jackass Number Two (2006),0.24886396595396726
276,6,1276,Cool Hand Luke (1967),0.22752568778018606
276,7,189333,Mission: Impossible - Fallout (2018),0.195008798495429
276,8,111781,Mission: Impossible - Rogue Nation (2015),0.195008798495429
276,9,90528,This Must Be the Place (2011),0.1934147323986633
276,10,185029,A Quiet Place (2018),0.1934147323986633
277,1,33779,Eddie Izzard: Dress to Kill (1999),0.26977902391448183
277,2,7781,Twister (1990),0.22600817963914382
277,3,54121,Broken Arrow (1950),0.21628216623453894
277,4,2136,"Nutty Professor, The (1963)",0.20569073016950182
277,5,861,Supercop (Police Story 3: Supercop) (Jing cha gu shi III: Chao ji jing cha) (1992),0.19658931178831923
277,6,36850,Police Story 2 (Ging chaat goo si juk jaap) (1988),0.19658931178831923
277,7,36931,New Police Story (Xin jing cha gu shi) (2004),0.19658931178831923
277,8,26547,Police Story (Ging chaat goo si) (1985),0.19658931178831923
277,9,30793,Charlie and the Chocolate Factory (2005),0.18836202678746855
277,10,161290,Vigilante Diaries (2016),0.1782096585315897
278,1,77798,"Nightmare on Elm Street, A (2010)",0.264711064272381
278,2,78746,Best Worst Movie (2009),0.2594549865979991
278,3,3007,American Movie (1999),0.2594549865979991
278,4,121469,Killer Movie (2008),0.2594549865979991
278,5,239,"Goofy Movie, A (1995)",0.2594549865979991
278,6,61394,"Onion Movie, The (2008)",0.2594549865979991
278,7,6116,"Pirate Movie, The (1982)",0.2594549865979991
278,8,6025,CB4 - The Movie (1993),0.2594549865979991
278,9,2566,Doug's 1st Movie (1999),0.2594549865979991
278,10,128968,Stitch! The Movie (2003),0.2594549865979991
279,1,100083,Movie 43 (2013),0.21150117917469247
279,2,26614,"Bourne Identity, The (1988)",0.20546902469632675
279,3,55442,Persepolis (2007),0.20079328118516915
279,4,89580,Neds (2010),0.19757313469345164
279,5,5847,Ragtime (1981),0.19649081180799588
279,6,87306,Super 8 (2011),0.1911684176059348
279,7,2116,"Lord of the Rings, The (1978)",0.19113686903387256
279,8,169984,Alien: Covenant (2017),0.18768530740853842
279,9,85885,Room in Rome (Habitación en Roma) (2010),0.18765359349250998
279,10,3017,Creepshow 2 (1987),0.1848326394057494
280,1,100083,Movie 43 (2013),0.24193150156081958
280,2,934,Father of the Bride (1950),0.22547914735038607
280,3,55442,Persepolis (2007),0.22407718189193768
280,4,193573,Love Live! The School Idol Movie (2015),0.22401297167828452
280,5,5969,My Girl 2 (1994),0.22190190160674397
280,6,89580,Neds (2010),0.21515140620372514
280,7,765,Jack (1996),0.21504230586067935
280,8,149350,Lumberjack Man (2015),0.21504230586067935
280,9,80139,Jackass 2.5 (2007),0.21504230586067935
280,10,48322,Jackass Number Two (2006),0.21504230586067935
281,1,1326,Amityville II: The Possession (1982),0.28484314931536153
281,2,1694,"Apostle, The (1997)",0.2800862158854115
281,3,3362,Dog Day Afternoon (1975),0.26198295061287374
281,4,6210,Volcano High (Whasango) (2001),0.25743339274325855
281,5,3152,"Last Picture Show, The (1971)",0.2317233464902791
281,6,2078,"Jungle Book, The (1967)",0.23072202630668504
281,7,7079,"Hunchback of Notre Dame, The (1939)",0.22581435745837067
281,8,25746,"Hunchback of Notre Dame, The (1923)",0.22581435745837067
281,9,57532,Meet the Spartans (2008),0.19741057378532714
281,10,858,"Godfather, The (1972)",0.19703045606566585
282,1,100083,Movie 43 (2013),0.22370660091067954
282,2,55442,Persepolis (2007),0.22340463815671
282,3,5847,Ragtime (1981),0.22065754451849123
282,4,149350,Lumberjack Man (2015),0.21885108483392623
282,5,181065,Jack Whitehall: At Large (2017),0.21885108483392623
282,6,152173,Michael Jackson's Thriller (1983),0.21885108483392623
282,7,765,Jack (1996),0.21885108483392623
282,8,80139,Jackass 2.5 (2007),0.21885108483392623
282,9,89580,Neds (2010),0.21822491991791196
282,10,4409,Shadows and Fog (1991),0.20575860146846753
283,1,5459,Men in Black II (a.k.a. MIIB) (a.k.a. MIB 2) (2002),0.21650724326581258
283,2,94777,Men in Black III (M.III.B.) (M.I.B.³) (2012),0.21650724326581258
283,3,45720,"Devil Wears Prada, The (2006)",0.20206642875216177
283,4,7020,Proof (1991),0.19611340457141258
283,5,36527,Proof (2005),0.19611340457141258
283,6,3114,Toy Story 2 (1999),0.18851479184703948
283,7,78499,Toy Story 3 (2010),0.18410581943970813
283,8,118082,The Voices (2014),0.18406938734664088
283,9,55805,Before the Devil Knows You're Dead (2007),0.17912795797584147
283,10,4056,"Pledge, The (2001)",0.17875988906070012
284,1,100083,Movie 43 (2013),0.20612947697524503
284,2,3869,"Naked Gun 2 1/2: The Smell of Fear, The (1991)",0.19851813356310052
284,3,6942,Love Actually (2003),0.19741499194117865
284,4,5847,Ragtime (1981),0.1962328955318758
284,5,2118,"Dead Zone, The (1983)",0.18814755944569053
284,6,55442,Persepolis (2007),0.18541939422102116
284,7,26198,"Yours, Mine and Ours (1968)",0.18330651516461627
284,8,40962,"Yours, Mine and Ours (2005)",0.18330651516461627
284,9,130482,Too Late for Tears (1949),0.18250008919067673
284,10,3706,Angel Heart (1987),0.18169544730296433
285,1,5953,Devils on the Doorstep (Guizi lai le) (2000),0.2719082020329635
285,2,95858,For the Birds (2000),0.258742418204683
285,3,507,"Perfect World, A (1993)",0.2126471996421092
285,4,147,"Basketball Diaries, The (1995)",0.20995226147428248
285,5,49314,Harsh Times (2006),0.2096549492878039
285,6,2389,Psycho (1998),0.20362865258025128
285,7,182727,A Christmas Story Live! (2017),0.19892477632993094
285,8,4962,Texas Rangers (2001),0.1969849589768131
285,9,39307,Dreamer: Inspired by a True Story (2005),0.19162023430522443
285,10,4103,Empire of the Sun (1987),0.190799943704607
286,1,2116,"Lord of the Rings, The (1978)",0.21542860234409195
286,2,5308,Three Men and a Baby (1987),0.20010457416092092
286,3,55442,Persepolis (2007),0.19770948322498166
286,4,73106,American Pie Presents: The Book of Love (American Pie 7: The Book of Love) (2009),0.19578589784305028
286,5,50189,American Pie Presents The Naked Mile (American Pie 5: The Naked Mile) (2006),0.19578589784305028
286,6,59429,American Pie Presents Beta House (American Pie 6: Beta House) (2007),0.19578589784305028
286,7,25757,"Jazz Singer, The (1927)",0.19039154317478899
286,8,86898,"Tree of Life, The (2011)",0.1902932495503134
286,9,72714,Earthlings (2006),0.18920821798988827
286,10,163925,"Wings, Legs and Tails (1986)",0.18920821798988827
287,1,100083,Movie 43 (2013),0.23657989303184493
287,2,6942,Love Actually (2003),0.23605276364752167
287,3,276,Milk Money (1994),0.2301559845828082
287,4,55442,Persepolis (2007),0.21639313755541598
287,5,3252,Scent of a Woman (1992),0.21128093714482488
287,6,3684,"Fabulous Baker Boys, The (1989)",0.21008637746887823
287,7,193573,Love Live! The School Idol Movie (2015),0.20574000328074551
287,8,2976,Bringing Out the Dead (1999),0.2011773348092764
287,9,5847,Ragtime (1981),0.1981914066702142
287,10,2439,Affliction (1997),0.19721766371317184
288,1,100083,Movie 43 (2013),0.2715653584652366
288,2,55442,Persepolis (2007),0.2541382566874321
288,3,86898,"Tree of Life, The (2011)",0.24609823739416464
288,4,5847,Ragtime (1981),0.23890608486873982
288,5,25757,"Jazz Singer, The (1927)",0.23832997172462606
288,6,69849,Roots (1977),0.23778542396236957
288,7,89580,Neds (2010),0.2372455940986984
288,8,104925,"Family, The (2013)",0.23480505187462203
288,9,2439,Affliction (1997),0.23458318853328947
288,10,3684,"Fabulous Baker Boys, The (1989)",0.2290319458905349
289,1,87660,Too Big to Fail (2011),0.28478669424940195
289,2,4342,Big Eden (2000),0.28478669424940195
289,3,119,"Steal Big, Steal Little (1995)",0.28478669424940195
289,4,6949,"Big Empty, The (2003)",0.28478669424940195
289,5,1827,"Big One, The (1997)",0.28478669424940195
289,6,8743,Biggles (1986),0.28478669424940195
289,7,4640,Brother (2000),0.24038424211381587
289,8,5026,"Brotherhood of the Wolf (Pacte des loups, Le) (2001)",0.24038424211381587
289,9,170705,Band of Brothers (2001),0.24038424211381587
289,10,152091,The Brothers Grimsby (2016),0.24038424211381587
290,1,55442,Persepolis (2007),0.24825601847812107
290,2,5847,Ragtime (1981),0.2423028373511607
290,3,100083,Movie 43 (2013),0.2334476750649941
290,4,134252,That Munchhausen (1979),0.2259310445546277
290,5,89580,Neds (2010),0.2252838957217448
290,6,6422,Shenandoah (1965),0.22438829368674318
290,7,69849,Roots (1977),0.2177641710849997
290,8,4857,Fiddler on the Roof (1971),0.2177536103735704
290,9,6942,Love Actually (2003),0.21353379544535436
290,10,30846,"Assassination of Richard Nixon, The (2004)",0.21229801021236194
291,1,1701,Deconstructing Harry (1997),0.3854854350856153
291,2,74948,Harry Brown (2009),0.37304324345817425
291,3,121035,Houdini (2014),0.36126606471944833
291,4,7215,To Have and Have Not (1944),0.3541217959274116
291,5,167296,Iron Man (1931),0.3461676971575778
291,6,4234,"Tailor of Panama, The (2001)",0.3401020690204833
291,7,1438,Dante's Peak (1997),0.3344631139468158
291,8,3388,Harry and the Hendersons (1987),0.3167714614904955
291,9,4626,Miracle Mile (1989),0.3098500513830514
291,10,26492,Twilight Zone: The Movie (1983),0.30886803910688293
292,1,2947,Goldfinger (1964),0.27663653100602614
292,2,136020,Spectre (2015),0.24894062165753506
292,3,89580,Neds (2010),0.2284533201037823
292,4,5796,Casino Royale (1967),0.22716894325183998
292,5,3082,"World Is Not Enough, The (1999)",0.225535714966016
292,6,100083,Movie 43 (2013),0.2228682726463728
292,7,1831,Lost in Space (1998),0.2226823781959976
292,8,5847,Ragtime (1981),0.2219768442836886
292,9,55442,Persepolis (2007),0.2178923423674731
292,10,5872,Die Another Day (2002),0.2126669816960136
293,1,146682,Twinsters (2015),0.2428053426848304
293,2,3729,Shaft (1971),0.23986655195473133
293,3,26523,"Silent Night, Deadly Night (1984)",0.23880393456879984
293,4,3498,Midnight Express (1978),0.23262208970225168
293,5,569,Little Big League (1994),0.21487662569023788
293,6,3114,Toy Story 2 (1999),0.20752403128871824
293,7,4687,Billy Liar (1963),0.20616071900738356
293,8,2004,Gremlins 2: The New Batch (1990),0.20358898495786648
293,9,600,Love and a .45 (1994),0.1963483740774124
293,10,216,Billy Madison (1995),0.19163047674999073
294,1,100083,Movie 43 (2013),0.2665036899189466
294,2,55442,Persepolis (2007),0.2316701882076769
294,3,5847,Ragtime (1981),0.23131115817393982
294,4,89580,Neds (2010),0.22123634234829942
294,5,6942,Love Actually (2003),0.2191390667157745
294,6,193573,Love Live! The School Idol Movie (2015),0.21206117243641126
294,7,69849,Roots (1977),0.21128908153310183
294,8,276,Milk Money (1994),0.2112437570871797
294,9,2439,Affliction (1997),0.20994014012710235
294,10,86898,"Tree of Life, The (2011)",0.20695962568539825
295,1,148982,Devil Dog: The Hound of Hell (1978),0.22259834195961528
295,2,82667,I Saw the Devil (Akmareul boatda) (2010),0.22259834195961528
295,3,80846,Devil (2010),0.22259834195961528
295,4,26195,Sympathy for the Devil (1968),0.22259834195961528
295,5,2023,"Godfather: Part III, The (1990)",0.18951038419511243
295,6,127172,A Story of Children and Film (2013),0.18736085188724913
295,7,1900,"Children of Heaven, The (Bacheha-Ye Aseman) (1997)",0.18736085188724913
295,8,1156,"Children Are Watching Us, The (Bambini ci guardano, I) (1944)",0.18736085188724913
295,9,119068,"Men, Women & Children (2014)",0.18736085188724913
295,10,60046,"Children of Huang Shi, The (2008)",0.18736085188724913
296,1,26347,"Irony of Fate, or Enjoy Your Bath! (Ironiya sudby, ili S legkim parom!) (1975)",0.36219074146891683
296,2,3182,"Mr. Death: The Rise and Fall of Fred A. Leuchter, Jr. (1999)",0.36219074146891683
296,3,27899,What the #$*! Do We Know!? (a.k.a. What the Bleep Do We Know!?) (2004),0.36219074146891683
296,4,5165,Zombie (a.k.a. Zombie 2: The Dead Are Among Us) (Zombi 2) (1979),0.36219074146891683
296,5,144716,Rock the Kasbah (2015),0.36219074146891683
296,6,154358,The Barkley Marathons: The Race That Eats Its Young (2015),0.36219074146891683
296,7,69805,"Librarian, The: The Curse of the Judas Chalice (2008)",0.36219074146891683
296,8,48001,"Bow, The (Hwal) (2005)",0.36219074146891683
296,9,27850,"Yes Men, The (2003)",0.36219074146891683
296,10,1150,"Return of Martin Guerre, The (Retour de Martin Guerre, Le) (1982)",0.36219074146891683
297,1,82667,I Saw the Devil (Akmareul boatda) (2010),0.21713386621533082
297,2,80846,Devil (2010),0.21713386621533082
297,3,148982,Devil Dog: The Hound of Hell (1978),0.21713386621533082
297,4,26195,Sympathy for the Devil (1968),0.21713386621533082
297,5,95624,"Firm, The (2009)",0.1963646617942004
297,6,544,Striking Distance (1993),0.19555352844778023
297,7,276,Milk Money (1994),0.19239911923703304
297,8,5108,John Q (2002),0.18587914867879882
297,9,51935,Shooter (2007),0.18240911504897564
297,10,78959,Endgame (2009),0.18152392604071316
298,1,100083,Movie 43 (2013),0.2798026372920195
298,2,55442,Persepolis (2007),0.2534187027978896
298,3,89580,Neds (2010),0.24185430774831468
298,4,193573,Love Live! The School Idol Movie (2015),0.23460434463597576
298,5,5847,Ragtime (1981),0.2336032048118135
298,6,86898,"Tree of Life, The (2011)",0.23007790262533928
298,7,2439,Affliction (1997),0.2295775253553095
298,8,134252,That Munchhausen (1979),0.22847897397216818
298,9,25757,"Jazz Singer, The (1927)",0.2282556238929459
298,10,4409,Shadows and Fog (1991),0.2259644988027318
299,1,44777,Evil Aliens (2005),0.25720491246126015
299,2,6835,Alien Contamination (1980),0.25720491246126015
299,3,33090,Mutant Aliens (2001),0.25720491246126015
299,4,1320,Alien³ (a.k.a. Alien 3) (1992),0.25720491246126015
299,5,26322,Gone in 60 Seconds (1974),0.24391024405014208
299,6,72591,"Patriot, The (1998)",0.23250095896914227
299,7,1999,"Exorcist III, The (1990)",0.2282607584141023
299,8,45186,Mission: Impossible III (2006),0.22390039489193125
299,9,8132,Gladiator (1992),0.21913159416788025
299,10,104243,Riddick (2013),0.18474366878433743
300,1,1967,Labyrinth (1986),0.22798351124197325
300,2,32511,"Touch of Zen, A (Xia nu) (1971)",0.2086968871726688
300,3,1458,Touch (1997),0.2086968871726688
300,4,31590,Hands Off the Loot (Touchez pas au grisbi) (1954),0.2086968871726688
300,5,166024,Whiplash (2013),0.2053385114558204
300,6,81831,"First Beautiful Thing, The (La prima cosa bella) (2010)",0.1880122934219828
300,7,138798,Joe Dirt 2: Beautiful Loser (2015),0.1880122934219828
300,8,90353,Beautiful Boy (2010),0.1880122934219828
300,9,114126,Beautiful Losers (2008),0.1880122934219828
300,10,6408,Animals are Beautiful People (1974),0.1880122934219828
301,1,69844,Harry Potter and the Half-Blood Prince (2009),0.28259922852258146
301,2,1701,Deconstructing Harry (1997),0.27680581590157743
301,3,81834,Harry Potter and the Deathly Hallows: Part 1 (2010),0.2746792838119697
301,4,88125,Harry Potter and the Deathly Hallows: Part 2 (2011),0.2706449638142547
301,5,7215,To Have and Have Not (1944),0.2654935034605341
301,6,27741,"Twilight Samurai, The (Tasogare Seibei) (2002)",0.26372083477647085
301,7,26492,Twilight Zone: The Movie (1983),0.26372083477647085
301,8,4626,Miracle Mile (1989),0.2614489401661901
301,9,74948,Harry Brown (2009),0.25699729446780517
301,10,121035,Houdini (2014),0.24655262210894474
302,1,180497,The Post (2017),0.23599109197059237
302,2,189333,Mission: Impossible - Fallout (2018),0.22697443764698944
302,3,111781,Mission: Impossible - Rogue Nation (2015),0.22697443764698944
302,4,3450,Grumpy Old Men (1993),0.21795916691950157
302,5,54121,Broken Arrow (1950),0.20185179897091082
302,6,7781,Twister (1990),0.20139959876653704
302,7,1237,"Seventh Seal, The (Sjunde inseglet, Det) (1957)",0.1978924875169898
302,8,2019,Seven Samurai (Shichinin no samurai) (1954),0.1978924875169898
302,9,55854,"Fugitive, The (1947)",0.19596791946924746
302,10,8798,Collateral (2004),0.19090683640682787
303,1,6835,Alien Contamination (1980),0.29727309962166243
303,2,44777,Evil Aliens (2005),0.29727309962166243
303,3,1320,Alien³ (a.k.a. Alien 3) (1992),0.29727309962166243
303,4,33090,Mutant Aliens (2001),0.29727309962166243
303,5,5051,Italian for Beginners (Italiensk for begyndere) (2000),0.258697482491866
303,6,94777,Men in Black III (M.III.B.) (M.I.B.³) (2012),0.2581284584144265
303,7,5459,Men in Black II (a.k.a. MIIB) (a.k.a. MIB 2) (2002),0.2581284584144265
303,8,93610,Space Battleship Yamato (2010),0.24075206321290457
303,9,92046,Contact High (2009),0.23880162277215378
303,10,1831,Lost in Space (1998),0.2254995404361553
304,1,6510,"Bodies, Rest & Motion (1993)",0.24631634000130492
304,2,135569,Star Trek Beyond (2016),0.22893594396648534
304,3,100083,Movie 43 (2013),0.22601851238891782
304,4,102445,Star Trek Into Darkness (2013),0.22426396459756281
304,5,6835,Alien Contamination (1980),0.2177448308706901
304,6,33090,Mutant Aliens (2001),0.2177448308706901
304,7,44777,Evil Aliens (2005),0.2177448308706901
304,8,55442,Persepolis (2007),0.2154998181935697
304,9,1831,Lost in Space (1998),0.21517258456229368
304,10,93610,Space Battleship Yamato (2010),0.20770320352093918
305,1,100083,Movie 43 (2013),0.25326324815920553
305,2,55442,Persepolis (2007),0.2416805164130782
305,3,5847,Ragtime (1981),0.23991681603970838
305,4,89580,Neds (2010),0.22920006145879104
305,5,134252,That Munchhausen (1979),0.22588438611029074
305,6,96815,V/H/S (2012),0.2226125385064193
305,7,2439,Affliction (1997),0.2141574390909403
305,8,78041,Killers (2010),0.21161616759966415
305,9,69849,Roots (1977),0.20997166590942976
305,10,4409,Shadows and Fog (1991),0.20862346939742976
306,1,100083,Movie 43 (2013),0.22661481876868278
306,2,5285,Lucky Break (2001),0.19746024162742812
306,3,174909,Logan Lucky (2017),0.19746024162742812
306,4,2439,Affliction (1997),0.1888644441525338
306,5,32300,D.E.B.S. (2004),0.18776770251928515
306,6,55442,Persepolis (2007),0.18730810813296522
306,7,32914,Carrie (2002),0.18632034955324991
306,8,5969,My Girl 2 (1994),0.18291654684177602
306,9,156025,Ice Age: The Great Egg-Scapade (2016),0.18279127993362904
306,10,117922,Ice Age: A Mammoth Christmas (2011),0.18279127993362904
307,1,100083,Movie 43 (2013),0.29298806603004485
307,2,55442,Persepolis (2007),0.26087537138240247
307,3,89580,Neds (2010),0.2515603054632172
307,4,5847,Ragtime (1981),0.2480870982045912
307,5,6942,Love Actually (2003),0.24536123617432648
307,6,2439,Affliction (1997),0.2374645896227789
307,7,4409,Shadows and Fog (1991),0.2363978399413733
307,8,86898,"Tree of Life, The (2011)",0.23628120802749444
307,9,80139,Jackass 2.5 (2007),0.2332052781893527
307,10,765,Jack (1996),0.2332052781893527
308,1,4896,Harry Potter and the Sorcerer's Stone (a.k.a. Harry Potter and the Philosopher's Stone) (2001),0.2319023249435389
308,2,2116,"Lord of the Rings, The (1978)",0.21823398884573214
308,3,86898,"Tree of Life, The (2011)",0.21450648671064937
308,4,69844,Harry Potter and the Half-Blood Prince (2009),0.21284754325687807
308,5,3037,Little Big Man (1970),0.21114457784990148
308,6,25757,"Jazz Singer, The (1927)",0.20783348352130518
308,7,4023,"Family Man, The (2000)",0.20766256021064702
308,8,104925,"Family, The (2013)",0.20766256021064702
308,9,6942,Love Actually (2003),0.20530814660603083
308,10,81834,Harry Potter and the Deathly Hallows: Part 1 (2010),0.20390223313055267
309,1,134252,That Munchhausen (1979),0.21558686192966506
309,2,2116,"Lord of the Rings, The (1978)",0.21266598250640947
309,3,69849,Roots (1977),0.20969295984148387
309,4,87306,Super 8 (2011),0.20066375285534624
309,5,1312,Female Perversions (1996),0.20058181307172993
309,6,55442,Persepolis (2007),0.19863284053164723
309,7,122260,The Diary of Anne Frank (2009),0.19475537418405436
309,8,25887,Tales of Manhattan (1942),0.19423293114389645
309,9,3030,Yojimbo (1961),0.19296622145269834
309,10,1752,Hard Rain (1998),0.19102372780379684
310,1,5883,They (2002),0.22608911895883932
310,2,4342,Big Eden (2000),0.20404952460635387
310,3,6949,"Big Empty, The (2003)",0.20404952460635387
310,4,87660,Too Big to Fail (2011),0.20404952460635387
310,5,8743,Biggles (1986),0.20404952460635387
310,6,1827,"Big One, The (1997)",0.20404952460635387
310,7,119,"Steal Big, Steal Little (1995)",0.20404952460635387
310,8,3552,Caddyshack (1980),0.1907420430149747
310,9,100083,Movie 43 (2013),0.19008044049923678
310,10,165343,The Rocky Horror Picture Show: Let's Do the Time Warp Again (2016),0.18248163934904726
311,1,119,"Steal Big, Steal Little (1995)",0.2450272800154155
311,2,8743,Biggles (1986),0.2450272800154155
311,3,6949,"Big Empty, The (2003)",0.2450272800154155
311,4,4342,Big Eden (2000),0.2450272800154155
311,5,1827,"Big One, The (1997)",0.2450272800154155
311,6,87660,Too Big to Fail (2011),0.2450272800154155
311,7,50189,American Pie Presents The Naked Mile (American Pie 5: The Naked Mile) (2006),0.24345344655803935
311,8,59429,American Pie Presents Beta House (American Pie 6: Beta House) (2007),0.24345344655803935
311,9,73106,American Pie Presents: The Book of Love (American Pie 7: The Book of Love) (2009),0.24345344655803935
311,10,6408,Animals are Beautiful People (1974),0.21135115266687501
312,1,169984,Alien: Covenant (2017),0.24155498472773065
312,2,1831,Lost in Space (1998),0.2333242013716935
312,3,6510,"Bodies, Rest & Motion (1993)",0.2309626946247814
312,4,85056,I Am Number Four (2011),0.22241503142945146
312,5,89580,Neds (2010),0.22121688315031673
312,6,94018,Battleship (2012),0.21594704562463093
312,7,6835,Alien Contamination (1980),0.21569059257411177
312,8,44777,Evil Aliens (2005),0.21569059257411177
312,9,1320,Alien³ (a.k.a. Alien 3) (1992),0.21569059257411177
312,10,33090,Mutant Aliens (2001),0.21569059257411177
313,1,1831,Lost in Space (1998),0.22701231837023897
313,2,169984,Alien: Covenant (2017),0.22606063938102744
313,3,100083,Movie 43 (2013),0.22430790283094154
313,4,6341,"Shape of Things, The (2003)",0.21823023926711488
313,5,44777,Evil Aliens (2005),0.21619390009806766
313,6,6835,Alien Contamination (1980),0.21619390009806766
313,7,33090,Mutant Aliens (2001),0.21619390009806766
313,8,87306,Super 8 (2011),0.2151375269461839
313,9,93610,Space Battleship Yamato (2010),0.2136086846586341
313,10,55442,Persepolis (2007),0.2130481637368542
314,1,6510,"Bodies, Rest & Motion (1993)",0.28117671391065924
314,2,135569,Star Trek Beyond (2016),0.2788799379707
314,3,102445,Star Trek Into Darkness (2013),0.2725219947023632
314,4,68358,Star Trek (2009),0.25225048450762916
314,5,100083,Movie 43 (2013),0.20903894699569017
314,6,5944,Star Trek: Nemesis (2002),0.2035989693024712
314,7,3037,Little Big Man (1970),0.19985692704799896
314,8,55442,Persepolis (2007),0.19513451753218214
314,9,86898,"Tree of Life, The (2011)",0.19396082198141093
314,10,104925,"Family, The (2013)",0.18990587499988748
315,1,332,Village of the Damned (1995),0.30314786571538405
315,2,95858,For the Birds (2000),0.23312730807478926
315,3,4643,Planet of the Apes (2001),0.19960644434714606
315,4,2025,Lolita (1997),0.19768572262483597
315,5,3433,Death Wish 4: The Crackdown (1987),0.19254306528699955
315,6,178615,Front Cover (2016),0.19251071851653265
315,7,1927,All Quiet on the Western Front (1930),0.19251071851653265
315,8,26681,Bullet in the Head (1990),0.19217585153936487
315,9,117849,La Belle Verte (1996),0.19052027331963658
315,10,103984,"Great Beauty, The (Grande Bellezza, La) (2013)",0.19052027331963658
316,1,48394,"Pan's Labyrinth (Laberinto del fauno, El) (2006)",0.2208381367984659
316,2,7708,Bedazzled (1967),0.20490877603334123
316,3,39381,"Proposition, The (2005)",0.197522844643427
316,4,96821,"Perks of Being a Wallflower, The (2012)",0.19665118657695418
316,5,6058,Final Destination 2 (2003),0.1845081719152015
316,6,165343,The Rocky Horror Picture Show: Let's Do the Time Warp Again (2016),0.1834824933961088
316,7,3252,Scent of a Woman (1992),0.177748762748984
316,8,6422,Shenandoah (1965),0.17545923236024666
316,9,747,"Stupids, The (1996)",0.17468299525608547
316,10,30793,Charlie and the Chocolate Factory (2005),0.17433643787602474
317,1,100083,Movie 43 (2013),0.22705146431804013
317,2,55442,Persepolis (2007),0.22164376729758445
317,3,5847,Ragtime (1981),0.22163135393863856
317,4,89580,Neds (2010),0.21974891451896508
317,5,276,Milk Money (1994),0.20790882710189387
317,6,4409,Shadows and Fog (1991),0.20685894248554215
317,7,69849,Roots (1977),0.20581356555645922
317,8,6942,Love Actually (2003),0.20224771543959522
317,9,30846,"Assassination of Richard Nixon, The (2004)",0.20134191807217727
317,10,78041,Killers (2010),0.20055836036955238
318,1,100083,Movie 43 (2013),0.2673617257292686
318,2,5847,Ragtime (1981),0.2421516984717674
318,3,2439,Affliction (1997),0.2344359540055625
318,4,134252,That Munchhausen (1979),0.23436115205780045
318,5,6942,Love Actually (2003),0.23287822263194835
318,6,3473,Jonah Who Will Be 25 in the Year 2000 (Jonas qui aura 25 ans en l'an 2000) (1976),0.23175817522279296
318,7,5912,Hit the Bank (Vabank) (1981),0.23175817522279296
318,8,27722,Last Life in the Universe (Ruang rak noi nid mahasan) (2003),0.23175817522279296
318,9,6981,"Ordet (Word, The) (1955)",0.23175817522279296
318,10,86068,Films to Keep You Awake: The Christmas Tale (Películas para no dormir: Cuento de navidad) (2005),0.23175817522279296
319,1,91947,"Revenant, The (2009)",0.19922837709025892
319,2,168366,Beauty and the Beast (2017),0.1902385807254013
319,3,91529,"Dark Knight Rises, The (2012)",0.18805087693523512
319,4,170777,There Once Was a Dog (1982),0.18656987889509125
319,5,175781,Der Herr Karl (1961),0.18656987889509125
319,6,138396,There Will Come a Day (2013),0.18656987889509125
319,7,6382,Together (Han ni Zai Yiki) (2002),0.18656987889509125
319,8,155892,Me Him Her (2015),0.18656987889509125
319,9,8380,Father Hood (1993),0.18656987889509125
319,10,188189,Sorry to Bother You (2018),0.18656987889509125
320,1,3962,Ghoulies II (1987),0.2655099175482392
320,2,167296,Iron Man (1931),0.2550092458067186
320,3,2059,"Parent Trap, The (1998)",0.25403565341322076
320,4,8967,Seed of Chucky (Child's Play 5) (2004),0.2534740138718249
320,5,97757,'Hellboy': The Seeds of Creation (2004),0.2534740138718249
320,6,1721,Titanic (1997),0.24503650512293287
320,7,80162,"Horde, The (La Horde) (2009)",0.2347362186624377
320,8,97285,Take Aim at the Police Van (Sono gosôsha wo nerae: 'Jûsangô taihisen' yori) (1960),0.2347362186624377
320,9,43376,Sophie Scholl: The Final Days (Sophie Scholl - Die letzten Tage) (2005),0.2347362186624377
320,10,79677,"Two Escobars, The (2010)",0.2347362186624377
321,1,118880,"Girl Walks Home Alone at Night, A (2014)",0.2269560288492561
321,2,3388,Harry and the Hendersons (1987),0.21979967258392588
321,3,6942,Love Actually (2003),0.2095181428315706
321,4,26152,Batman (1966),0.20666092168458358
321,5,100083,Movie 43 (2013),0.19614235379841571
321,6,6944,Father of the Bride (1991),0.19073926194106777
321,7,934,Father of the Bride (1950),0.19073926194106777
321,8,33794,Batman Begins (2005),0.18838996856455442
321,9,58301,Funny Games U.S. (2007),0.1870514350475774
321,10,6975,Funny Games (1997),0.1870514350475774
322,1,55442,Persepolis (2007),0.2205554447039147
322,2,25757,"Jazz Singer, The (1927)",0.21514531242773025
322,3,6942,Love Actually (2003),0.21131656865664256
322,4,100083,Movie 43 (2013),0.21122260912909274
322,5,86898,"Tree of Life, The (2011)",0.2071693142947381
322,6,5308,Three Men and a Baby (1987),0.20654785837144266
322,7,104925,"Family, The (2013)",0.20592242098124064
322,8,4023,"Family Man, The (2000)",0.20592242098124064
322,9,1312,Female Perversions (1996),0.20406469623775206
322,10,3037,Little Big Man (1970),0.19937717998672672
323,1,100083,Movie 43 (2013),0.20586746623499722
323,2,55442,Persepolis (2007),0.20120329869810477
323,3,5847,Ragtime (1981),0.1956443378732893
323,4,87306,Super 8 (2011),0.19383603603836413
323,5,26198,"Yours, Mine and Ours (1968)",0.19054447066112706
323,6,40962,"Yours, Mine and Ours (2005)",0.19054447066112706
323,7,1831,Lost in Space (1998),0.19043968936327507
323,8,69849,Roots (1977),0.18662693272980332
323,9,142456,The Brand New Testament (2015),0.1823040319845228
323,10,8670,"Testament of Dr. Mabuse, The (Das Testament des Dr. Mabuse) (1933)",0.1823040319845228
324,1,158402,The Crew (2016),0.27491729523225167
324,2,159976,Pelé: Birth of a Legend (2016),0.27084031730329045
324,3,27683,Tremors 4: The Legend Begins (2004),0.27084031730329045
324,4,101074,"Legend of Sleepy Hollow, The (1949)",0.27084031730329045
324,5,4074,"Legend of Rita, The (Stille nach dem Schuß, Die) (1999)",0.27084031730329045
324,6,65359,Earthsea (Legend of Earthsea) (2004),0.27084031730329045
324,7,53450,"Legend of Sleepy Hollow, The (1980)",0.27084031730329045
324,8,26865,Fist of Legend (Jing wu ying xiong) (1994),0.27084031730329045
324,9,7248,"Suriyothai (a.k.a. Legend of Suriyothai, The) (2001)",0.27084031730329045
324,10,2763,"Thomas Crown Affair, The (1999)",0.2576614232057476
325,1,100083,Movie 43 (2013),0.2405239175218689
325,2,89580,Neds (2010),0.2361095699504266
325,3,55442,Persepolis (2007),0.23043072975975806
325,4,5847,Ragtime (1981),0.22102762974139456
325,5,134252,That Munchhausen (1979),0.216353970730846
325,6,5108,John Q (2002),0.21624066587091287
325,7,69849,Roots (1977),0.21402138110200347
325,8,2439,Affliction (1997),0.21147377665342904
325,9,6942,Love Actually (2003),0.21090962985376807
325,10,4409,Shadows and Fog (1991),0.20913951264437727
326,1,92309,"Innkeepers, The (2011)",0.2689750415844485
326,2,7891,"Last Man on Earth, The (Ultimo uomo della Terra, L') (1964)",0.2689750415844485
326,3,363,"Wonderful, Horrible Life of Leni Riefenstahl, The (Macht der Bilder: Leni Riefenstahl, Die) (1993)",0.2689750415844485
326,4,27186,Kirikou and the Sorceress (Kirikou et la sorcière) (1998),0.2689750415844485
326,5,27660,"Animatrix, The (2003)",0.2689750415844485
326,6,4928,That Obscure Object of Desire (Cet obscur objet du désir) (1977),0.2689750415844485
326,7,27255,"Wind Will Carry Us, The (Bad ma ra khahad bord) (1999)",0.2689750415844485
326,8,7844,"Legend, The (Legend of Fong Sai-Yuk, The) (Fong Sai Yuk) (1993)",0.2689750415844485
326,9,113374,"Old Lady and the Pigeons, The (La vieille dame et les pigeons) (1997)",0.2689750415844485
326,10,96004,Dragon Ball Z: The History of Trunks (Doragon bôru Z: Zetsubô e no hankô!! Nokosareta chô senshi - Gohan to Torankusu) (1993),0.2689750415844485
327,1,50189,American Pie Presents The Naked Mile (American Pie 5: The Naked Mile) (2006),0.291141994980751
327,2,73106,American Pie Presents: The Book of Love (American Pie 7: The Book of Love) (2009),0.291141994980751
327,3,59429,American Pie Presents Beta House (American Pie 6: Beta House) (2007),0.291141994980751
327,4,78039,Blue Valentine (2010),0.24633954411515066
327,5,181065,Jack Whitehall: At Large (2017),0.23263776178988763
327,6,80139,Jackass 2.5 (2007),0.23263776178988763
327,7,152173,Michael Jackson's Thriller (1983),0.23263776178988763
327,8,48322,Jackass Number Two (2006),0.23263776178988763
327,9,149350,Lumberjack Man (2015),0.23263776178988763
327,10,135518,Self/less (2015),0.20758261814265483
328,1,5847,Ragtime (1981),0.2237847019301864
328,2,100083,Movie 43 (2013),0.22373677191844674
328,3,55442,Persepolis (2007),0.2205473288219725
328,4,6942,Love Actually (2003),0.21581320850830732
328,5,54001,Harry Potter and the Order of the Phoenix (2007),0.2097965442418334
328,6,74948,Harry Brown (2009),0.20882246139003321
328,7,4626,Miracle Mile (1989),0.20817487650402788
328,8,1438,Dante's Peak (1997),0.20811250128965214
328,9,2439,Affliction (1997),0.20801376929380516
328,10,3389,Let's Get Harry (1986),0.20741619742730907
329,1,25788,Scarface (1932),0.23529793824242112
329,2,47,Seven (a.k.a. Se7en) (1995),0.23466601451155397
329,3,2019,Seven Samurai (Shichinin no samurai) (1954),0.23466601451155397
329,4,168266,T2: Trainspotting (2017),0.20164248345222216
329,5,78959,Endgame (2009),0.1894790731888181
329,6,163985,ARQ (2016),0.18735927309581069
329,7,6493,Alex and Emma (2003),0.18191896033902083
329,8,4148,Hannibal (2001),0.18033313259724576
329,9,55805,Before the Devil Knows You're Dead (2007),0.17781865105287029
329,10,4329,Rio Bravo (1959),0.17632648527108263
330,1,100083,Movie 43 (2013),0.23406649668494836
330,2,55442,Persepolis (2007),0.22886784752425238
330,3,5847,Ragtime (1981),0.2210975867250805
330,4,6942,Love Actually (2003),0.21900411357650929
330,5,86898,"Tree of Life, The (2011)",0.21227882491507105
330,6,89580,Neds (2010),0.20971668257011505
330,7,3869,"Naked Gun 2 1/2: The Smell of Fear, The (1991)",0.208980539693408
330,8,8361,"Day After Tomorrow, The (2004)",0.20407536629951287
330,9,3684,"Fabulous Baker Boys, The (1989)",0.2016199751258241
330,10,2439,Affliction (1997),0.2014084138628791
331,1,100083,Movie 43 (2013),0.21888543808966668
331,2,201,Three Wishes (1995),0.21039257228228878
331,3,69849,Roots (1977),0.20815500491705538
331,4,3708,Firestarter (1984),0.20406735352117283
331,5,86898,"Tree of Life, The (2011)",0.20278635963072672
331,6,6942,Love Actually (2003),0.20235889432457518
331,7,55442,Persepolis (2007),0.20231895088912824
331,8,5847,Ragtime (1981),0.20170770854005532
331,9,25757,"Jazz Singer, The (1927)",0.2013077296665234
331,10,3037,Little Big Man (1970),0.2012390338067862
332,1,87306,Super 8 (2011),0.2278430521243215
332,2,55442,Persepolis (2007),0.22631502784468527
332,3,100083,Movie 43 (2013),0.22178090471553222
332,4,86898,"Tree of Life, The (2011)",0.2211734291511541
332,5,5847,Ragtime (1981),0.21626493661587518
332,6,25757,"Jazz Singer, The (1927)",0.21474665664502798
332,7,134252,That Munchhausen (1979),0.21456581830206334
332,8,89580,Neds (2010),0.21373058422083208
332,9,72714,Earthlings (2006),0.21224324263796102
332,10,163925,"Wings, Legs and Tails (1986)",0.21224324263796102
333,1,55687,My Kid Could Paint That (2007),0.25232279226312393
333,2,172825,Adventures of Mowgli: The Kidnapping (1968),0.25232279226312393
333,3,3310,"Kid, The (1921)",0.25232279226312393
333,4,72591,"Patriot, The (1998)",0.23664522890981807
333,5,26322,Gone in 60 Seconds (1974),0.22872991437223492
333,6,118862,Closer to the Moon (2013),0.2260513679356746
333,7,3353,"Closer You Get, The (2000)",0.2260513679356746
333,8,1107,Loser (1991),0.2260513679356746
333,9,128366,Patton Oswalt: Tragedy Plus Comedy Equals Time (2014),0.22178496883542714
333,10,120813,Patton Oswalt: My Weakness Is Strong (2009),0.22178496883542714
334,1,94777,Men in Black III (M.III.B.) (M.I.B.³) (2012),0.21728290510849516
334,2,5847,Ragtime (1981),0.2070688870965081
334,3,100083,Movie 43 (2013),0.20500657405046543
334,4,55442,Persepolis (2007),0.20226378050423868
334,5,2439,Affliction (1997),0.19812562761139416
334,6,2116,"Lord of the Rings, The (1978)",0.19424025436603162
334,7,1967,Labyrinth (1986),0.19401119231464695
334,8,6942,Love Actually (2003),0.19002937148863602
334,9,118880,"Girl Walks Home Alone at Night, A (2014)",0.1880377694237486
334,10,86898,"Tree of Life, The (2011)",0.18435830389083838
335,1,26152,Batman (1966),0.2185837340348075
335,2,96432,Lawless (2012),0.18741266462691386
335,3,6365,"Matrix Reloaded, The (2003)",0.17824294885815078
335,4,2332,Belly (1998),0.16878915553568047
335,5,4239,Blow (2001),0.16475699699167903
335,6,3788,Blow-Up (Blowup) (1966),0.16475699699167903
335,7,69849,Roots (1977),0.16370618978124632
335,8,80727,Middle Men (2009),0.1613986885940347
335,9,1210,Star Wars: Episode VI - Return of the Jedi (1983),0.15961470709984704
335,10,4148,Hannibal (2001),0.15952822917579434
336,1,78499,Toy Story 3 (2010),0.22263075112625785
336,2,89580,Neds (2010),0.2040147201027103
336,3,3708,Firestarter (1984),0.19122121637911182
336,4,8781,"Manchurian Candidate, The (2004)",0.18452684263708843
336,5,152037,Grease Live (2016),0.1833364214357267
336,6,55805,Before the Devil Knows You're Dead (2007),0.1807054173784459
336,7,5065,"Mothman Prophecies, The (2002)",0.1758924366569501
336,8,5108,John Q (2002),0.17454511690817437
336,9,1542,Brassed Off (1996),0.17101392007848226
336,10,105197,Nebraska (2013),0.16943969865593508
337,1,69849,Roots (1977),0.2130802421742228
337,2,100083,Movie 43 (2013),0.20536405235886854
337,3,55442,Persepolis (2007),0.19088353912326286
337,4,5847,Ragtime (1981),0.18630478355428556
337,5,89580,Neds (2010),0.181676268706847
337,6,68650,Powder Blue (2009),0.18048969025007663
337,7,6944,Father of the Bride (1991),0.1795029017784721
337,8,934,Father of the Bride (1950),0.1795029017784721
337,9,3708,Firestarter (1984),0.17772294893375923
337,10,26237,Zabriskie Point (1970),0.17720533987089432
338,1,2116,"Lord of the Rings, The (1978)",0.26010741421186595
338,2,4993,"Lord of the Rings: The Fellowship of the Ring, The (2001)",0.23388097937475857
338,3,1807,"Cool, Dry Place, A (1998)",0.21091920524494134
338,4,90528,This Must Be the Place (2011),0.21091920524494134
338,5,101525,"Place Beyond the Pines, The (2012)",0.21091920524494134
338,6,5088,"Going Places (Valseuses, Les) (1974)",0.21091920524494134
338,7,745,Wallace & Gromit: A Close Shave (1995),0.21091920524494134
338,8,146688,Solace (2015),0.21091920524494134
338,9,3675,White Christmas (1954),0.20900657676057874
338,10,2023,"Godfather: Part III, The (1990)",0.2027009077892733
339,1,55442,Persepolis (2007),0.24565097199115116
339,2,100083,Movie 43 (2013),0.23899786291417968
339,3,5847,Ragtime (1981),0.2319090736111587
339,4,6942,Love Actually (2003),0.23020361782235607
339,5,765,Jack (1996),0.2264359075289077
339,6,181065,Jack Whitehall: At Large (2017),0.2264359075289077
339,7,149350,Lumberjack Man (2015),0.2264359075289077
339,8,152173,Michael Jackson's Thriller (1983),0.2264359075289077
339,9,2439,Affliction (1997),0.22530332654866447
339,10,89580,Neds (2010),0.21998211355825192
340,1,26152,Batman (1966),0.294056499820764
340,2,33794,Batman Begins (2005),0.2517332245589315
340,3,5944,Star Trek: Nemesis (2002),0.24347225742373083
340,4,189333,Mission: Impossible - Fallout (2018),0.2221902002494484
340,5,111781,Mission: Impossible - Rogue Nation (2015),0.2221902002494484
340,6,167746,The Lego Batman Movie (2017),0.20609277780042307
340,7,3213,Batman: Mask of the Phantasm (1993),0.20179557196580392
340,8,55854,"Fugitive, The (1947)",0.20149054226923122
340,9,91529,"Dark Knight Rises, The (2012)",0.1998143055693047
340,10,58559,"Dark Knight, The (2008)",0.1998143055693047
341,1,2754,Deadtime Stories (1987),0.22423781655335473
341,2,94777,Men in Black III (M.III.B.) (M.I.B.³) (2012),0.21387895440496316
341,3,1580,Men in Black (a.k.a. MIB) (1997),0.21387895440496316
341,4,100498,"Good Day to Die Hard, A (2013)",0.21328698656018044
341,5,4896,Harry Potter and the Sorcerer's Stone (a.k.a. Harry Potter and the Philosopher's Stone) (2001),0.20334452320401888
341,6,89580,Neds (2010),0.19618786778449815
341,7,165,Die Hard: With a Vengeance (1995),0.1931494388881357
341,8,7215,To Have and Have Not (1944),0.18722776938791105
341,9,1701,Deconstructing Harry (1997),0.1845839121709488
341,10,4626,Miracle Mile (1989),0.18448433598675953
342,1,96821,"Perks of Being a Wallflower, The (2012)",0.21002239296035966
342,2,50189,American Pie Presents The Naked Mile (American Pie 5: The Naked Mile) (2006),0.20785007587035964
342,3,73106,American Pie Presents: The Book of Love (American Pie 7: The Book of Love) (2009),0.20785007587035964
342,4,59429,American Pie Presents Beta House (American Pie 6: Beta House) (2007),0.20785007587035964
342,5,89580,Neds (2010),0.2068728388811748
342,6,100083,Movie 43 (2013),0.2025030582435085
342,7,6422,Shenandoah (1965),0.20227811118992794
342,8,2059,"Parent Trap, The (1998)",0.198511721329329
342,9,3708,Firestarter (1984),0.19508957872737592
342,10,6942,Love Actually (2003),0.18768236595377588
343,1,2116,"Lord of the Rings, The (1978)",0.28062858145821756
343,2,44777,Evil Aliens (2005),0.20330027134197245
343,3,1320,Alien³ (a.k.a. Alien 3) (1992),0.20330027134197245
343,4,6835,Alien Contamination (1980),0.20330027134197245
343,5,33090,Mutant Aliens (2001),0.20330027134197245
343,6,55805,Before the Devil Knows You're Dead (2007),0.1974390039396488
343,7,84273,Zeitgeist: Moving Forward (2011),0.18948995261177204
343,8,5051,Italian for Beginners (Italiensk for begyndere) (2000),0.18840691384028568
343,9,6545,I Capture the Castle (2003),0.1868405211933087
343,10,2618,"Castle, The (1997)",0.1868405211933087
344,1,94777,Men in Black III (M.III.B.) (M.I.B.³) (2012),0.2195571561337432
344,2,1580,Men in Black (a.k.a. MIB) (1997),0.2195571561337432
344,3,102666,Ivan Vasilievich: Back to the Future (Ivan Vasilievich menyaet professiyu) (1973),0.20070628897289253
344,4,118880,"Girl Walks Home Alone at Night, A (2014)",0.19842903344295748
344,5,64249,Shrek the Halls (2007),0.19467374330357312
344,6,1196,Star Wars: Episode V - The Empire Strikes Back (1980),0.18957243854003006
344,7,129250,Superfast! (2015),0.18825214184916633
344,8,8464,Super Size Me (2004),0.18825214184916633
344,9,26712,35 Up (1991),0.18825214184916633
344,10,59143,Super High Me (2007),0.18825214184916633
345,1,5051,Italian for Beginners (Italiensk for begyndere) (2000),0.24962724734717331
345,2,44777,Evil Aliens (2005),0.24557978002970146
345,3,33090,Mutant Aliens (2001),0.24557978002970146
345,4,1320,Alien³ (a.k.a. Alien 3) (1992),0.24557978002970146
345,5,6835,Alien Contamination (1980),0.24557978002970146
345,6,100083,Movie 43 (2013),0.20986665205300126
345,7,27408,Ripley's Game (2002),0.20398266825440944
345,8,6422,Shenandoah (1965),0.19744384954434147
345,9,41569,King Kong (2005),0.194210321495038
345,10,2367,King Kong (1976),0.194210321495038
346,1,5847,Ragtime (1981),0.23075496489992497
346,2,89580,Neds (2010),0.21954843279812591
346,3,55442,Persepolis (2007),0.21793264963845174
346,4,100083,Movie 43 (2013),0.21785905451527443
346,5,4409,Shadows and Fog (1991),0.21000417621711784
346,6,6942,Love Actually (2003),0.20507144044912046
346,7,2439,Affliction (1997),0.20087643478782652
346,8,78041,Killers (2010),0.19908257788606218
346,9,95858,For the Birds (2000),0.19850323394100275
346,10,4857,Fiddler on the Roof (1971),0.19633396039793452
347,1,26152,Batman (1966),0.23302944736193432
347,2,33794,Batman Begins (2005),0.21235903709931536
347,3,6942,Love Actually (2003),0.19573224565710803
347,4,98160,Nature Calls (2012),0.19378022701785672
347,5,5804,"Santa Clause 2, The (2002)",0.17969540510203896
347,6,53956,Death at a Funeral (2007),0.1747409278880712
347,7,77191,Death at a Funeral (2010),0.1747409278880712
347,8,3213,Batman: Mask of the Phantasm (1993),0.17310397313718426
347,9,1438,Dante's Peak (1997),0.17202389044798994
347,10,167746,The Lego Batman Movie (2017),0.17179899391773726
348,1,2116,"Lord of the Rings, The (1978)",0.22950339861874597
348,2,7153,"Lord of the Rings: The Return of the King, The (2003)",0.22491091322301615
348,3,2367,King Kong (1976),0.21046890211182762
348,4,41569,King Kong (2005),0.21046890211182762
348,5,5225,And Your Mother Too (Y tu mamá también) (2001),0.20634889152885666
348,6,5840,"My Mother's Castle (Château de ma mère, Le) (1990)",0.20634889152885666
348,7,179211,Christina P: Mother Inferior (2017),0.20634889152885666
348,8,1412,Some Mother's Son (1996),0.20634889152885666
348,9,161032,The Grandmother (1970),0.20634889152885666
348,10,76091,Mother (Madeo) (2009),0.20634889152885666
349,1,168366,Beauty and the Beast (2017),0.18209619206178146
349,2,2398,Miracle on 34th Street (1947),0.17911544208005106
349,3,27619,"Lion King 1½, The (2004)",0.16885462669522008
349,4,96432,Lawless (2012),0.16828409501779923
349,5,135803,Five Element Ninjas (1982),0.16600348160110598
349,6,26399,Five Deadly Venoms (1978),0.16600348160110598
349,7,178323,Gaga: Five Foot Two (2017),0.16600348160110598
349,8,128832,The Last Five Years (2014),0.16600348160110598
349,9,4291,Nine to Five (a.k.a. 9 to 5) (1980),0.16600348160110598
349,10,3474,Retroactive (1997),0.16600348160110598
350,1,1196,Star Wars: Episode V - The Empire Strikes Back (1980),0.22450302571780228
350,2,148482,Truth (2015),0.20126724116826042
350,3,6254,"Awful Truth, The (1937)",0.20126724116826042
350,4,7781,Twister (1990),0.20055160782623238
350,5,3257,"Bodyguard, The (1992)",0.19458385756646723
350,6,6708,Matchstick Men (2003),0.19179360400071804
350,7,111781,Mission: Impossible - Rogue Nation (2015),0.18943068175416405
350,8,189333,Mission: Impossible - Fallout (2018),0.18943068175416405
350,9,69849,Roots (1977),0.18840265771999204
350,10,164179,Arrival (2016),0.18446887360563508
351,1,100083,Movie 43 (2013),0.22588967801315618
351,2,55442,Persepolis (2007),0.21189874050907448
351,3,104925,"Family, The (2013)",0.21062814159728319
351,4,89580,Neds (2010),0.20714978267942816
351,5,134252,That Munchhausen (1979),0.20604834373738784
351,6,69849,Roots (1977),0.20022871819639657
351,7,2116,"Lord of the Rings, The (1978)",0.1954045360380461
351,8,2439,Affliction (1997),0.19436240980859953
351,9,5847,Ragtime (1981),0.1924489678166423
351,10,5308,Three Men and a Baby (1987),0.19136834509403827
352,1,100083,Movie 43 (2013),0.2381285592287321
352,2,169984,Alien: Covenant (2017),0.22690943887024437
352,3,89580,Neds (2010),0.2259227334959423
352,4,55442,Persepolis (2007),0.22332374723961718
352,5,1831,Lost in Space (1998),0.21841212655169423
352,6,134252,That Munchhausen (1979),0.21791512688340314
352,7,93610,Space Battleship Yamato (2010),0.2162671617535984
352,8,5847,Ragtime (1981),0.2159425011809946
352,9,2439,Affliction (1997),0.2074576531284014
352,10,96815,V/H/S (2012),0.2040842850653021
353,1,100083,Movie 43 (2013),0.20200183698695354
353,2,105355,Blue Is the Warmest Color (La vie d'Adèle) (2013),0.191684860180436
353,3,6942,Love Actually (2003),0.19064314288843226
353,4,55442,Persepolis (2007),0.18728178925551256
353,5,5847,Ragtime (1981),0.18369624247356692
353,6,4409,Shadows and Fog (1991),0.18070337168595046
353,7,69849,Roots (1977),0.18046220074110964
353,8,171251,"Nobody Speak: Hulk Hogan, Gawker and Trials of a Free Press (2017)",0.17687264432422486
353,9,1652,Year of the Horse (1997),0.17687264432422486
353,10,3378,"Ogre, The (Unhold, Der) (1996)",0.17687264432422486
354,1,100083,Movie 43 (2013),0.22553521392086937
354,2,94777,Men in Black III (M.III.B.) (M.I.B.³) (2012),0.21564832554545804
354,3,55442,Persepolis (2007),0.21522091478402375
354,4,5847,Ragtime (1981),0.2121275076521188
354,5,89580,Neds (2010),0.21007924289696384
354,6,6942,Love Actually (2003),0.20349261318895767
354,7,2991,Live and Let Die (1973),0.2027373480973742
354,8,122926,Untitled Spider-Man Reboot (2017),0.20129349907896643
354,9,4994,"Majestic, The (2001)",0.1972650694302575
354,10,2205,Mr. & Mrs. Smith (1941),0.19694598637218008
355,1,5459,Men in Black II (a.k.a. MIIB) (a.k.a. MIB 2) (2002),0.2640116535371313
355,2,94777,Men in Black III (M.III.B.) (M.I.B.³) (2012),0.2640116535371313
355,3,2793,"American Werewolf in Paris, An (1997)",0.23437326239252337
355,4,95875,Total Recall (2012),0.2293805254746802
355,5,5804,"Santa Clause 2, The (2002)",0.22906422512200708
355,6,7,Sabrina (1995),0.2257105880174855
355,7,75389,"Burrowers, The (2008)",0.22432463969800145
355,8,3404,Titanic (1953),0.2174751747521409
355,9,791,"Last Klezmer: Leopold Kozlowski, His Life and Music, The (1994)",0.20759683697074582
355,10,720,Wallace & Gromit: The Best of Aardman Animation (1996),0.20759683697074582
356,1,100083,Movie 43 (2013),0.26604136064520667
356,2,55442,Persepolis (2007),0.2447105575673186
356,3,193573,Love Live! The School Idol Movie (2015),0.23295676641979682
356,4,89580,Neds (2010),0.23013468159337147
356,5,5847,Ragtime (1981),0.22287426876512828
356,6,5969,My Girl 2 (1994),0.21438913071827426
356,7,2439,Affliction (1997),0.21418915895481774
356,8,276,Milk Money (1994),0.21417217558475235
356,9,765,Jack (1996),0.21416365325044506
356,10,181065,Jack Whitehall: At Large (2017),0.21416365325044506
357,1,100083,Movie 43 (2013),0.27277708078893864
357,2,55442,Persepolis (2007),0.25462991140275376
357,3,5847,Ragtime (1981),0.24565480177258106
357,4,2439,Affliction (1997),0.23035896552092985
357,5,276,Milk Money (1994),0.2302772431919045
357,6,193573,Love Live! The School Idol Movie (2015),0.22791336521660832
357,7,89580,Neds (2010),0.22666651059327914
357,8,69849,Roots (1977),0.22617431656884063
357,9,5969,My Girl 2 (1994),0.22296608796516135
357,10,765,Jack (1996),0.2202381857220932
358,1,3404,Titanic (1953),0.25765518883400085
358,2,5679,"Ring, The (2002)",0.22019013529815099
358,3,3720,Sunshine (1999),0.20280712419339325
358,4,172215,Saved by the Bell: Hawaiian Style (1992),0.19914752656469256
358,5,1437,"Cement Garden, The (1993)",0.19801562806334236
358,6,339,While You Were Sleeping (1995),0.19674926082355865
358,7,25757,"Jazz Singer, The (1927)",0.19474916934124503
358,8,1644,I Know What You Did Last Summer (1997),0.19306152023080497
358,9,2982,"Guardian, The (1990)",0.18917481975264672
358,10,5483,"Kid Stays in the Picture, The (2002)",0.18862533357477498
359,1,94777,Men in Black III (M.III.B.) (M.I.B.³) (2012),0.19722738163963732
359,2,5459,Men in Black II (a.k.a. MIIB) (a.k.a. MIB 2) (2002),0.19722738163963732
359,3,102666,Ivan Vasilievich: Back to the Future (Ivan Vasilievich menyaet professiyu) (1973),0.19259502796560546
359,4,128842,Dragonheart 3: The Sorcerer's Curse (2015),0.1887538712023583
359,5,3551,Marathon Man (1976),0.18367654465587502
359,6,100083,Movie 43 (2013),0.1817198986558707
359,7,55442,Persepolis (2007),0.17914635041770421
359,8,3708,Firestarter (1984),0.1765850740399315
359,9,85885,Room in Rome (Habitación en Roma) (2010),0.1761420982584492
359,10,140174,Room (2015),0.1761420982584492
360,1,6210,Volcano High (Whasango) (2001),0.2845862202204425
360,2,80846,Devil (2010),0.26291864588227004
360,3,82667,I Saw the Devil (Akmareul boatda) (2010),0.26291864588227004
360,4,26195,Sympathy for the Devil (1968),0.26291864588227004
360,5,148982,Devil Dog: The Hound of Hell (1978),0.26291864588227004
360,6,92046,Contact High (2009),0.255347487972566
360,7,76173,Micmacs (Micmacs à tire-larigot) (2009),0.23757585030916173
360,8,176419,Mother! (2017),0.22672556892965948
360,9,111785,Midnight Chronicles (2009),0.22260598016666117
360,10,26564,'Round Midnight (1986),0.22260598016666117
361,1,94777,Men in Black III (M.III.B.) (M.I.B.³) (2012),0.25337394082032383
361,2,26681,Bullet in the Head (1990),0.22068245781147539
361,3,3684,"Fabulous Baker Boys, The (1989)",0.21089105605856648
361,4,100083,Movie 43 (2013),0.21058430129124817
361,5,45722,Pirates of the Caribbean: Dead Man's Chest (2006),0.20018028290091172
361,6,25757,"Jazz Singer, The (1927)",0.198158360810261
361,7,3869,"Naked Gun 2 1/2: The Smell of Fear, The (1991)",0.19629346495789263
361,8,104925,"Family, The (2013)",0.19434069517963584
361,9,4023,"Family Man, The (2000)",0.19434069517963584
361,10,73106,American Pie Presents: The Book of Love (American Pie 7: The Book of Love) (2009),0.19391023257946102
362,1,2116,"Lord of the Rings, The (1978)",0.21311968684734128
362,2,26152,Batman (1966),0.21162860556486768
362,3,58559,"Dark Knight, The (2008)",0.1981974513249611
362,4,100083,Movie 43 (2013),0.1944859194907907
362,5,26195,Sympathy for the Devil (1968),0.1935941113343106
362,6,148982,Devil Dog: The Hound of Hell (1978),0.1935941113343106
362,7,80846,Devil (2010),0.1935941113343106
362,8,1488,"Devil's Own, The (1997)",0.1935941113343106
362,9,5847,Ragtime (1981),0.1924741671455319
362,10,55442,Persepolis (2007),0.18852332424229495
363,1,2116,"Lord of the Rings, The (1978)",0.3017285684079172
363,2,5952,"Lord of the Rings: The Two Towers, The (2002)",0.28444889861906447
363,3,1210,Star Wars: Episode VI - Return of the Jedi (1983),0.2566582597934235
363,4,50189,American Pie Presents The Naked Mile (American Pie 5: The Naked Mile) (2006),0.2181721021264482
363,5,59429,American Pie Presents Beta House (American Pie 6: Beta House) (2007),0.2181721021264482
363,6,73106,American Pie Presents: The Book of Love (American Pie 7: The Book of Love) (2009),0.2181721021264482
363,7,3708,Firestarter (1984),0.2111094440329912
363,8,54121,Broken Arrow (1950),0.1940833946770046
363,9,127319,The Loft (2014),0.18911455261805957
363,10,1276,Cool Hand Luke (1967),0.18073861736144264
364,1,1196,Star Wars: Episode V - The Empire Strikes Back (1980),0.3092848867639028
364,2,111781,Mission: Impossible - Rogue Nation (2015),0.25345020249747413
364,3,189333,Mission: Impossible - Fallout (2018),0.25345020249747413
364,4,7781,Twister (1990),0.2492788044140748
364,5,54121,Broken Arrow (1950),0.24853300503515294
364,6,1276,Cool Hand Luke (1967),0.22768269017184165
364,7,30793,Charlie and the Chocolate Factory (2005),0.20117540544758247
364,8,544,Striking Distance (1993),0.19255042624591978
364,9,3114,Toy Story 2 (1999),0.18970543682498567
364,10,179819,Star Wars: The Last Jedi (2017),0.18833472017952718
365,1,100083,Movie 43 (2013),0.25568684060707064
365,2,89580,Neds (2010),0.23479793665717885
365,3,55442,Persepolis (2007),0.22718485155285456
365,4,3869,"Naked Gun 2 1/2: The Smell of Fear, The (1991)",0.22003736182898
365,5,6422,Shenandoah (1965),0.21652156537088585
365,6,5847,Ragtime (1981),0.2143867594982669
365,7,276,Milk Money (1994),0.21211374636441166
365,8,193573,Love Live! The School Idol Movie (2015),0.2116834063402292
365,9,3708,Firestarter (1984),0.21131500703021705
365,10,6942,Love Actually (2003),0.20981482260496817
366,1,26152,Batman (1966),0.2852572422704995
366,2,592,Batman (1989),0.2852572422704995
366,3,2116,"Lord of the Rings, The (1978)",0.27699014613158535
366,4,5952,"Lord of the Rings: The Two Towers, The (2002)",0.26484702400933385
366,5,153,Batman Forever (1995),0.23777858910329275
366,6,167746,The Lego Batman Movie (2017),0.23770657023341038
366,7,3213,Batman: Mask of the Phantasm (1993),0.23418075504515856
366,8,1240,"Terminator, The (1984)",0.1984210615932108
366,9,167296,Iron Man (1931),0.19218962015033422
366,10,100498,"Good Day to Die Hard, A (2013)",0.1873077990430592
367,1,6942,Love Actually (2003),0.2452477096863692
367,2,100083,Movie 43 (2013),0.24304217367918107
367,3,25757,"Jazz Singer, The (1927)",0.23100182567424535
367,4,55442,Persepolis (2007),0.23017367147779202
367,5,104925,"Family, The (2013)",0.22293789465233696
367,6,134252,That Munchhausen (1979),0.22091502610561298
367,7,2439,Affliction (1997),0.21984568501182178
367,8,193573,Love Live! The School Idol Movie (2015),0.219163708708166
367,9,86898,"Tree of Life, The (2011)",0.21911680065647343
367,10,89580,Neds (2010),0.21596547652620976
368,1,100083,Movie 43 (2013),0.2347450753464721
368,2,5847,Ragtime (1981),0.22121288396638059
368,3,55442,Persepolis (2007),0.21990561991294866
368,4,69849,Roots (1977),0.21762215150409545
368,5,7569,You Only Live Twice (1967),0.21344024956472354
368,6,89580,Neds (2010),0.21295037574656922
368,7,2989,For Your Eyes Only (1981),0.21222704156847735
368,8,7925,"Hidden Fortress, The (Kakushi-toride no san-akunin) (1958)",0.210025333814945
368,9,5108,John Q (2002),0.20777923451455776
368,10,1382,Marked for Death (1990),0.20534523883320205
369,1,6510,"Bodies, Rest & Motion (1993)",0.22155468864330216
369,2,1376,Star Trek IV: The Voyage Home (1986),0.21309863007524207
369,3,100083,Movie 43 (2013),0.21093307427634403
369,4,3252,Scent of a Woman (1992),0.19876538739275282
369,5,5847,Ragtime (1981),0.1964625290235407
369,6,55442,Persepolis (2007),0.1945431298733625
369,7,5459,Men in Black II (a.k.a. MIIB) (a.k.a. MIB 2) (2002),0.1903659070200044
369,8,94777,Men in Black III (M.III.B.) (M.I.B.³) (2012),0.1903659070200044
369,9,3869,"Naked Gun 2 1/2: The Smell of Fear, The (1991)",0.18660191867343412
369,10,193573,Love Live! The School Idol Movie (2015),0.18623030763501405
370,1,33493,Star Wars: Episode III - Revenge of the Sith (2005),0.19994575547498572
370,2,3684,"Fabulous Baker Boys, The (1989)",0.18431623624381563
370,3,3037,Little Big Man (1970),0.1842297522991919
370,4,86898,"Tree of Life, The (2011)",0.18271970428025577
370,5,80727,Middle Men (2009),0.18137514335976934
370,6,55442,Persepolis (2007),0.17804731604820295
370,7,100083,Movie 43 (2013),0.1775389648650836
370,8,26681,Bullet in the Head (1990),0.1768772206507496
370,9,25757,"Jazz Singer, The (1927)",0.1763311331345858
370,10,3946,Get Carter (2000),0.17530035046531575
371,1,5952,"Lord of the Rings: The Two Towers, The (2002)",0.2594992400611338
371,2,2116,"Lord of the Rings, The (1978)",0.25756832847121053
371,3,27905,Casshern (2004),0.22414149316295964
371,4,153386,Long Live Ghosts! (1977),0.22187486336814266
371,5,4876,Thirteen Ghosts (a.k.a. Thir13en Ghosts) (2001),0.22187486336814266
371,6,26152,Batman (1966),0.20933808092564168
371,7,5077,Cousins (1989),0.1844631877471844
371,8,32554,Memories (Memorîzu) (1995),0.1802406042520359
371,9,27793,Starship Troopers 2: Hero of the Federation (2004),0.1765816796807332
371,10,136864,Batman v Superman: Dawn of Justice (2016),0.1688336098089592
372,1,55442,Persepolis (2007),0.2388441137554938
372,2,100083,Movie 43 (2013),0.23610256086610779
372,3,5847,Ragtime (1981),0.22465748616503084
372,4,6942,Love Actually (2003),0.21576755954885904
372,5,279,My Family (1995),0.21339309790642746
372,6,89580,Neds (2010),0.21245142561092145
372,7,2439,Affliction (1997),0.21001541551681777
372,8,30846,"Assassination of Richard Nixon, The (2004)",0.20833267416609455
372,9,134252,That Munchhausen (1979),0.20720313425946815
372,10,87306,Super 8 (2011),0.20441694606011607
373,1,100083,Movie 43 (2013),0.21184146260137493
373,2,6942,Love Actually (2003),0.2050661753373191
373,3,55442,Persepolis (2007),0.2013270807425245
373,4,3017,Creepshow 2 (1987),0.2010858694316121
373,5,5847,Ragtime (1981),0.19716586712454914
373,6,118880,"Girl Walks Home Alone at Night, A (2014)",0.1951276414157614
373,7,4023,"Family Man, The (2000)",0.1941985929038034
373,8,104925,"Family, The (2013)",0.1941985929038034
373,9,4409,Shadows and Fog (1991),0.19342393239185152
373,10,3565,Where the Heart Is (2000),0.1873346999590618
374,1,26152,Batman (1966),0.2693213986995826
374,2,33794,Batman Begins (2005),0.23346229736960541
374,3,5944,Star Trek: Nemesis (2002),0.22417644231014117
374,4,167746,The Lego Batman Movie (2017),0.21616499730885172
374,5,95858,For the Birds (2000),0.21290483461243953
374,6,2389,Psycho (1998),0.19631516973934265
374,7,55854,"Fugitive, The (1947)",0.18931956452793786
374,8,168366,Beauty and the Beast (2017),0.18923806541215504
374,9,3213,Batman: Mask of the Phantasm (1993),0.18719214432898346
374,10,91529,"Dark Knight Rises, The (2012)",0.1842655806125832
375,1,4234,"Tailor of Panama, The (2001)",0.20094218786998136
375,2,1701,Deconstructing Harry (1997),0.19715690092385768
375,3,4896,Harry Potter and the Sorcerer's Stone (a.k.a. Harry Potter and the Philosopher's Stone) (2001),0.19689082420679427
375,4,520,Robin Hood: Men in Tights (1993),0.19485311017358545
375,5,260,Star Wars: Episode IV - A New Hope (1977),0.19411262020782208
375,6,7215,To Have and Have Not (1944),0.19371498303776305
375,7,5499,Robin and Marian (1976),0.19316442159791639
375,8,168366,Beauty and the Beast (2017),0.19259050247896287
375,9,74948,Harry Brown (2009),0.18624258367139596
375,10,1100,Days of Thunder (1990),0.184982942808297
376,1,1376,Star Trek IV: The Voyage Home (1986),0.22114197950525746
376,2,6510,"Bodies, Rest & Motion (1993)",0.21332267767173452
376,3,26614,"Bourne Identity, The (1988)",0.20965520130884474
376,4,2116,"Lord of the Rings, The (1978)",0.20728943479757544
376,5,1320,Alien³ (a.k.a. Alien 3) (1992),0.20340484783387267
376,6,44777,Evil Aliens (2005),0.20340484783387267
376,7,6835,Alien Contamination (1980),0.20340484783387267
376,8,33090,Mutant Aliens (2001),0.20340484783387267
376,9,5459,Men in Black II (a.k.a. MIIB) (a.k.a. MIB 2) (2002),0.19974389034482348
376,10,94777,Men in Black III (M.III.B.) (M.I.B.³) (2012),0.19974389034482348
377,1,163653,David Cross: Making America Great Again (2016),0.23703416882966283
377,2,6586,American Wedding (American Pie 3) (2003),0.23703416882966283
377,3,126420,American Heist (2015),0.23703416882966283
377,4,102749,Captain America II: Death Too Soon (1979),0.23703416882966283
377,5,151759,Requiem for the American Dream (2015),0.23703416882966283
377,6,128097,Jim Norton: American Degenerate (2013),0.23703416882966283
377,7,806,American Buffalo (1996),0.23703416882966283
377,8,45361,"American Haunting, An (2005)",0.23703416882966283
377,9,93831,American Reunion (American Pie 4) (2012),0.23703416882966283
377,10,6620,American Splendor (2003),0.23703416882966283
378,1,2116,"Lord of the Rings, The (1978)",0.30510365387268085
378,2,26152,Batman (1966),0.2308359124765632
378,3,592,Batman (1989),0.2308359124765632
378,4,55805,Before the Devil Knows You're Dead (2007),0.20849438588929173
378,5,142074,Knock Knock (2015),0.2003299905895558
378,6,3213,Batman: Mask of the Phantasm (1993),0.19989934990617358
378,7,105197,Nebraska (2013),0.1994351581188669
378,8,153,Batman Forever (1995),0.19919648034750134
378,9,167746,The Lego Batman Movie (2017),0.19822238737881395
378,10,1967,Labyrinth (1986),0.1970766762210307
379,1,26152,Batman (1966),0.2615298487435622
379,2,33794,Batman Begins (2005),0.23132728811212544
379,3,98160,Nature Calls (2012),0.21172237893597956
379,4,95624,"Firm, The (2009)",0.1946775557827033
379,5,1237,"Seventh Seal, The (Sjunde inseglet, Det) (1957)",0.18508130815624996
379,6,2019,Seven Samurai (Shichinin no samurai) (1954),0.18508130815624996
379,7,3213,Batman: Mask of the Phantasm (1993),0.18343130682415623
379,8,91529,"Dark Knight Rises, The (2012)",0.18339861104350444
379,9,58559,"Dark Knight, The (2008)",0.18339861104350444
379,10,167746,The Lego Batman Movie (2017),0.18211011823697448
380,1,100083,Movie 43 (2013),0.25729079689248113
380,2,55442,Persepolis (2007),0.23954964511981172
380,3,5847,Ragtime (1981),0.23026339126077214
380,4,89580,Neds (2010),0.22715919314129823
380,5,87306,Super 8 (2011),0.22369034534036225
380,6,2439,Affliction (1997),0.2233712512289468
380,7,86898,"Tree of Life, The (2011)",0.21820922960575048
380,8,69849,Roots (1977),0.21719730503508133
380,9,3017,Creepshow 2 (1987),0.2129471290186698
380,10,4409,Shadows and Fog (1991),0.21278229966064327
381,1,100083,Movie 43 (2013),0.25062709237596964
381,2,55442,Persepolis (2007),0.24424996758929787
381,3,5847,Ragtime (1981),0.23945688775190385
381,4,6942,Love Actually (2003),0.23762358662965863
381,5,25757,"Jazz Singer, The (1927)",0.23415129400464613
381,6,86898,"Tree of Life, The (2011)",0.2335764043263478
381,7,104925,"Family, The (2013)",0.23039704242304143
381,8,2439,Affliction (1997),0.22651529725947636
381,9,89580,Neds (2010),0.22603341823546497
381,10,193573,Love Live! The School Idol Movie (2015),0.21826515190345544
382,1,3639,"Man with the Golden Gun, The (1974)",0.23512948804938025
382,2,100083,Movie 43 (2013),0.23036941605502045
382,3,3984,Diamonds Are Forever (1971),0.22656921867315122
382,4,2989,For Your Eyes Only (1981),0.2257796962824422
382,5,2949,Dr. No (1962),0.22531466429325755
382,6,3635,"Spy Who Loved Me, The (1977)",0.21900016944704517
382,7,136020,Spectre (2015),0.21529273337342905
382,8,6942,Love Actually (2003),0.2139595784458356
382,9,4626,Miracle Mile (1989),0.21177000219631292
382,10,55442,Persepolis (2007),0.20995954047123724
383,1,6288,Better Luck Tomorrow (2002),0.22323247064924664
383,2,86237,Connections (1978),0.1997690734810785
383,3,174909,Logan Lucky (2017),0.1901853058165742
383,4,5285,Lucky Break (2001),0.1901853058165742
383,5,81831,"First Beautiful Thing, The (La prima cosa bella) (2010)",0.18812015752602562
383,6,6408,Animals are Beautiful People (1974),0.18812015752602562
383,7,138798,Joe Dirt 2: Beautiful Loser (2015),0.18812015752602562
383,8,90353,Beautiful Boy (2010),0.18812015752602562
383,9,114126,Beautiful Losers (2008),0.18812015752602562
383,10,99764,It's Such a Beautiful Day (2012),0.18812015752602562
384,1,49651,Rocky Balboa (2006),0.21165257298496493
384,2,135803,Five Element Ninjas (1982),0.20754680141864562
384,3,128832,The Last Five Years (2014),0.20754680141864562
384,4,178323,Gaga: Five Foot Two (2017),0.20754680141864562
384,5,26399,Five Deadly Venoms (1978),0.20754680141864562
384,6,3474,Retroactive (1997),0.20754680141864562
384,7,7925,"Hidden Fortress, The (Kakushi-toride no san-akunin) (1958)",0.20173126611542386
384,8,8880,Mask (1985),0.19928242872331603
384,9,2625,Black Mask (Hak hap) (1996),0.19928242872331603
384,10,2609,"King of Masks, The (Bian Lian) (1996)",0.19928242872331603
385,1,55442,Persepolis (2007),0.2346269917023561
385,2,100083,Movie 43 (2013),0.22797426102161242
385,3,2439,Affliction (1997),0.21572737336904244
385,4,163925,"Wings, Legs and Tails (1986)",0.21554623953323246
385,5,7349,Broken Wings (Knafayim Shvurot) (2002),0.21554623953323246
385,6,72714,Earthlings (2006),0.21554623953323246
385,7,86898,"Tree of Life, The (2011)",0.21139382957919634
385,8,5847,Ragtime (1981),0.209513603747831
385,9,6942,Love Actually (2003),0.2089808400268311
385,10,8361,"Day After Tomorrow, The (2004)",0.20395582976772914
386,1,26152,Batman (1966),0.19958029043112027
386,2,6942,Love Actually (2003),0.1903532712571137
386,3,100083,Movie 43 (2013),0.18835829065864815
386,4,118880,"Girl Walks Home Alone at Night, A (2014)",0.18542541006343397
386,5,33794,Batman Begins (2005),0.18296890990155074
386,6,5847,Ragtime (1981),0.17445249691833342
386,7,55442,Persepolis (2007),0.1719164946100536
386,8,111781,Mission: Impossible - Rogue Nation (2015),0.16913765870454728
386,9,189333,Mission: Impossible - Fallout (2018),0.16913765870454728
386,10,52644,Vacancy (2007),0.16893146007713128
387,1,100083,Movie 43 (2013),0.26890571137579694
387,2,55442,Persepolis (2007),0.25629972570093784
387,3,134252,That Munchhausen (1979),0.2466251922298803
387,4,5847,Ragtime (1981),0.23859854145818624
387,5,2439,Affliction (1997),0.23522582405584366
387,6,96815,V/H/S (2012),0.23453174863827664
387,7,89580,Neds (2010),0.22920605544686673
387,8,78041,Killers (2010),0.22152968015989952
387,9,69849,Roots (1977),0.22049075727489403
387,10,193573,Love Live! The School Idol Movie (2015),0.2204249297683896
388,1,64249,Shrek the Halls (2007),0.38672462577648836
388,2,117368,The Madagascar Penguins in a Christmas Caper (2005),0.35615658087500285
388,3,66798,"Pink Panther 2, The (2009)",0.3488927096755031
388,4,1125,"Return of the Pink Panther, The (1975)",0.22191762826585423
388,5,42725,Grandma's Boy (2006),0.20189753334589486
388,6,146688,Solace (2015),0.1960416371051533
388,7,90528,This Must Be the Place (2011),0.1960416371051533
388,8,101525,"Place Beyond the Pines, The (2012)",0.1960416371051533
388,9,5088,"Going Places (Valseuses, Les) (1974)",0.1960416371051533
388,10,185029,A Quiet Place (2018),0.1960416371051533
389,1,7781,Twister (1990),0.20671242558049524
389,2,111781,Mission: Impossible - Rogue Nation (2015),0.20624856596048238
389,3,189333,Mission: Impossible - Fallout (2018),0.20624856596048238
389,4,1821,"Object of My Affection, The (1998)",0.19901289057922003
389,5,54121,Broken Arrow (1950),0.19550670717915994
389,6,934,Father of the Bride (1950),0.19544659771786377
389,7,6944,Father of the Bride (1991),0.19544659771786377
389,8,4239,Blow (2001),0.1915180667467053
389,9,3788,Blow-Up (Blowup) (1966),0.1915180667467053
389,10,5171,"Time Machine, The (2002)",0.18619785700024633
390,1,4488,Colors (1988),0.22209202553256877
390,2,306,Three Colors: Red (Trois couleurs: Rouge) (1994),0.22209202553256877
390,3,5209,Ffolkes (1979),0.2201698053882174
390,4,62662,Tokyo-Ga (1985),0.2201698053882174
390,5,27006,RKO 281 (1999),0.2201698053882174
390,6,66744,"Divo, Il (2008)",0.2201698053882174
390,7,5239,Rude Boy (1980),0.2201698053882174
390,8,3010,Rosetta (1999),0.2201698053882174
390,9,5121,Stroszek (1977),0.2201698053882174
390,10,27627,Oasis (2002),0.2201698053882174
391,1,55442,Persepolis (2007),0.24533692585476516
391,2,100083,Movie 43 (2013),0.23995512020502213
391,3,6942,Love Actually (2003),0.22739579177575525
391,4,2439,Affliction (1997),0.22607703304330476
391,5,5847,Ragtime (1981),0.2258132354469733
391,6,134252,That Munchhausen (1979),0.22370341053926404
391,7,89580,Neds (2010),0.22150311080978402
391,8,4857,Fiddler on the Roof (1971),0.21287504908958677
391,9,193573,Love Live! The School Idol Movie (2015),0.21081517101314534
391,10,4409,Shadows and Fog (1991),0.20871922531730275
392,1,59429,American Pie Presents Beta House (American Pie 6: Beta House) (2007),0.26572354350061117
392,2,73106,American Pie Presents: The Book of Love (American Pie 7: The Book of Love) (2009),0.26572354350061117
392,3,50189,American Pie Presents The Naked Mile (American Pie 5: The Naked Mile) (2006),0.26572354350061117
392,4,3379,On the Beach (1959),0.2507882711658757
392,5,6289,Ghosts of the Abyss (2003),0.227696634019321
392,6,90943,Into the Abyss (2011),0.227696634019321
392,7,4718,American Pie 2 (2001),0.21165216165959633
392,8,7925,"Hidden Fortress, The (Kakushi-toride no san-akunin) (1958)",0.20199562120804485
392,9,2023,"Godfather: Part III, The (1990)",0.1970955418207835
392,10,47970,"Last Kiss, The (2006)",0.19174752114221175
393,1,2116,"Lord of the Rings, The (1978)",0.22223358653068218
393,2,167296,Iron Man (1931),0.2209564318384437
393,3,26614,"Bourne Identity, The (1988)",0.20623194749915238
393,4,122924,X-Men: Apocalypse (2016),0.2028841278183459
393,5,99910,"Last Stand, The (2013)",0.20115322631227564
393,6,100083,Movie 43 (2013),0.18468237018237424
393,7,5847,Ragtime (1981),0.18148628390189628
393,8,85056,I Am Number Four (2011),0.18137651146089737
393,9,2205,Mr. & Mrs. Smith (1941),0.17945773702185336
393,10,1831,Lost in Space (1998),0.17597464579528754
394,1,26152,Batman (1966),0.32294341041696106
394,2,33794,Batman Begins (2005),0.27855472904537815
394,3,95624,"Firm, The (2009)",0.23123911507458272
394,4,167746,The Lego Batman Movie (2017),0.22570231305521357
394,5,3213,Batman: Mask of the Phantasm (1993),0.22372313690486018
394,6,168366,Beauty and the Beast (2017),0.22354887179717772
394,7,55854,"Fugitive, The (1947)",0.22154074642082283
394,8,58559,"Dark Knight, The (2008)",0.22105558809991513
394,9,91529,"Dark Knight Rises, The (2012)",0.22105558809991513
394,10,2092,"Return of Jafar, The (1994)",0.17786719470369877
395,1,5499,Robin and Marian (1976),0.23011979396033946
395,2,940,"Adventures of Robin Hood, The (1938)",0.22627448860592075
395,3,118880,"Girl Walks Home Alone at Night, A (2014)",0.21704422141726856
395,4,77191,Death at a Funeral (2010),0.20366331180907346
395,5,53956,Death at a Funeral (2007),0.20366331180907346
395,6,6942,Love Actually (2003),0.1984595951094161
395,7,2420,"Karate Kid, The (1984)",0.18758158594337282
395,8,79224,"Karate Kid, The (2010)",0.18758158594337282
395,9,100083,Movie 43 (2013),0.18684545730665206
395,10,3732,"Fury, The (1978)",0.18439505620829905
396,1,96518,Prime Suspect 6: The Last Witness (2003),0.23309035435065903
396,2,185029,A Quiet Place (2018),0.23283097652269644
396,3,5088,"Going Places (Valseuses, Les) (1974)",0.23283097652269644
396,4,101525,"Place Beyond the Pines, The (2012)",0.23283097652269644
396,5,90528,This Must Be the Place (2011),0.23283097652269644
396,6,146688,Solace (2015),0.23283097652269644
396,7,1807,"Cool, Dry Place, A (1998)",0.23283097652269644
396,8,188675,Dogman (2018),0.2313532020781971
396,9,6783,"Rules of the Game, The (La règle du jeu) (1939)",0.21874380805109
396,10,6246,Talent for the Game (1991),0.21874380805109
397,1,1312,Female Perversions (1996),0.28239781204123554
397,2,3706,Angel Heart (1987),0.27359443747891654
397,3,735,Cemetery Man (Dellamorte Dellamore) (1994),0.2553604225619372
397,4,7215,To Have and Have Not (1944),0.24345167739917248
397,5,86237,Connections (1978),0.24166927417219666
397,6,121035,Houdini (2014),0.22786185966309777
397,7,74948,Harry Brown (2009),0.22497228067762312
397,8,4896,Harry Potter and the Sorcerer's Stone (a.k.a. Harry Potter and the Philosopher's Stone) (2001),0.2240430347133851
397,9,1438,Dante's Peak (1997),0.21896360531819078
397,10,4626,Miracle Mile (1989),0.21820138185126173
398,1,84273,Zeitgeist: Moving Forward (2011),0.21228742330625375
398,2,2764,"Thomas Crown Affair, The (1968)",0.20357888632615892
398,3,7054,Little Women (1949),0.19859055308301848
398,4,4921,Little Women (1933),0.19859055308301848
398,5,2454,"Fly, The (1958)",0.1949485581105965
398,6,2456,"Fly II, The (1989)",0.1949485581105965
398,7,4392,Alice (1990),0.18401883097027064
398,8,72982,Alice (2009),0.18401883097027064
398,9,117881,Still Alice (2014),0.18401883097027064
398,10,26712,35 Up (1991),0.1829005367794438
399,1,2116,"Lord of the Rings, The (1978)",0.3566615977674986
399,2,1276,Cool Hand Luke (1967),0.2283407049092369
399,3,78499,Toy Story 3 (2010),0.2224604538782893
399,4,94777,Men in Black III (M.III.B.) (M.I.B.³) (2012),0.20799038939720157
399,5,5459,Men in Black II (a.k.a. MIIB) (a.k.a. MIB 2) (2002),0.20799038939720157
399,6,127319,The Loft (2014),0.20238675804797254
399,7,179819,Star Wars: The Last Jedi (2017),0.19454429492431236
399,8,33493,Star Wars: Episode III - Revenge of the Sith (2005),0.1837924396346116
399,9,3484,"Skulls, The (2000)",0.18019436790178114
399,10,881,First Kid (1996),0.17461811279981312
400,1,2116,"Lord of the Rings, The (1978)",0.2510819025497209
400,2,5952,"Lord of the Rings: The Two Towers, The (2002)",0.2332761218448693
400,3,1276,Cool Hand Luke (1967),0.22633818095185146
400,4,3484,"Skulls, The (2000)",0.18730862001647905
400,5,127319,The Loft (2014),0.18650703589250037
400,6,179819,Star Wars: The Last Jedi (2017),0.1860049583466701
400,7,4994,"Majestic, The (2001)",0.1823265461308822
400,8,94405,Safe (2012),0.17937600260946565
400,9,190,Safe (1995),0.17937600260946565
400,10,33493,Star Wars: Episode III - Revenge of the Sith (2005),0.17478055331391015
401,1,2116,"Lord of the Rings, The (1978)",0.2580449138731943
401,2,86898,"Tree of Life, The (2011)",0.2037816084134672
401,3,64249,Shrek the Halls (2007),0.1969480609724465
401,4,3037,Little Big Man (1970),0.19053874464961204
401,5,4023,"Family Man, The (2000)",0.1881704408167623
401,6,104925,"Family, The (2013)",0.1881704408167623
401,7,25757,"Jazz Singer, The (1927)",0.18724757620222113
401,8,39183,Brokeback Mountain (2005),0.1861770997064788
401,9,122896,Pirates of the Caribbean: Dead Men Tell No Tales (2017),0.18422195867646368
401,10,85885,Room in Rome (Habitación en Roma) (2010),0.18017982156438528
402,1,100498,"Good Day to Die Hard, A (2013)",0.23736971019296066
402,2,1370,Die Hard 2 (1990),0.21302992447067995
402,3,118880,"Girl Walks Home Alone at Night, A (2014)",0.20088064300608408
402,4,54121,Broken Arrow (1950),0.18240332445612306
402,5,4626,Miracle Mile (1989),0.18101953642546809
402,6,6942,Love Actually (2003),0.17674483567395805
402,7,7781,Twister (1990),0.17271626047085453
402,8,1237,"Seventh Seal, The (Sjunde inseglet, Det) (1957)",0.1713291217986604
402,9,2019,Seven Samurai (Shichinin no samurai) (1954),0.1713291217986604
402,10,7116,Diabolique (Les diaboliques) (1955),0.17041694791109477
403,1,144352,Unforgiven (2013),0.22532479153675936
403,2,88699,Death Race 2 (2010),0.22273087984848233
403,3,4889,Heist (2001),0.21201648762753303
403,4,32442,Greedy (1994),0.19612929704648088
403,5,2019,Seven Samurai (Shichinin no samurai) (1954),0.19411084786367303
403,6,1237,"Seventh Seal, The (Sjunde inseglet, Det) (1957)",0.19411084786367303
403,7,1952,Midnight Cowboy (1969),0.1893364039601651
403,8,7007,"Last Boy Scout, The (1991)",0.1860066629926331
403,9,103048,"Kings of Summer, The (2013)",0.1841962892265811
403,10,79224,"Karate Kid, The (2010)",0.18317705369677018
404,1,6942,Love Actually (2003),0.1904486138251203
404,2,32009,Tyler Perry's Diary of a Mad Black Woman (2005),0.1874355048698311
404,3,40962,"Yours, Mine and Ours (2005)",0.18348602556336993
404,4,26198,"Yours, Mine and Ours (1968)",0.18348602556336993
404,5,95624,"Firm, The (2009)",0.18229208282858578
404,6,55442,Persepolis (2007),0.178877683074937
404,7,4921,Little Women (1933),0.17506038650660138
404,8,7054,Little Women (1949),0.17506038650660138
404,9,4023,"Family Man, The (2000)",0.1749990292634258
404,10,104925,"Family, The (2013)",0.1749990292634258
405,1,149590,Standoff (2016),0.2165573837323535
405,2,4745,O (2001),0.2165573837323535
405,3,139857,Colonia (2016),0.2165573837323535
405,4,8918,Eulogy (2004),0.2165573837323535
405,5,4407,Salvador (1986),0.2165573837323535
405,6,109313,Chouchou (2003),0.2165573837323535
405,7,185473,Blockers (2018),0.2165573837323535
405,8,101577,"Host, The (2013)",0.2165573837323535
405,9,44204,Tsotsi (2005),0.2165573837323535
405,10,27006,RKO 281 (1999),0.2165573837323535
406,1,7054,Little Women (1949),0.26901469187152166
406,2,4921,Little Women (1933),0.26901469187152166
406,3,3159,Fantasia 2000 (1999),0.2646817781752206
406,4,2398,Miracle on 34th Street (1947),0.2582248947157575
406,5,91266,Another Cinderella Story (2008),0.2499638349868064
406,6,63239,Cinderella (1997),0.24614274940560135
406,7,130073,Cinderella (2015),0.24614274940560135
406,8,49647,Charlotte's Web (2006),0.23406560596660056
406,9,428,"Bronx Tale, A (1993)",0.19709885608826774
406,10,73015,It's Complicated (2009),0.1925284357194369
407,1,2116,"Lord of the Rings, The (1978)",0.4644516875659946
407,2,1210,Star Wars: Episode VI - Return of the Jedi (1983),0.28732643716884354
407,3,167296,Iron Man (1931),0.21986996259368097
407,4,91529,"Dark Knight Rises, The (2012)",0.21341787447918087
407,5,3241,"Cup, The (Phörpa) (1999)",0.2089781903191707
407,6,26712,35 Up (1991),0.2089781903191707
407,7,8464,Super Size Me (2004),0.2089781903191707
407,8,7566,28 Up (1985),0.2089781903191707
407,9,3077,42 Up (1998),0.2089781903191707
407,10,102378,Syrup (2013),0.2089781903191707
408,1,2116,"Lord of the Rings, The (1978)",0.21567638408193968
408,2,2947,Goldfinger (1964),0.2049040819022242
408,3,2991,Live and Let Die (1973),0.2040456462364869
408,4,5796,Casino Royale (1967),0.20261361684084578
408,5,100083,Movie 43 (2013),0.19940966011381767
408,6,2948,From Russia with Love (1963),0.1986495249976743
408,7,2949,Dr. No (1962),0.19447997381097734
408,8,3984,Diamonds Are Forever (1971),0.19279959476870653
408,9,7569,You Only Live Twice (1967),0.19234520613271452
408,10,2989,For Your Eyes Only (1981),0.191822376224902
409,1,100083,Movie 43 (2013),0.22692303372244235
409,2,428,"Bronx Tale, A (1993)",0.2160772848009461
409,3,55442,Persepolis (2007),0.21345097132678037
409,4,1326,Amityville II: The Possession (1982),0.20913052267501311
409,5,98697,"Money Money Money (L'aventure, c'est l'aventure) (1972)",0.20694246856626763
409,6,276,Milk Money (1994),0.2050398843559876
409,7,3684,"Fabulous Baker Boys, The (1989)",0.2048515500195775
409,8,134252,That Munchhausen (1979),0.20365700313734716
409,9,5969,My Girl 2 (1994),0.2018593366633872
409,10,193573,Love Live! The School Idol Movie (2015),0.20026055089355216
410,1,100083,Movie 43 (2013),0.23361979510999642
410,2,2418,Nothing in Common (1986),0.22992239873767298
410,3,134252,That Munchhausen (1979),0.22769624695531437
410,4,7368,Never Die Alone (2004),0.22265173782472455
410,5,6942,Love Actually (2003),0.21436124091246458
410,6,5847,Ragtime (1981),0.21200746960440744
410,7,55442,Persepolis (2007),0.2115741376400889
410,8,131724,The Jinx: The Life and Deaths of Robert Durst (2015),0.21123796113100743
410,9,32657,"Man Who Planted Trees, The (Homme qui plantait des arbres, L') (1987)",0.21123796113100743
410,10,34072,"March of the Penguins (Marche de l'empereur, La) (2005)",0.21123796113100743
411,1,100083,Movie 43 (2013),0.22932564282861806
411,2,6942,Love Actually (2003),0.2247403302609103
411,3,4023,"Family Man, The (2000)",0.22242642198942916
411,4,104925,"Family, The (2013)",0.22242642198942916
411,5,5847,Ragtime (1981),0.21499925386801236
411,6,55442,Persepolis (2007),0.21174139775627246
411,7,86898,"Tree of Life, The (2011)",0.20027271905843547
411,8,201,Three Wishes (1995),0.1989402531923817
411,9,118880,"Girl Walks Home Alone at Night, A (2014)",0.19634915020721083
411,10,2439,Affliction (1997),0.1939433105616072
412,1,5847,Ragtime (1981),0.23238976859257557
412,2,55442,Persepolis (2007),0.19807318121040945
412,3,6942,Love Actually (2003),0.1979261994824937
412,4,100083,Movie 43 (2013),0.1968156807739898
412,5,106766,Inside Llewyn Davis (2013),0.19628774670852853
412,6,134252,That Munchhausen (1979),0.19365200688202552
412,7,127136,True Story (2015),0.19265049997652864
412,8,98799,"Liar's Autobiography: The Untrue Story of Monty Python's Graham Chapman, A (2012)",0.19265049997652864
412,9,30846,"Assassination of Richard Nixon, The (2004)",0.19240990330773888
412,10,142456,The Brand New Testament (2015),0.19233226745030552
413,1,3788,Blow-Up (Blowup) (1966),0.2275949388933633
413,2,5418,"Bourne Identity, The (2002)",0.20968911371233356
413,3,26614,"Bourne Identity, The (1988)",0.20968911371233356
413,4,55442,Persepolis (2007),0.2022532093491851
413,5,55805,Before the Devil Knows You're Dead (2007),0.19871489100955114
413,6,69849,Roots (1977),0.19672969140874788
413,7,160438,Jason Bourne (2016),0.19480468757182648
413,8,100083,Movie 43 (2013),0.19304067547956372
413,9,3708,Firestarter (1984),0.1916973386797531
413,10,428,"Bronx Tale, A (1993)",0.1913424149961828
414,1,100083,Movie 43 (2013),0.28818102397368534
414,2,55442,Persepolis (2007),0.2695493811355809
414,3,89580,Neds (2010),0.25144440492228426
414,4,5847,Ragtime (1981),0.24857708242659135
414,5,193573,Love Live! The School Idol Movie (2015),0.24411045105482554
414,6,2439,Affliction (1997),0.24149789678891223
414,7,134252,That Munchhausen (1979),0.23998747076197322
414,8,69849,Roots (1977),0.23721416236077067
414,9,86898,"Tree of Life, The (2011)",0.23674859339141424
414,10,25757,"Jazz Singer, The (1927)",0.23608215963620413
415,1,2205,Mr. & Mrs. Smith (1941),0.20631836555308414
415,2,100083,Movie 43 (2013),0.1986564898975329
415,3,55442,Persepolis (2007),0.19408301637845174
415,4,5847,Ragtime (1981),0.19255064305266242
415,5,25757,"Jazz Singer, The (1927)",0.19165360195545791
415,6,3684,"Fabulous Baker Boys, The (1989)",0.1905782940991112
415,7,5108,John Q (2002),0.18980947923745398
415,8,3037,Little Big Man (1970),0.18890937682822673
415,9,201,Three Wishes (1995),0.18795980014080046
415,10,4409,Shadows and Fog (1991),0.1859366139337077
416,1,64249,Shrek the Halls (2007),0.22550581235056655
416,2,6934,"Matrix Revolutions, The (2003)",0.21302347062706245
416,3,5459,Men in Black II (a.k.a. MIIB) (a.k.a. MIB 2) (2002),0.205617980759183
416,4,94777,Men in Black III (M.III.B.) (M.I.B.³) (2012),0.205617980759183
416,5,2389,Psycho (1998),0.19685634727291093
416,6,2352,"Big Chill, The (1983)",0.19663204720036367
416,7,78959,Endgame (2009),0.1955334430697022
416,8,1210,Star Wars: Episode VI - Return of the Jedi (1983),0.19171380893914203
416,9,4139,No Man's Land (1987),0.1862065946646247
416,10,170355,Mulholland Dr. (1999),0.18294636852911478
417,1,2116,"Lord of the Rings, The (1978)",0.27417325131432985
417,2,134252,That Munchhausen (1979),0.18843667623271274
417,3,5847,Ragtime (1981),0.1869881004133269
417,4,1967,Labyrinth (1986),0.18197972860558218
417,5,55442,Persepolis (2007),0.18046443752764332
417,6,100083,Movie 43 (2013),0.17947255692150205
417,7,6942,Love Actually (2003),0.17766500970381027
417,8,4626,Miracle Mile (1989),0.16893550748500685
417,9,2023,"Godfather: Part III, The (1990)",0.16855684941413093
417,10,91488,"Snowman, The (1982)",0.16579839020957832
418,1,4896,Harry Potter and the Sorcerer's Stone (a.k.a. Harry Potter and the Philosopher's Stone) (2001),0.3076303006705566
418,2,81834,Harry Potter and the Deathly Hallows: Part 1 (2010),0.2659230713663741
418,3,40815,Harry Potter and the Goblet of Fire (2005),0.24485233929845046
418,4,2116,"Lord of the Rings, The (1978)",0.23907115787402275
418,5,1438,Dante's Peak (1997),0.21483819464389195
418,6,1701,Deconstructing Harry (1997),0.21473245603554253
418,7,4626,Miracle Mile (1989),0.21426928193141787
418,8,85885,Room in Rome (Habitación en Roma) (2010),0.2140403796745171
418,9,7215,To Have and Have Not (1944),0.20940492767470148
418,10,5969,My Girl 2 (1994),0.20930815205457978
419,1,100083,Movie 43 (2013),0.22507782996186915
419,2,55442,Persepolis (2007),0.22145556096967697
419,3,5847,Ragtime (1981),0.22122762273278723
419,4,7925,"Hidden Fortress, The (Kakushi-toride no san-akunin) (1958)",0.2069395554158786
419,5,6942,Love Actually (2003),0.20364484008032233
419,6,101577,"Host, The (2013)",0.20077758555568145
419,7,66744,"Divo, Il (2008)",0.20077758555568145
419,8,93805,Iron Sky (2012),0.20077758555568145
419,9,8918,Eulogy (2004),0.20077758555568145
419,10,169670,The Void (2016),0.20077758555568145
420,1,165959,Alesha Popovich and Tugarin the Dragon (2004),0.2323708074945661
420,2,27716,"Green Butchers, The (Grønne slagtere, De) (2003)",0.2323708074945661
420,3,2156,"Best Man, The (Testimone dello sposo, Il) (1998)",0.2323708074945661
420,4,5672,Pokemon 4 Ever (a.k.a. Pokémon 4: The Movie) (2002),0.2323708074945661
420,5,92243,"Flowers of War, The (Jin líng shí san chai) (2011)",0.2323708074945661
420,6,26184,"Diamond Arm, The (Brilliantovaya ruka) (1968)",0.2323708074945661
420,7,119153,Bill Burr: You People Are All the Same (2012),0.2323708074945661
420,8,4883,"Town is Quiet, The (Ville est tranquille, La) (2000)",0.2323708074945661
420,9,1571,When the Cat's Away (Chacun cherche son chat) (1996),0.2323708074945661
420,10,146210,Blue Mountain State: The Rise of Thadland (2015),0.2323708074945661
421,1,4951,Lord of the Flies (1990),0.24763329246069593
421,2,105250,"Century of the Self, The (2002)",0.20770571431030352
421,3,8827,"Bill Cosby, Himself (1983)",0.20770571431030352
421,4,135518,Self/less (2015),0.20770571431030352
421,5,6936,Elf (2003),0.20770571431030352
421,6,3037,Little Big Man (1970),0.1977165714772888
421,7,25757,"Jazz Singer, The (1927)",0.19734742019234733
421,8,277,Miracle on 34th Street (1994),0.19409417756822184
421,9,77846,12 Angry Men (1997),0.192235856976206
421,10,86898,"Tree of Life, The (2011)",0.18455374769026245
422,1,201,Three Wishes (1995),0.22758996491193503
422,2,5847,Ragtime (1981),0.2118583233904721
422,3,1437,"Cement Garden, The (1993)",0.20932259538823786
422,4,69849,Roots (1977),0.20585974630412482
422,5,1752,Hard Rain (1998),0.20544272240903869
422,6,100083,Movie 43 (2013),0.20465502582256548
422,7,25757,"Jazz Singer, The (1927)",0.20372552656222598
422,8,140174,Room (2015),0.19778733969644116
422,9,85885,Room in Rome (Habitación en Roma) (2010),0.19778733969644116
422,10,5282,High Crimes (2002),0.19748019040894288
423,1,6835,Alien Contamination (1980),0.2549497478621823
423,2,44777,Evil Aliens (2005),0.2549497478621823
423,3,33090,Mutant Aliens (2001),0.2549497478621823
423,4,1214,Alien (1979),0.2549497478621823
423,5,507,"Perfect World, A (1993)",0.2488670794565254
423,6,122926,Untitled Spider-Man Reboot (2017),0.22857799313262595
423,7,72591,"Patriot, The (1998)",0.22463107808863444
423,8,55854,"Fugitive, The (1947)",0.22310153670411614
423,9,45186,Mission: Impossible III (2006),0.22233214971322524
423,10,5256,Stolen Summer (2002),0.20947871688366854
424,1,100083,Movie 43 (2013),0.23936854106865807
424,2,134252,That Munchhausen (1979),0.23193177433333018
424,3,55442,Persepolis (2007),0.21666034606047244
424,4,5847,Ragtime (1981),0.21233476703281506
424,5,5308,Three Men and a Baby (1987),0.20704351790441455
424,6,6942,Love Actually (2003),0.2068466687527211
424,7,96815,V/H/S (2012),0.2016950651598123
424,8,4409,Shadows and Fog (1991),0.20029638552751067
424,9,98799,"Liar's Autobiography: The Untrue Story of Monty Python's Graham Chapman, A (2012)",0.19880776412704343
424,10,127136,True Story (2015),0.19880776412704343
425,1,100083,Movie 43 (2013),0.2410580726079758
425,2,5847,Ragtime (1981),0.23122540561115335
425,3,55442,Persepolis (2007),0.228907012489867
425,4,89580,Neds (2010),0.2201119591080711
425,5,5308,Three Men and a Baby (1987),0.21316994631472366
425,6,2439,Affliction (1997),0.20731574296492317
425,7,86898,"Tree of Life, The (2011)",0.20537755844079258
425,8,4994,"Majestic, The (2001)",0.20470759310823536
425,9,4409,Shadows and Fog (1991),0.20210734596167934
425,10,5108,John Q (2002),0.20196156929898654
426,1,1701,Deconstructing Harry (1997),0.32006054061075717
426,2,7215,To Have and Have Not (1944),0.2976470463299282
426,3,121035,Houdini (2014),0.2973419816617862
426,4,74948,Harry Brown (2009),0.2900213886757822
426,5,4626,Miracle Mile (1989),0.27882326054863876
426,6,4234,"Tailor of Panama, The (2001)",0.2770185780323017
426,7,1438,Dante's Peak (1997),0.27624071610252104
426,8,27741,"Twilight Samurai, The (Tasogare Seibei) (2002)",0.26921462506620386
426,9,26492,Twilight Zone: The Movie (1983),0.26921462506620386
426,10,1307,When Harry Met Sally... (1989),0.2662822489875178
427,1,89208,Walled In (2009),0.22337766969536924
427,2,7153,"Lord of the Rings: The Return of the King, The (2003)",0.21906279527420625
427,3,85056,I Am Number Four (2011),0.218718192874479
427,4,2116,"Lord of the Rings, The (1978)",0.20573346612475532
427,5,89580,Neds (2010),0.20559069318658488
427,6,6942,Love Actually (2003),0.20127050237165564
427,7,88932,Final Destination 5 (2011),0.19739600451712686
427,8,5077,Cousins (1989),0.19511784743337882
427,9,32554,Memories (Memorîzu) (1995),0.1915360807700362
427,10,8643,"Cinderella Story, A (2004)",0.19109105913559335
428,1,100083,Movie 43 (2013),0.2334716820725458
428,2,5847,Ragtime (1981),0.22271799589633848
428,3,87306,Super 8 (2011),0.2170730294193821
428,4,94777,Men in Black III (M.III.B.) (M.I.B.³) (2012),0.21701661564630875
428,5,55442,Persepolis (2007),0.21398414597759577
428,6,2439,Affliction (1997),0.20694010336177177
428,7,89580,Neds (2010),0.205416048796537
428,8,44777,Evil Aliens (2005),0.20489765421422837
428,9,6835,Alien Contamination (1980),0.20489765421422837
428,10,33090,Mutant Aliens (2001),0.20489765421422837
429,1,69849,Roots (1977),0.18956947703599586
429,2,100083,Movie 43 (2013),0.1895668637108174
429,3,148956,How to Be Single (2016),0.18577516549766615
429,4,201,Three Wishes (1995),0.1832914746044488
429,5,4921,Little Women (1933),0.1826457096488245
429,6,7054,Little Women (1949),0.1826457096488245
429,7,26198,"Yours, Mine and Ours (1968)",0.18055301319587935
429,8,40962,"Yours, Mine and Ours (2005)",0.18055301319587935
429,9,55442,Persepolis (2007),0.18028046999936942
429,10,6837,Love Affair (1939),0.17944842308799921
430,1,6510,"Bodies, Rest & Motion (1993)",0.3445598937249669
430,2,1376,Star Trek IV: The Voyage Home (1986),0.3271614068607247
430,3,135569,Star Trek Beyond (2016),0.3239563452365019
430,4,102445,Star Trek Into Darkness (2013),0.3180001653212054
430,5,1375,Star Trek III: The Search for Spock (1984),0.31559043896134437
430,6,5944,Star Trek: Nemesis (2002),0.3055997677173123
430,7,68358,Star Trek (2009),0.2904512045053785
430,8,6934,"Matrix Revolutions, The (2003)",0.204754710737399
430,9,1831,Lost in Space (1998),0.18456248956459542
430,10,3788,Blow-Up (Blowup) (1966),0.18087026326803424
431,1,91337,Play the Game (2009),0.2514041898451062
431,2,6783,"Rules of the Game, The (La règle du jeu) (1939)",0.2514041898451062
431,3,6246,Talent for the Game (1991),0.2514041898451062
431,4,31923,"Three Musketeers, The (1973)",0.2487628280660822
431,5,25946,"Three Musketeers, The (1948)",0.2487628280660822
431,6,90403,"Three Musketeers, The (2011)",0.2487628280660822
431,7,82852,Little Fockers (2010),0.22535193883955745
431,8,30825,Meet the Fockers (2004),0.21674773836313557
431,9,7720,"Four Musketeers, The (1974)",0.20057833885887236
431,10,6709,Once Upon a Time in Mexico (2003),0.17993921256431528
432,1,89580,Neds (2010),0.24440454823198038
432,2,55442,Persepolis (2007),0.2347490020521424
432,3,100083,Movie 43 (2013),0.23085312529828825
432,4,5847,Ragtime (1981),0.2193080805991281
432,5,85056,I Am Number Four (2011),0.21568666304837125
432,6,4409,Shadows and Fog (1991),0.21160441115289322
432,7,2439,Affliction (1997),0.20897313851884386
432,8,3708,Firestarter (1984),0.20868932588378214
432,9,69849,Roots (1977),0.20822017401226042
432,10,104925,"Family, The (2013)",0.20468196236384698
433,1,7438,Kill Bill: Vol. 2 (2004),0.2549551094707396
433,2,58559,"Dark Knight, The (2008)",0.25281933235062054
433,3,2019,Seven Samurai (Shichinin no samurai) (1954),0.2417436535161059
433,4,1237,"Seventh Seal, The (Sjunde inseglet, Det) (1957)",0.2417436535161059
433,5,748,"Arrival, The (1996)",0.22859425212615292
433,6,168266,T2: Trainspotting (2017),0.19799444286397835
433,7,4148,Hannibal (2001),0.18363709259384625
433,8,592,Batman (1989),0.17077361796247917
433,9,26152,Batman (1966),0.17077361796247917
433,10,55805,Before the Devil Knows You're Dead (2007),0.16977006299063982
434,1,5847,Ragtime (1981),0.2221544340814728
434,2,55442,Persepolis (2007),0.2214743587761283
434,3,100083,Movie 43 (2013),0.2187923859910001
434,4,6942,Love Actually (2003),0.2118673822897805
434,5,89580,Neds (2010),0.20238390891556474
434,6,2439,Affliction (1997),0.2003419468896674
434,7,74948,Harry Brown (2009),0.1976342116748089
434,8,91488,"Snowman, The (1982)",0.19757310880506884
434,9,60365,Frosty the Snowman (1969),0.19757310880506884
434,10,3389,Let's Get Harry (1986),0.19709165207059617
435,1,91529,"Dark Knight Rises, The (2012)",0.22809997033575183
435,2,5925,"Beast Within, The (1982)",0.20344342680876482
435,3,3498,Midnight Express (1978),0.2019553170002576
435,4,2805,Mickey Blue Eyes (1999),0.20042416902654844
435,5,536,"Simple Twist of Fate, A (1994)",0.19894383768314783
435,6,2707,Arlington Road (1999),0.19278633855449043
435,7,7925,"Hidden Fortress, The (Kakushi-toride no san-akunin) (1958)",0.18875519217988038
435,8,27793,Starship Troopers 2: Hero of the Federation (2004),0.1881867480610529
435,9,26152,Batman (1966),0.18544454796863805
435,10,592,Batman (1989),0.18544454796863805
436,1,100083,Movie 43 (2013),0.2245713447596973
436,2,6942,Love Actually (2003),0.20885913386214028
436,3,5847,Ragtime (1981),0.2000463845992409
436,4,118880,"Girl Walks Home Alone at Night, A (2014)",0.19523418296052114
436,5,55442,Persepolis (2007),0.19522728724647012
436,6,77191,Death at a Funeral (2010),0.1929273891500042
436,7,53956,Death at a Funeral (2007),0.1929273891500042
436,8,142456,The Brand New Testament (2015),0.1923530901605671
436,9,8670,"Testament of Dr. Mabuse, The (Das Testament des Dr. Mabuse) (1933)",0.1923530901605671
436,10,3684,"Fabulous Baker Boys, The (1989)",0.19095627589275047
437,1,55442,Persepolis (2007),0.22859973275362802
437,2,100083,Movie 43 (2013),0.22494167818194175
437,3,69849,Roots (1977),0.2097101068282887
437,4,2439,Affliction (1997),0.2011862850953008
437,5,5847,Ragtime (1981),0.1989789707352763
437,6,89580,Neds (2010),0.19828935421326177
437,7,25887,Tales of Manhattan (1942),0.19768316231840236
437,8,3017,Creepshow 2 (1987),0.19696119313764962
437,9,30846,"Assassination of Richard Nixon, The (2004)",0.19515552313784396
437,10,6942,Love Actually (2003),0.19296496268995747
438,1,100083,Movie 43 (2013),0.2630974652133106
438,2,55442,Persepolis (2007),0.24326271582972142
438,3,89580,Neds (2010),0.23150096227528758
438,4,5847,Ragtime (1981),0.23149252296153275
438,5,69849,Roots (1977),0.22677969442390472
438,6,193573,Love Live! The School Idol Movie (2015),0.21744838232138303
438,7,104925,"Family, The (2013)",0.21393451056392473
438,8,86898,"Tree of Life, The (2011)",0.21319630808665685
438,9,276,Milk Money (1994),0.2110397267379753
438,10,2439,Affliction (1997),0.21032926929736592
439,1,2116,"Lord of the Rings, The (1978)",0.3574848160679794
439,2,5952,"Lord of the Rings: The Two Towers, The (2002)",0.3388887513973064
439,3,6537,Terminator 3: Rise of the Machines (2003),0.24698338179221546
439,4,1,Toy Story (1995),0.22373026672884364
439,5,100498,"Good Day to Die Hard, A (2013)",0.22222762405126031
439,6,3114,Toy Story 2 (1999),0.21704088959987006
439,7,55805,Before the Devil Knows You're Dead (2007),0.2117496244556317
439,8,120799,Terminator Genisys (2015),0.21087484753011143
439,9,6365,"Matrix Reloaded, The (2003)",0.20125286882827859
439,10,68791,Terminator Salvation (2009),0.18963882673432156
440,1,5953,Devils on the Doorstep (Guizi lai le) (2000),0.26569434375925616
440,2,7748,Pierrot le fou (1965),0.2619822431109732
440,3,26052,Pickpocket (1959),0.2619822431109732
440,4,4437,Suspiria (1977),0.2619822431109732
440,5,6183,Pillow Talk (1959),0.2619822431109732
440,6,64167,Dinotopia (2002),0.2619822431109732
440,7,6376,Respiro (2002),0.2619822431109732
440,8,131749,Libre et assoupi (2014),0.2619822431109732
440,9,129,Pie in the Sky (1996),0.2619822431109732
440,10,143385,Bridge of Spies (2015),0.2619822431109732
441,1,2116,"Lord of the Rings, The (1978)",0.24109916244488017
441,2,5952,"Lord of the Rings: The Two Towers, The (2002)",0.22605605973561352
441,3,1210,Star Wars: Episode VI - Return of the Jedi (1983),0.21712920629863336
441,4,7360,Dawn of the Dead (2004),0.2090754678884079
441,5,26152,Batman (1966),0.19965593059649364
441,6,592,Batman (1989),0.19965593059649364
441,7,33493,Star Wars: Episode III - Revenge of the Sith (2005),0.1899684153827621
441,8,5378,Star Wars: Episode II - Attack of the Clones (2002),0.18750606286683308
441,9,167746,The Lego Batman Movie (2017),0.17758957028081804
441,10,33794,Batman Begins (2005),0.1720580340471157
442,1,116817,Rudderless (2014),0.24744438819604042
442,2,120813,Patton Oswalt: My Weakness Is Strong (2009),0.2429546884536143
442,3,128366,Patton Oswalt: Tragedy Plus Comedy Equals Time (2014),0.2429546884536143
442,4,2078,"Jungle Book, The (1967)",0.23907033102240546
442,5,34338,"Aristocrats, The (2005)",0.23030561636059144
442,6,2338,I Still Know What You Did Last Summer (1998),0.19661950310361817
442,7,5108,John Q (2002),0.1870747835878693
442,8,6155,How to Lose a Guy in 10 Days (2003),0.18676534856161883
442,9,89580,Neds (2010),0.18652818438717217
442,10,4812,SpaceCamp (1986),0.18596364638885143
443,1,2116,"Lord of the Rings, The (1978)",0.36123328540082517
443,2,135133,The Hunger Games: Mockingjay - Part 2 (2015),0.2610878491465781
443,3,121129,The Hungover Games (2014),0.25662788790354285
443,4,1967,Labyrinth (1986),0.21152278575347971
443,5,78499,Toy Story 3 (2010),0.18703980960417718
443,6,5051,Italian for Beginners (Italiensk for begyndere) (2000),0.18392837226232786
443,7,111146,Alpha and Omega 3: The Great Wolf Games (2014),0.17989409959407288
443,8,3114,Toy Story 2 (1999),0.17709659931554123
443,9,6365,"Matrix Reloaded, The (2003)",0.17024499517128672
443,10,3032,"Omega Man, The (1971)",0.1678515652643873
444,1,95624,"Firm, The (2009)",0.2006425430758171
444,2,180497,The Post (2017),0.1955997039080407
444,3,26152,Batman (1966),0.18931827698918316
444,4,2019,Seven Samurai (Shichinin no samurai) (1954),0.17759543241011935
444,5,1237,"Seventh Seal, The (Sjunde inseglet, Det) (1957)",0.17759543241011935
444,6,4703,Chocolat (1988),0.17480030841559122
444,7,321,Strawberry and Chocolate (Fresa y chocolate) (1993),0.17480030841559122
444,8,50796,Blood and Chocolate (2007),0.17480030841559122
444,9,4014,Chocolat (2000),0.17480030841559122
444,10,615,Bread and Chocolate (Pane e cioccolata) (1973),0.17480030841559122
445,1,2116,"Lord of the Rings, The (1978)",0.26982866750481616
445,2,25757,"Jazz Singer, The (1927)",0.1902451989913731
445,3,1967,Labyrinth (1986),0.18956394686212444
445,4,2439,Affliction (1997),0.18938665611441866
445,5,55442,Persepolis (2007),0.18619290710999037
445,6,100083,Movie 43 (2013),0.1859110391936572
445,7,134252,That Munchhausen (1979),0.18391522112273584
445,8,86898,"Tree of Life, The (2011)",0.1825917434438459
445,9,3037,Little Big Man (1970),0.18128752200165937
445,10,5847,Ragtime (1981),0.17997998722653977
446,1,6942,Love Actually (2003),0.22734142216707623
446,2,4023,"Family Man, The (2000)",0.21549377240130846
446,3,104925,"Family, The (2013)",0.21549377240130846
446,4,118880,"Girl Walks Home Alone at Night, A (2014)",0.20792123799768256
446,5,100083,Movie 43 (2013),0.20565506162529848
446,6,3037,Little Big Man (1970),0.19824525701676454
446,7,25757,"Jazz Singer, The (1927)",0.19394866669886446
446,8,5308,Three Men and a Baby (1987),0.1913902420378536
446,9,86898,"Tree of Life, The (2011)",0.18829456998509575
446,10,80727,Middle Men (2009),0.1866861792275859
447,1,118880,"Girl Walks Home Alone at Night, A (2014)",0.19747573664284265
447,2,100083,Movie 43 (2013),0.19491606835148653
447,3,5847,Ragtime (1981),0.18714484092796668
447,4,26152,Batman (1966),0.18703593429516427
447,5,55442,Persepolis (2007),0.18521750157434344
447,6,33794,Batman Begins (2005),0.18169212045896788
447,7,6942,Love Actually (2003),0.1815816866458392
447,8,65601,My Bloody Valentine 3-D (2009),0.17978074002976566
447,9,276,Milk Money (1994),0.1752308665805733
447,10,7115,Deep Red (Profondo rosso) (1975),0.17499609533128072
448,1,100083,Movie 43 (2013),0.2852435403275272
448,2,55442,Persepolis (2007),0.250239481607519
448,3,5847,Ragtime (1981),0.23728491619001818
448,4,89580,Neds (2010),0.23547680820002784
448,5,2439,Affliction (1997),0.23421535171014307
448,6,193573,Love Live! The School Idol Movie (2015),0.23141842747799457
448,7,6942,Love Actually (2003),0.22834543179663513
448,8,86898,"Tree of Life, The (2011)",0.22792782825347832
448,9,69849,Roots (1977),0.22633489309820568
448,10,96815,V/H/S (2012),0.22293672798209963
449,1,102666,Ivan Vasilievich: Back to the Future (Ivan Vasilievich menyaet professiyu) (1973),0.2665349432685238
449,2,1270,Back to the Future (1985),0.2665349432685238
449,3,3869,"Naked Gun 2 1/2: The Smell of Fear, The (1991)",0.21454099064504367
449,4,5433,Silver Bullet (Stephen King's Silver Bullet) (1985),0.21319479359915083
449,5,1946,Marty (1955),0.19369206426853786
449,6,2633,"Mummy, The (1932)",0.19169337031283548
449,7,2634,"Mummy, The (1959)",0.19169337031283548
449,8,5092,Big Fat Liar (2002),0.18944462310515658
449,9,4450,Bully (2001),0.18221165331584413
449,10,94130,Bully (2011),0.18221165331584413
450,1,5171,"Time Machine, The (2002)",0.22145674102566995
450,2,25757,"Jazz Singer, The (1927)",0.21805456011254282
450,3,3037,Little Big Man (1970),0.21677336561089655
450,4,39183,Brokeback Mountain (2005),0.21515274070633147
450,5,1721,Titanic (1997),0.2148877399924551
450,6,104925,"Family, The (2013)",0.20991699072184702
450,7,4023,"Family Man, The (2000)",0.20991699072184702
450,8,86898,"Tree of Life, The (2011)",0.20969342497061816
450,9,201,Three Wishes (1995),0.20914626892759683
450,10,80727,Middle Men (2009),0.2072369364226999
451,1,189333,Mission: Impossible - Fallout (2018),0.20842217236663924
451,2,111781,Mission: Impossible - Rogue Nation (2015),0.20842217236663924
451,3,7781,Twister (1990),0.20654210042201646
451,4,1821,"Object of My Affection, The (1998)",0.20291762700736357
451,5,915,Sabrina (1954),0.19580387480470074
451,6,3788,Blow-Up (Blowup) (1966),0.19502812576472323
451,7,4239,Blow (2001),0.19502812576472323
451,8,6944,Father of the Bride (1991),0.1947617820988705
451,9,934,Father of the Bride (1950),0.1947617820988705
451,10,3668,Romeo and Juliet (1968),0.19336918400023037
452,1,2991,Live and Let Die (1973),0.239576639510776
452,2,3984,Diamonds Are Forever (1971),0.23268888815407612
452,3,2948,From Russia with Love (1963),0.22733310177966695
452,4,7569,You Only Live Twice (1967),0.22416065264782234
452,5,3639,"Man with the Golden Gun, The (1974)",0.22029717529413004
452,6,100083,Movie 43 (2013),0.22018962893269955
452,7,6510,"Bodies, Rest & Motion (1993)",0.21988392251661099
452,8,2376,"View to a Kill, A (1985)",0.2177766468094314
452,9,3635,"Spy Who Loved Me, The (1977)",0.2172503590013912
452,10,1831,Lost in Space (1998),0.21321312160880457
453,1,100083,Movie 43 (2013),0.24773802812228948
453,2,55442,Persepolis (2007),0.2399114537491799
453,3,5847,Ragtime (1981),0.23306053951530775
453,4,6942,Love Actually (2003),0.22413804805444332
453,5,134252,That Munchhausen (1979),0.2165064577434367
453,6,193573,Love Live! The School Idol Movie (2015),0.2098594898438728
453,7,89580,Neds (2010),0.20963273428891901
453,8,279,My Family (1995),0.20560979547735095
453,9,30846,"Assassination of Richard Nixon, The (2004)",0.20197235402042085
453,10,4857,Fiddler on the Roof (1971),0.20189853074906133
454,1,107314,Oldboy (2013),0.24615437603930085
454,2,640,Diabolique (1996),0.2283761470855828
454,3,134252,That Munchhausen (1979),0.22816912675052542
454,4,2389,Psycho (1998),0.22509149118329136
454,5,142536,Burnt (2015),0.21993995199272537
454,6,70159,Orphan (2009),0.2061724270154681
454,7,5127,Dragonfly (2002),0.20454840703868346
454,8,1952,Midnight Cowboy (1969),0.1998477542947337
454,9,122882,Mad Max: Fury Road (2015),0.19250347400236723
454,10,96610,Looper (2012),0.18987358742371713
455,1,95624,"Firm, The (2009)",0.20231899060408093
455,2,183197,Dave Chappelle: Equanimity (2017),0.18420896273478987
455,3,170357,Dave Chappelle: The Age of Spin (2017),0.18420896273478987
455,4,88785,"Change-Up, The (2011)",0.17960791805379278
455,5,6942,Love Actually (2003),0.17618810525243728
455,6,7054,Little Women (1949),0.176128202637899
455,7,4921,Little Women (1933),0.176128202637899
455,8,65601,My Bloody Valentine 3-D (2009),0.16881415466187547
455,9,4321,City Slickers (1991),0.16822662469333202
455,10,5804,"Santa Clause 2, The (2002)",0.16796538730535274
456,1,98499,"Fearless Hyena, The (Xiao quan guai zhao) (1979)",0.2223879069996386
456,2,3450,Grumpy Old Men (1993),0.21985297389281264
456,3,6944,Father of the Bride (1991),0.21220244065373223
456,4,934,Father of the Bride (1950),0.21220244065373223
456,5,189333,Mission: Impossible - Fallout (2018),0.20804079583543322
456,6,111781,Mission: Impossible - Rogue Nation (2015),0.20804079583543322
456,7,82499,How Do You Know (2010),0.20539590951368303
456,8,7116,Diabolique (Les diaboliques) (1955),0.2048579386619769
456,9,2395,Rushmore (1998),0.20173034765106315
456,10,2044,"Devil and Max Devlin, The (1981)",0.20068882045197875
457,1,102445,Star Trek Into Darkness (2013),0.4509651073347217
457,2,135569,Star Trek Beyond (2016),0.4380902125151277
457,3,6510,"Bodies, Rest & Motion (1993)",0.41972343960946634
457,4,68358,Star Trek (2009),0.41597579936457363
457,5,5944,Star Trek: Nemesis (2002),0.29472759336267457
457,6,74946,She's Out of My League (2010),0.2469739802852757
457,7,2393,Star Trek: Insurrection (1998),0.20791259458206715
457,8,81791,Somewhere (2010),0.19532109056041472
457,9,1831,Lost in Space (1998),0.18941563875000555
457,10,93610,Space Battleship Yamato (2010),0.1811227637853894
458,1,7054,Little Women (1949),0.21256530193752243
458,2,4921,Little Women (1933),0.21256530193752243
458,3,26152,Batman (1966),0.20478563112146586
458,4,7781,Twister (1990),0.20397781051856104
458,5,4023,"Family Man, The (2000)",0.19204313247148916
458,6,104925,"Family, The (2013)",0.19204313247148916
458,7,33794,Batman Begins (2005),0.19049185460959178
458,8,4229,Say It Isn't So (2001),0.18782873646051063
458,9,6942,Love Actually (2003),0.18394963840662368
458,10,100083,Movie 43 (2013),0.1835028981726863
459,1,110553,The Amazing Spider-Man 2 (2014),0.44023014736729316
459,2,122926,Untitled Spider-Man Reboot (2017),0.4145024104265419
459,3,52722,Spider-Man 3 (2007),0.330497900832255
459,4,4896,Harry Potter and the Sorcerer's Stone (a.k.a. Harry Potter and the Philosopher's Stone) (2001),0.3160279642072712
459,5,54001,Harry Potter and the Order of the Phoenix (2007),0.287357167440954
459,6,69844,Harry Potter and the Half-Blood Prince (2009),0.27003249974929605
459,7,81834,Harry Potter and the Deathly Hallows: Part 1 (2010),0.2691902078399795
459,8,1701,Deconstructing Harry (1997),0.24925985732843692
459,9,88125,Harry Potter and the Deathly Hallows: Part 2 (2011),0.24740498669631764
459,10,4994,"Majestic, The (2001)",0.243244242308202
460,1,2116,"Lord of the Rings, The (1978)",0.25083972592681
460,2,4896,Harry Potter and the Sorcerer's Stone (a.k.a. Harry Potter and the Philosopher's Stone) (2001),0.20629124881965674
460,3,26614,"Bourne Identity, The (1988)",0.19921243674257127
460,4,55442,Persepolis (2007),0.19183932696776237
460,5,78499,Toy Story 3 (2010),0.18512906724953174
460,6,4234,"Tailor of Panama, The (2001)",0.18399975982180947
460,7,54001,Harry Potter and the Order of the Phoenix (2007),0.18370613818030943
460,8,60365,Frosty the Snowman (1969),0.18337880491374636
460,9,91488,"Snowman, The (1982)",0.18337880491374636
460,10,5847,Ragtime (1981),0.18272982232008628
461,1,3708,Firestarter (1984),0.2183444955677163
461,2,4007,Wall Street (1987),0.20839933416727058
461,3,55854,"Fugitive, The (1947)",0.20814231632335323
461,4,100498,"Good Day to Die Hard, A (2013)",0.20360151064811277
461,5,8132,Gladiator (1992),0.20322771988667146
461,6,121129,The Hungover Games (2014),0.20183124190127386
461,7,6365,"Matrix Reloaded, The (2003)",0.18195041098330167
461,8,96821,"Perks of Being a Wallflower, The (2012)",0.17435907139021287
461,9,165,Die Hard: With a Vengeance (1995),0.16659257586483361
461,10,4148,Hannibal (2001),0.1639262614151327
462,1,100083,Movie 43 (2013),0.258442764342467
462,2,41014,"Bird with the Crystal Plumage, The (Uccello dalle piume di cristallo, L') (1970)",0.2394212222339365
462,3,127204,The Overnight (2015),0.2394212222339365
462,4,44937,"Child, The (L'enfant) (2005)",0.2394212222339365
462,5,48001,"Bow, The (Hwal) (2005)",0.2394212222339365
462,6,4424,"Garden of the Finzi-Continis, The (Giardino dei Finzi-Contini, Il) (1970)",0.2394212222339365
462,7,43376,Sophie Scholl: The Final Days (Sophie Scholl - Die letzten Tage) (2005),0.2394212222339365
462,8,49917,When the Levees Broke: A Requiem in Four Acts (2006),0.2394212222339365
462,9,4399,"Diary of a Chambermaid (Journal d'une femme de chambre, Le) (1964)",0.2394212222339365
462,10,51709,"Host, The (Gwoemul) (2006)",0.2394212222339365
463,1,2116,"Lord of the Rings, The (1978)",0.2732054710048376
463,2,33090,Mutant Aliens (2001),0.2544589673805816
463,3,6835,Alien Contamination (1980),0.2544589673805816
463,4,44777,Evil Aliens (2005),0.2544589673805816
463,5,1214,Alien (1979),0.2544589673805816
463,6,4993,"Lord of the Rings: The Fellowship of the Ring, The (2001)",0.2499873435720408
463,7,72591,"Patriot, The (1998)",0.20015132909424463
463,8,25946,"Three Musketeers, The (1948)",0.19599881375045747
463,9,90403,"Three Musketeers, The (2011)",0.19599881375045747
463,10,31923,"Three Musketeers, The (1973)",0.19599881375045747
464,1,5847,Ragtime (1981),0.21703882106512326
464,2,2116,"Lord of the Rings, The (1978)",0.19956034411596033
464,3,6942,Love Actually (2003),0.19543807707134161
464,4,100083,Movie 43 (2013),0.19363594186713753
464,5,55442,Persepolis (2007),0.190851352422599
464,6,89580,Neds (2010),0.18937467563748628
464,7,127096,Project Almanac (2015),0.18561824074363684
464,8,134252,That Munchhausen (1979),0.18367645350182368
464,9,4128,"Lost Boys, The (1987)",0.18287431078889987
464,10,1211,"Wings of Desire (Himmel über Berlin, Der) (1987)",0.18188682454557395
465,1,3519,Force 10 from Navarone (1978),0.21267252773506748
465,2,5847,Ragtime (1981),0.2083498672305435
465,3,55442,Persepolis (2007),0.19031422697063452
465,4,8798,Collateral (2004),0.18969950147793244
465,5,100083,Movie 43 (2013),0.18946232915713637
465,6,87306,Super 8 (2011),0.1892821704071966
465,7,4339,Von Ryan's Express (1965),0.18612616826672998
465,8,3030,Yojimbo (1961),0.18293293470568145
465,9,134252,That Munchhausen (1979),0.18135761929304725
465,10,69849,Roots (1977),0.17910211606564108
466,1,1701,Deconstructing Harry (1997),0.273078493900296
466,2,74948,Harry Brown (2009),0.2687729689180873
466,3,7215,To Have and Have Not (1944),0.26491110869057344
466,4,4234,"Tailor of Panama, The (2001)",0.2600884148911482
466,5,4626,Miracle Mile (1989),0.25539252693160563
466,6,26492,Twilight Zone: The Movie (1983),0.253071783933556
466,7,27741,"Twilight Samurai, The (Tasogare Seibei) (2002)",0.253071783933556
466,8,121035,Houdini (2014),0.251435832351018
466,9,1438,Dante's Peak (1997),0.25031787818014833
466,10,3389,Let's Get Harry (1986),0.24122401259521964
467,1,2900,Monkey Shines (1988),0.2736023162265007
467,2,58879,Shine a Light (2008),0.2736023162265007
467,3,180497,The Post (2017),0.256849777208157
467,4,172887,Kid's Story (2003),0.24204649094740008
467,5,173235,Tokyo Idols (2017),0.24204649094740008
467,6,111680,At Middleton (2013),0.24204649094740008
467,7,7096,Rivers and Tides (2001),0.24204649094740008
467,8,7564,Kwaidan (Kaidan) (1964),0.24204649094740008
467,9,452,Widows' Peak (1994),0.24204649094740008
467,10,43419,Bandidas (2006),0.24204649094740008
468,1,26152,Batman (1966),0.27122121580356084
468,2,33794,Batman Begins (2005),0.20995857268105866
468,3,3114,Toy Story 2 (1999),0.20067324679662182
468,4,3213,Batman: Mask of the Phantasm (1993),0.19684501937878365
468,5,5804,"Santa Clause 2, The (2002)",0.19633847046480646
468,6,2019,Seven Samurai (Shichinin no samurai) (1954),0.194565451535962
468,7,1237,"Seventh Seal, The (Sjunde inseglet, Det) (1957)",0.194565451535962
468,8,167746,The Lego Batman Movie (2017),0.19451525577744644
468,9,58559,"Dark Knight, The (2008)",0.18922273147475308
468,10,91529,"Dark Knight Rises, The (2012)",0.18922273147475308
469,1,100083,Movie 43 (2013),0.24954906517205225
469,2,55442,Persepolis (2007),0.23535232753200608
469,3,87306,Super 8 (2011),0.2277063787547344
469,4,5847,Ragtime (1981),0.22664487284880241
469,5,86898,"Tree of Life, The (2011)",0.21622745872298688
469,6,69849,Roots (1977),0.21608325093953112
469,7,134252,That Munchhausen (1979),0.2160006656489919
469,8,2439,Affliction (1997),0.215791278619165
469,9,89580,Neds (2010),0.2120312411265175
469,10,3984,Diamonds Are Forever (1971),0.2119138716066491
470,1,7054,Little Women (1949),0.19594169946638754
470,2,4921,Little Women (1933),0.19594169946638754
470,3,5847,Ragtime (1981),0.18582571217418814
470,4,100083,Movie 43 (2013),0.1845178172628133
470,5,7781,Twister (1990),0.18369895588354843
470,6,55442,Persepolis (2007),0.18362767256002194
470,7,26152,Batman (1966),0.18320381397706662
470,8,6942,Love Actually (2003),0.18169823279976446
470,9,69849,Roots (1977),0.18007414255624316
470,10,30846,"Assassination of Richard Nixon, The (2004)",0.17962876717530105
471,1,3114,Toy Story 2 (1999),0.2979148980387025
471,2,32511,"Touch of Zen, A (Xia nu) (1971)",0.20338998661569332
471,3,1458,Touch (1997),0.20338998661569332
471,4,31590,Hands Off the Loot (Touchez pas au grisbi) (1954),0.20338998661569332
471,5,52952,This Is England (2006),0.20094770990970914
471,6,138798,Joe Dirt 2: Beautiful Loser (2015),0.19612703578545007
471,7,114126,Beautiful Losers (2008),0.19612703578545007
471,8,81831,"First Beautiful Thing, The (La prima cosa bella) (2010)",0.19612703578545007
471,9,6408,Animals are Beautiful People (1974),0.19612703578545007
471,10,99764,It's Such a Beautiful Day (2012),0.19612703578545007
472,1,2116,"Lord of the Rings, The (1978)",0.41286815964445456
472,2,80139,Jackass 2.5 (2007),0.2539427317066334
472,3,149350,Lumberjack Man (2015),0.2539427317066334
472,4,181065,Jack Whitehall: At Large (2017),0.2539427317066334
472,5,152173,Michael Jackson's Thriller (1983),0.2539427317066334
472,6,48322,Jackass Number Two (2006),0.2539427317066334
472,7,91529,"Dark Knight Rises, The (2012)",0.19204781947003208
472,8,2805,Mickey Blue Eyes (1999),0.19013083034380904
472,9,4128,"Lost Boys, The (1987)",0.18709950633315792
472,10,536,"Simple Twist of Fate, A (1994)",0.1824108269692145
473,1,765,Jack (1996),0.26925212670297255
473,2,149350,Lumberjack Man (2015),0.26925212670297255
473,3,181065,Jack Whitehall: At Large (2017),0.26925212670297255
473,4,152173,Michael Jackson's Thriller (1983),0.26925212670297255
473,5,80139,Jackass 2.5 (2007),0.26925212670297255
473,6,148671,Saw (2003),0.2020789283094697
473,7,52435,How the Grinch Stole Christmas! (1966),0.2014308042803117
473,8,42002,"Producers, The (2005)",0.19627339861593485
473,9,72424,Derailed (2002),0.1947296671943655
473,10,52241,"Lookout, The (2007)",0.18810396751196348
474,1,100083,Movie 43 (2013),0.2756260379449106
474,2,5847,Ragtime (1981),0.25332688970572725
474,3,2439,Affliction (1997),0.25252562581104465
474,4,69849,Roots (1977),0.24892785422415908
474,5,89580,Neds (2010),0.24567863918595662
474,6,193573,Love Live! The School Idol Movie (2015),0.24189973570172038
474,7,134252,That Munchhausen (1979),0.24170279672919942
474,8,86898,"Tree of Life, The (2011)",0.23949633879847426
474,9,4409,Shadows and Fog (1991),0.23466559268918702
474,10,5969,My Girl 2 (1994),0.2252099919030083
475,1,110553,The Amazing Spider-Man 2 (2014),0.26536358645354485
475,2,74948,Harry Brown (2009),0.25115570494034245
475,3,1701,Deconstructing Harry (1997),0.24824661385001479
475,4,1438,Dante's Peak (1997),0.24398720492642142
475,5,7215,To Have and Have Not (1944),0.23724983261112137
475,6,122926,Untitled Spider-Man Reboot (2017),0.2366474019522644
475,7,4626,Miracle Mile (1989),0.2321101421877215
475,8,3389,Let's Get Harry (1986),0.23052027630350733
475,9,121035,Houdini (2014),0.22908953625005818
475,10,3388,Harry and the Hendersons (1987),0.22415609851102006
476,1,118880,"Girl Walks Home Alone at Night, A (2014)",0.22157778410611387
476,2,6942,Love Actually (2003),0.21721601622489248
476,3,100083,Movie 43 (2013),0.19634099193182644
476,4,4023,"Family Man, The (2000)",0.19209468990417167
476,5,104925,"Family, The (2013)",0.19209468990417167
476,6,55442,Persepolis (2007),0.1912026460121483
476,7,3708,Firestarter (1984),0.18958311817140713
476,8,26152,Batman (1966),0.186701519947313
476,9,170357,Dave Chappelle: The Age of Spin (2017),0.17892390913581743
476,10,183197,Dave Chappelle: Equanimity (2017),0.17892390913581743
477,1,100083,Movie 43 (2013),0.2620259853698367
477,2,2439,Affliction (1997),0.23302284736655385
477,3,5847,Ragtime (1981),0.23162007316550284
477,4,86898,"Tree of Life, The (2011)",0.23135404829860437
477,5,6942,Love Actually (2003),0.23115755228214907
477,6,89580,Neds (2010),0.2292892918140468
477,7,69849,Roots (1977),0.2235781730045903
477,8,3017,Creepshow 2 (1987),0.2216684142117135
477,9,80139,Jackass 2.5 (2007),0.21943187121276872
477,10,152173,Michael Jackson's Thriller (1983),0.21943187121276872
478,1,92046,Contact High (2009),0.2756998036044877
478,2,64997,War of the Worlds (2005),0.27262574274796214
478,3,2205,Mr. & Mrs. Smith (1941),0.2548957523171095
478,4,6629,House of Wax (1953),0.23329141060453368
478,5,1,Toy Story (1995),0.1987597683227405
478,6,72921,Snow White (1916),0.19000320273057703
478,7,94780,Snow White and the Huntsman (2012),0.1840678346403365
478,8,42728,Tristan & Isolde (2006),0.1778533274742665
478,9,78499,Toy Story 3 (2010),0.1775596862948924
478,10,3683,Blood Simple (1984),0.1744944455895079
479,1,100083,Movie 43 (2013),0.24369246020537177
479,2,89580,Neds (2010),0.22411424737980487
479,3,201,Three Wishes (1995),0.2238484278349138
479,4,6942,Love Actually (2003),0.22282456204490853
479,5,55442,Persepolis (2007),0.21710196602706539
479,6,86898,"Tree of Life, The (2011)",0.2128965750716615
479,7,276,Milk Money (1994),0.21191452705702063
479,8,25757,"Jazz Singer, The (1927)",0.2104517875140784
479,9,104925,"Family, The (2013)",0.2098509351770068
479,10,4023,"Family Man, The (2000)",0.2098509351770068
480,1,100083,Movie 43 (2013),0.2754773563716208
480,2,55442,Persepolis (2007),0.25823610744964787
480,3,5847,Ragtime (1981),0.24459920878546842
480,4,89580,Neds (2010),0.2425343259345443
480,5,6942,Love Actually (2003),0.2334084412910907
480,6,3684,"Fabulous Baker Boys, The (1989)",0.22936464084466038
480,7,86898,"Tree of Life, The (2011)",0.2293162797258772
480,8,193573,Love Live! The School Idol Movie (2015),0.22708469486546223
480,9,2439,Affliction (1997),0.22699574614583115
480,10,25757,"Jazz Singer, The (1927)",0.22687325065299263
481,1,76173,Micmacs (Micmacs à tire-larigot) (2009),0.25557014125091326
481,2,92046,Contact High (2009),0.24028061438616052
481,3,8798,Collateral (2004),0.22977632114970103
481,4,27793,Starship Troopers 2: Hero of the Federation (2004),0.21008718072742477
481,5,3404,Titanic (1953),0.20827809025427607
481,6,33166,Crash (2004),0.19612212872190313
481,7,5256,Stolen Summer (2002),0.18182682097585287
481,8,69849,Roots (1977),0.17855747229032104
481,9,8207,"Day of the Jackal, The (1973)",0.16935340017176137
481,10,5847,Ragtime (1981),0.16429171559792716
482,1,25757,"Jazz Singer, The (1927)",0.2479556098838623
482,2,39183,Brokeback Mountain (2005),0.2257890637940526
482,3,104925,"Family, The (2013)",0.22576087782024296
482,4,4023,"Family Man, The (2000)",0.22576087782024296
482,5,3037,Little Big Man (1970),0.22555345204610316
482,6,5308,Three Men and a Baby (1987),0.22370569781515884
482,7,3684,"Fabulous Baker Boys, The (1989)",0.22290634528981063
482,8,86898,"Tree of Life, The (2011)",0.2193903424540343
482,9,101864,Oblivion (2013),0.21511913474396233
482,10,201,Three Wishes (1995),0.2146091800213926
483,1,100083,Movie 43 (2013),0.2685510748760355
483,2,55442,Persepolis (2007),0.2486045801986916
483,3,5847,Ragtime (1981),0.2359812543763311
483,4,86898,"Tree of Life, The (2011)",0.23473881495983015
483,5,2439,Affliction (1997),0.23233689524694026
483,6,104925,"Family, The (2013)",0.22774454058557164
483,7,25757,"Jazz Singer, The (1927)",0.22774268459775826
483,8,4409,Shadows and Fog (1991),0.225981970397424
483,9,96815,V/H/S (2012),0.2210964243794911
483,10,134252,That Munchhausen (1979),0.22051940554273747
484,1,100083,Movie 43 (2013),0.278540084329432
484,2,6942,Love Actually (2003),0.23852258769740356
484,3,89580,Neds (2010),0.23133781659989483
484,4,55442,Persepolis (2007),0.22992366631549127
484,5,193573,Love Live! The School Idol Movie (2015),0.21804932028623145
484,6,5847,Ragtime (1981),0.21623668455399533
484,7,276,Milk Money (1994),0.21454538686939
484,8,69849,Roots (1977),0.21154726380812441
484,9,152173,Michael Jackson's Thriller (1983),0.21131335992554345
484,10,765,Jack (1996),0.21131335992554345
485,1,26152,Batman (1966),0.2378903353681745
485,2,55854,"Fugitive, The (1947)",0.22631034457666405
485,3,1438,Dante's Peak (1997),0.19347662555281833
485,4,3196,Stalag 17 (1953),0.18619678760057154
485,5,3389,Let's Get Harry (1986),0.18377628785803318
485,6,1701,Deconstructing Harry (1997),0.18354276586582804
485,7,7215,To Have and Have Not (1944),0.1823229218630244
485,8,33794,Batman Begins (2005),0.17769317598837972
485,9,2092,"Return of Jafar, The (1994)",0.17405785526853806
485,10,4148,Hannibal (2001),0.17368004837889997
486,1,26152,Batman (1966),0.2142229098338216
486,2,128842,Dragonheart 3: The Sorcerer's Curse (2015),0.20528067668234729
486,3,33794,Batman Begins (2005),0.19480864069869477
486,4,189333,Mission: Impossible - Fallout (2018),0.18793426150412193
486,5,111781,Mission: Impossible - Rogue Nation (2015),0.18793426150412193
486,6,3213,Batman: Mask of the Phantasm (1993),0.1761685760801541
486,7,4626,Miracle Mile (1989),0.17510718776608816
486,8,3389,Let's Get Harry (1986),0.1746023185246766
486,9,5847,Ragtime (1981),0.1730990136438256
486,10,1438,Dante's Peak (1997),0.1721019437533856
487,1,2116,"Lord of the Rings, The (1978)",0.3077379333287338
487,2,84273,Zeitgeist: Moving Forward (2011),0.18447280622744966
487,3,5796,Casino Royale (1967),0.18319571378449187
487,4,4304,Startup.com (2001),0.17621970703096848
487,5,53453,Starcrash (a.k.a. Star Crash) (1978),0.17621970703096848
487,6,90769,Starsuckers (2009),0.17621970703096848
487,7,1613,Star Maps (1997),0.17621970703096848
487,8,187595,Solo: A Star Wars Story (2018),0.17621970703096848
487,9,56921,Battlestar Galactica: Razor (2007),0.17621970703096848
487,10,141928,Bloodsucking Bastards (2015),0.17621970703096848
488,1,55442,Persepolis (2007),0.22133071513410707
488,2,69849,Roots (1977),0.216845774366284
488,3,25757,"Jazz Singer, The (1927)",0.21290006107567752
488,4,2116,"Lord of the Rings, The (1978)",0.21136455168740775
488,5,100083,Movie 43 (2013),0.20322617793061062
488,6,2439,Affliction (1997),0.20300734112833607
488,7,615,Bread and Chocolate (Pane e cioccolata) (1973),0.19464792533514422
488,8,50796,Blood and Chocolate (2007),0.19464792533514422
488,9,321,Strawberry and Chocolate (Fresa y chocolate) (1993),0.19464792533514422
488,10,265,Like Water for Chocolate (Como agua para chocolate) (1992),0.19464792533514422
489,1,100083,Movie 43 (2013),0.26569829435016973
489,2,55442,Persepolis (2007),0.25273779359073567
489,3,5847,Ragtime (1981),0.24054331113208757
489,4,2439,Affliction (1997),0.23187044979751156
489,5,89580,Neds (2010),0.23034729844828372
489,6,69849,Roots (1977),0.2297349789746693
489,7,86898,"Tree of Life, The (2011)",0.22687298107411055
489,8,60365,Frosty the Snowman (1969),0.22486112746792103
489,9,25757,"Jazz Singer, The (1927)",0.22232261602038744
489,10,104925,"Family, The (2013)",0.21972926932935552
490,1,40815,Harry Potter and the Goblet of Fire (2005),0.3149641226803848
490,2,1701,Deconstructing Harry (1997),0.2996462304530828
490,3,74948,Harry Brown (2009),0.28807967217614233
490,4,7215,To Have and Have Not (1944),0.2766479846917297
490,5,1438,Dante's Peak (1997),0.2756082166102388
490,6,4626,Miracle Mile (1989),0.27420383988493247
490,7,4234,"Tailor of Panama, The (2001)",0.27146204074425867
490,8,121035,Houdini (2014),0.26618207488876566
490,9,3388,Harry and the Hendersons (1987),0.262939672977576
490,10,27741,"Twilight Samurai, The (Tasogare Seibei) (2002)",0.25115720779407774
491,1,1701,Deconstructing Harry (1997),0.35168839603161656
491,2,8368,Harry Potter and the Prisoner of Azkaban (2004),0.3348467541898078
491,3,74948,Harry Brown (2009),0.3222665603285846
491,4,7215,To Have and Have Not (1944),0.3174667232626947
491,5,121035,Houdini (2014),0.31394789686207114
491,6,1307,When Harry Met Sally... (1989),0.3114941736907547
491,7,118880,"Girl Walks Home Alone at Night, A (2014)",0.3095325310339673
491,8,4234,"Tailor of Panama, The (2001)",0.3020946753293718
491,9,4626,Miracle Mile (1989),0.29933474495412776
491,10,26492,Twilight Zone: The Movie (1983),0.29587297295436055
492,1,80139,Jackass 2.5 (2007),0.2284393588294391
492,2,181065,Jack Whitehall: At Large (2017),0.2284393588294391
492,3,149350,Lumberjack Man (2015),0.2284393588294391
492,4,152173,Michael Jackson's Thriller (1983),0.2284393588294391
492,5,48322,Jackass Number Two (2006),0.2284393588294391
492,6,100083,Movie 43 (2013),0.22409514439730704
492,7,2418,Nothing in Common (1986),0.21802439339017074
492,8,5688,Tully (2000),0.20690731348412417
492,9,7368,Never Die Alone (2004),0.20577997425132075
492,10,5847,Ragtime (1981),0.20521097230511737
493,1,44777,Evil Aliens (2005),0.23688991493789607
493,2,1320,Alien³ (a.k.a. Alien 3) (1992),0.23688991493789607
493,3,33090,Mutant Aliens (2001),0.23688991493789607
493,4,6835,Alien Contamination (1980),0.23688991493789607
493,5,5051,Italian for Beginners (Italiensk for begyndere) (2000),0.21754676996992545
493,6,2553,Village of the Damned (1960),0.1963209032825795
493,7,26152,Batman (1966),0.18495586351623053
493,8,41569,King Kong (2005),0.1844007230021571
493,9,2367,King Kong (1976),0.1844007230021571
493,10,1210,Star Wars: Episode VI - Return of the Jedi (1983),0.18419524206468565
494,1,5051,Italian for Beginners (Italiensk for begyndere) (2000),0.3095852821840176
494,2,33090,Mutant Aliens (2001),0.3064877734218885
494,3,6835,Alien Contamination (1980),0.3064877734218885
494,4,1320,Alien³ (a.k.a. Alien 3) (1992),0.3064877734218885
494,5,44777,Evil Aliens (2005),0.3064877734218885
494,6,1276,Cool Hand Luke (1967),0.27282189792880895
494,7,166528,Rogue One: A Star Wars Story (2016),0.24437630737708083
494,8,179819,Star Wars: The Last Jedi (2017),0.24149848569087476
494,9,33493,Star Wars: Episode III - Revenge of the Sith (2005),0.2379804876816569
494,10,3484,"Skulls, The (2000)",0.22536562963442072
495,1,100083,Movie 43 (2013),0.2572191911653617
495,2,55442,Persepolis (2007),0.2312095570229143
495,3,134252,That Munchhausen (1979),0.22660303249890104
495,4,5847,Ragtime (1981),0.21937737665543622
495,5,89580,Neds (2010),0.20930969738020833
495,6,96815,V/H/S (2012),0.20592562563464
495,7,86898,"Tree of Life, The (2011)",0.20553551775493026
495,8,3017,Creepshow 2 (1987),0.20512203468384838
495,9,25757,"Jazz Singer, The (1927)",0.2037789715393358
495,10,69849,Roots (1977),0.2032480286093696
496,1,2116,"Lord of the Rings, The (1978)",0.42604112767935026
496,2,123545,The Blue Lagoon (1949),0.2515874484656258
496,3,122918,Guardians of the Galaxy 2 (2017),0.20385100946111756
496,4,310,Rent-a-Kid (1995),0.20181057787474418
496,5,27074,Brave New World (1998),0.2000303611071355
496,6,55276,Michael Clayton (2007),0.1935320579998312
496,7,8948,Alfie (2004),0.1913450846913378
496,8,99532,"Misérables, Les (2000)",0.19012131080205114
496,9,4298,Rififi (Du rififi chez les hommes) (1955),0.19012131080205114
496,10,1873,"Misérables, Les (1998)",0.19012131080205114
497,1,2116,"Lord of the Rings, The (1978)",0.32096263690006227
497,2,1967,Labyrinth (1986),0.21018895877663202
497,3,79274,Batman: Under the Red Hood (2010),0.19012616315276076
497,4,60979,Batman: Gotham Knight (2008),0.19012616315276076
497,5,27311,Batman Beyond: Return of the Joker (2000),0.19012616315276076
497,6,103233,LEGO Batman: The Movie - DC Heroes Unite (2013),0.19012616315276076
497,7,95149,Superman/Batman: Public Enemies (2009),0.19012616315276076
497,8,27155,"Batman/Superman Movie, The (1998)",0.19012616315276076
497,9,113278,Batman: Assault on Arkham (2014),0.19012616315276076
497,10,99813,"Batman: The Dark Knight Returns, Part 2 (2013)",0.19012616315276076
498,1,26152,Batman (1966),0.2637281277973374
498,2,33794,Batman Begins (2005),0.23255371040318965
498,3,111781,Mission: Impossible - Rogue Nation (2015),0.20994312512531446
498,4,189333,Mission: Impossible - Fallout (2018),0.20994312512531446
498,5,95624,"Firm, The (2009)",0.19817706594745346
498,6,3213,Batman: Mask of the Phantasm (1993),0.1863928319423374
498,7,167746,The Lego Batman Movie (2017),0.18597358919377496
498,8,58559,"Dark Knight, The (2008)",0.1855660234726277
498,9,91529,"Dark Knight Rises, The (2012)",0.1855660234726277
498,10,1237,"Seventh Seal, The (Sjunde inseglet, Det) (1957)",0.1836808042192372
499,1,58351,City of Men (Cidade dos Homens) (2007),0.23575320055521745
499,2,6665,Dracula (1979),0.23024374381353951
499,3,310,Rent-a-Kid (1995),0.22775041632510667
499,4,84156,Happy People: A Year in the Taiga (2010),0.2257797816175225
499,5,69953,9to5: Days in Porn (a.k.a. 9 to 5: Days in Porn) (2008),0.2257797816175225
499,6,7008,Last Tango in Paris (Ultimo tango a Parigi) (1972),0.2257797816175225
499,7,147936,The Lord's Lantern in Budapest (1999),0.2257797816175225
499,8,68536,Stanley Kubrick: A Life in Pictures (2001),0.2257797816175225
499,9,91353,Asterix in America (a.k.a Asterix Conquers America) (Astérix et les Indiens) (1994),0.2257797816175225
499,10,6684,Death in Venice (Morte a Venezia) (1971),0.2257797816175225
500,1,1300,My Life as a Dog (Mitt liv som hund) (1985),0.2567949637925995
500,2,87834,My Life as McDull (Mak dau goo si) (2001),0.2567949637925995
500,3,3502,My Life (1993),0.2567949637925995
500,4,3675,White Christmas (1954),0.22136444314783224
500,5,174053,Black Mirror: White Christmas (2014),0.22136444314783224
500,6,100083,Movie 43 (2013),0.22071474452325662
500,7,3019,Drugstore Cowboy (1989),0.2156579543741789
500,8,170357,Dave Chappelle: The Age of Spin (2017),0.2098748211680151
500,9,183197,Dave Chappelle: Equanimity (2017),0.2098748211680151
500,10,5969,My Girl 2 (1994),0.20425301636457968
501,1,981,Dangerous Ground (1997),0.21635254725989853
501,2,6942,Love Actually (2003),0.20043186089327578
501,3,3450,Grumpy Old Men (1993),0.19558033429100796
501,4,2418,Nothing in Common (1986),0.18741044275036337
501,5,100083,Movie 43 (2013),0.18664093733621737
501,6,89580,Neds (2010),0.18619818754555717
501,7,915,Sabrina (1954),0.1820304625781229
501,8,7781,Twister (1990),0.17906507700699373
501,9,69849,Roots (1977),0.1778695722175998
501,10,5847,Ragtime (1981),0.17589919003210638
502,1,44777,Evil Aliens (2005),0.3425830619124312
502,2,6835,Alien Contamination (1980),0.3425830619124312
502,3,33090,Mutant Aliens (2001),0.3425830619124312
502,4,8633,"Last Starfighter, The (1984)",0.2462472468440697
502,5,96518,Prime Suspect 6: The Last Witness (2003),0.23834436779031964
502,6,3742,Battleship Potemkin (1925),0.21214763005977902
502,7,94018,Battleship (2012),0.21214763005977902
502,8,6890,Elephant (2003),0.21047678530908429
502,9,107951,Hunting Elephants (2013),0.21047678530908429
502,10,188675,Dogman (2018),0.20867052017733945
503,1,89580,Neds (2010),0.20998168408391166
503,2,55442,Persepolis (2007),0.2092384593861228
503,3,100083,Movie 43 (2013),0.20702469078713537
503,4,149350,Lumberjack Man (2015),0.2014875579864494
503,5,152173,Michael Jackson's Thriller (1983),0.2014875579864494
503,6,80139,Jackass 2.5 (2007),0.2014875579864494
503,7,181065,Jack Whitehall: At Large (2017),0.2014875579864494
503,8,48322,Jackass Number Two (2006),0.2014875579864494
503,9,765,Jack (1996),0.2014875579864494
503,10,5847,Ragtime (1981),0.19793876910400499
504,1,2116,"Lord of the Rings, The (1978)",0.22981641567085084
504,2,100083,Movie 43 (2013),0.22374844102976346
504,3,114662,American Sniper (2014),0.2057660986192671
504,4,163653,David Cross: Making America Great Again (2016),0.2057660986192671
504,5,53,Lamerica (1994),0.2057660986192671
504,6,151759,Requiem for the American Dream (2015),0.2057660986192671
504,7,76751,American Drug War: The Last White Hope (2007),0.2057660986192671
504,8,102749,Captain America II: Death Too Soon (1979),0.2057660986192671
504,9,45361,"American Haunting, An (2005)",0.2057660986192671
504,10,48214,Land of Plenty (Angst and Alienation in America) (2004),0.2057660986192671
505,1,8225,Night of the Living Dead (1990),0.29130824950549955
505,2,6790,Avalon (2001),0.27747321685055315
505,3,4174,Avalon (1990),0.27747321685055315
505,4,95508,Cleanskin (2012),0.23629232715858725
505,5,4951,Lord of the Flies (1990),0.23079297467048013
505,6,49265,Shooting Dogs (a.k.a. Beyond the Gates) (2005),0.20846023762318566
505,7,116668,Dead Snow 2: Red vs. Dead (2014) ,0.20683524035624362
505,8,3799,Pokémon the Movie 2000 (2000),0.199400407418419
505,9,3054,Pokémon: The First Movie (1998),0.19836309935849977
505,10,4533,"Return of the Living Dead, The (1985)",0.1937692242588957
506,1,104906,Austenland (2013),0.2729895270382847
506,2,31694,Bride & Prejudice (2004),0.2668706937345697
506,3,8191,Anne of the Thousand Days (1969),0.22366903114438377
506,4,4231,Someone Like You (2001),0.2158634901310958
506,5,6983,Jane Eyre (1944),0.21126666686675052
506,6,613,Jane Eyre (1996),0.21126666686675052
506,7,7190,Jane Eyre (1970),0.21126666686675052
506,8,85438,Jane Eyre (2011),0.21126666686675052
506,9,7579,Pride and Prejudice (1940),0.21021076856403723
506,10,7669,Pride and Prejudice (1995),0.21021076856403723
507,1,95624,"Firm, The (2009)",0.25064542615036967
507,2,1237,"Seventh Seal, The (Sjunde inseglet, Det) (1957)",0.2432747995773428
507,3,2019,Seven Samurai (Shichinin no samurai) (1954),0.2432747995773428
507,4,168366,Beauty and the Beast (2017),0.23937100485247034
507,5,55854,"Fugitive, The (1947)",0.2391339475742966
507,6,33794,Batman Begins (2005),0.20903992978231217
507,7,96432,Lawless (2012),0.19205223184205722
507,8,4148,Hannibal (2001),0.18856335750048198
507,9,3196,Stalag 17 (1953),0.17163598938728453
507,10,3551,Marathon Man (1976),0.16956663860302584
508,1,102666,Ivan Vasilievich: Back to the Future (Ivan Vasilievich menyaet professiyu) (1973),0.38158777976238717
508,2,2012,Back to the Future Part III (1990),0.29773913020908477
508,3,4453,Michael Jordan to the Max (2000),0.2547058415490731
508,4,27838,Mean Creek (2004),0.2539134876245718
508,5,78746,Best Worst Movie (2009),0.24757599940170213
508,6,61394,"Onion Movie, The (2008)",0.24757599940170213
508,7,121469,Killer Movie (2008),0.24757599940170213
508,8,3007,American Movie (1999),0.24757599940170213
508,9,3287,"Tigger Movie, The (2000)",0.24757599940170213
508,10,2566,Doug's 1st Movie (1999),0.24757599940170213
509,1,100083,Movie 43 (2013),0.2547002396772879
509,2,55442,Persepolis (2007),0.24443356272250985
509,3,69849,Roots (1977),0.235260572363609
509,4,2439,Affliction (1997),0.23009305907257438
509,5,86898,"Tree of Life, The (2011)",0.2298759921986595
509,6,5847,Ragtime (1981),0.22423160735828926
509,7,25757,"Jazz Singer, The (1927)",0.21892088316833624
509,8,193573,Love Live! The School Idol Movie (2015),0.2135477532938324
509,9,4857,Fiddler on the Roof (1971),0.21141659103748953
509,10,96815,V/H/S (2012),0.21066402522980315
510,1,100083,Movie 43 (2013),0.20558336680936778
510,2,55442,Persepolis (2007),0.20412599766150805
510,3,6942,Love Actually (2003),0.1964883383723427
510,4,119,"Steal Big, Steal Little (1995)",0.1923189004480126
510,5,6949,"Big Empty, The (2003)",0.1923189004480126
510,6,1827,"Big One, The (1997)",0.1923189004480126
510,7,8743,Biggles (1986),0.1923189004480126
510,8,87660,Too Big to Fail (2011),0.1923189004480126
510,9,4342,Big Eden (2000),0.1923189004480126
510,10,3017,Creepshow 2 (1987),0.18746762668821856
511,1,2116,"Lord of the Rings, The (1978)",0.24008677053417354
511,2,5952,"Lord of the Rings: The Two Towers, The (2002)",0.22620054913272103
511,3,2367,King Kong (1976),0.1977976210237406
511,4,2366,King Kong (1933),0.1977976210237406
511,5,102058,Hulk Vs. (2009),0.19610268911717343
511,6,122926,Untitled Spider-Man Reboot (2017),0.1884097299440844
511,7,58559,"Dark Knight, The (2008)",0.17586226892079976
511,8,129250,Superfast! (2015),0.17446215215989136
511,9,7566,28 Up (1985),0.17446215215989136
511,10,3077,42 Up (1998),0.17446215215989136
512,1,118880,"Girl Walks Home Alone at Night, A (2014)",0.20809520463610523
512,2,95624,"Firm, The (2009)",0.1840232077745497
512,3,6942,Love Actually (2003),0.18171011450945693
512,4,5804,"Santa Clause 2, The (2002)",0.17138207300647157
512,5,5847,Ragtime (1981),0.16901263957536064
512,6,276,Milk Money (1994),0.16423290040819655
512,7,2019,Seven Samurai (Shichinin no samurai) (1954),0.16298854973295154
512,8,1237,"Seventh Seal, The (Sjunde inseglet, Det) (1957)",0.16298854973295154
512,9,3389,Let's Get Harry (1986),0.1605991391276321
512,10,2953,Home Alone 2: Lost in New York (1992),0.16023214155001825
513,1,2116,"Lord of the Rings, The (1978)",0.27109027818859716
513,2,4993,"Lord of the Rings: The Fellowship of the Ring, The (2001)",0.252304456593917
513,3,1196,Star Wars: Episode V - The Empire Strikes Back (1980),0.2507065992794591
513,4,507,"Perfect World, A (1993)",0.2045778150266219
513,5,31309,Rocco and His Brothers (Rocco e i suoi fratelli) (1960),0.19801724531966713
513,6,8534,Two Brothers (Deux frères) (2004),0.19801724531966713
513,7,152091,The Brothers Grimsby (2016),0.19801724531966713
513,8,32770,Brothers (Brødre) (2004),0.19801724531966713
513,9,84844,Brother 2 (Brat 2) (2000),0.19801724531966713
513,10,170705,Band of Brothers (2001),0.19801724531966713
514,1,100083,Movie 43 (2013),0.2623015228816644
514,2,55442,Persepolis (2007),0.23635722310865423
514,3,3017,Creepshow 2 (1987),0.22762448106135
514,4,89580,Neds (2010),0.22737681215282854
514,5,5847,Ragtime (1981),0.22508647758509365
514,6,96815,V/H/S (2012),0.22266016117843393
514,7,4409,Shadows and Fog (1991),0.22051301533187742
514,8,2439,Affliction (1997),0.21913549800779702
514,9,69849,Roots (1977),0.21439460867949856
514,10,86898,"Tree of Life, The (2011)",0.21304622503057294
515,1,592,Batman (1989),0.3135883675660878
515,2,26152,Batman (1966),0.3135883675660878
515,3,167746,The Lego Batman Movie (2017),0.26709740093367823
515,4,153,Batman Forever (1995),0.2615373804045791
515,5,3213,Batman: Mask of the Phantasm (1993),0.25843408361964476
515,6,1210,Star Wars: Episode VI - Return of the Jedi (1983),0.22097029345888242
515,7,1196,Star Wars: Episode V - The Empire Strikes Back (1980),0.2081729441653107
515,8,112852,Guardians of the Galaxy (2014),0.20770022063336022
515,9,167296,Iron Man (1931),0.2059247723460175
515,10,166024,Whiplash (2013),0.19310944676021832
516,1,7842,Dune (2000),0.21630216543492717
516,2,3224,Woman in the Dunes (Suna no onna) (1964),0.21630216543492717
516,3,7841,Children of Dune (2003),0.21630216543492717
516,4,55854,"Fugitive, The (1947)",0.21183215504843356
516,5,188675,Dogman (2018),0.20801984294016623
516,6,64249,Shrek the Halls (2007),0.20600739671026094
516,7,80831,Let Me In (2010),0.18914388402386767
516,8,1196,Star Wars: Episode V - The Empire Strikes Back (1980),0.17122941273381995
516,9,8360,Shrek 2 (2004),0.16846872384612605
516,10,1210,Star Wars: Episode VI - Return of the Jedi (1983),0.16602692545441972
517,1,100083,Movie 43 (2013),0.247986317127786
517,2,55442,Persepolis (2007),0.24489553611718365
517,3,5847,Ragtime (1981),0.23644791606858379
517,4,2439,Affliction (1997),0.23347485685624195
517,5,89580,Neds (2010),0.22517562715609246
517,6,86898,"Tree of Life, The (2011)",0.22325164554876736
517,7,25757,"Jazz Singer, The (1927)",0.22291752606097334
517,8,69849,Roots (1977),0.21993170616039848
517,9,4409,Shadows and Fog (1991),0.21458943237373926
517,10,60365,Frosty the Snowman (1969),0.21428870354139676
518,1,6510,"Bodies, Rest & Motion (1993)",0.31950182458661064
518,2,1373,Star Trek V: The Final Frontier (1989),0.2522007565671335
518,3,1376,Star Trek IV: The Voyage Home (1986),0.2498180908794081
518,4,152037,Grease Live (2016),0.23133470063541423
518,5,1374,Star Trek II: The Wrath of Khan (1982),0.22993022027878596
518,6,68650,Powder Blue (2009),0.22821508258961812
518,7,135569,Star Trek Beyond (2016),0.22783045051410827
518,8,3889,Highlander: Endgame (Highlander IV) (2000),0.22400921700747603
518,9,102445,Star Trek Into Darkness (2013),0.22036461970798132
518,10,165343,The Rocky Horror Picture Show: Let's Do the Time Warp Again (2016),0.2180510356526897
519,1,2205,Mr. & Mrs. Smith (1941),0.2895913797468088
519,2,26322,Gone in 60 Seconds (1974),0.27103472370313614
519,3,6893,"Italian Job, The (1969)",0.2226255030027092
519,4,89580,Neds (2010),0.21877743454420334
519,5,3510,Frequency (2000),0.1935601722417556
519,6,8984,Ocean's Twelve (2004),0.18900741274808758
519,7,3087,Scrooged (1988),0.18797367452686814
519,8,4581,Dad (1989),0.18795902947387944
519,9,126577,"Daddy, I'm A Zombie (2012)",0.18795902947387944
519,10,3869,"Naked Gun 2 1/2: The Smell of Fear, The (1991)",0.1868105483402943
520,1,94777,Men in Black III (M.III.B.) (M.I.B.³) (2012),0.2469401450287036
520,2,169984,Alien: Covenant (2017),0.22404009799462438
520,3,93610,Space Battleship Yamato (2010),0.21602893376281762
520,4,2046,Flight of the Navigator (1986),0.2140673728661264
520,5,100083,Movie 43 (2013),0.21196730762910407
520,6,6341,"Shape of Things, The (2003)",0.20328738144289246
520,7,55442,Persepolis (2007),0.20239790084489775
520,8,86898,"Tree of Life, The (2011)",0.19962187892825248
520,9,2439,Affliction (1997),0.19896182153006914
520,10,87306,Super 8 (2011),0.1988575652180705
521,1,180497,The Post (2017),0.22774157139041845
521,2,934,Father of the Bride (1950),0.21452369487974296
521,3,6944,Father of the Bride (1991),0.21452369487974296
521,4,101962,Wolf Children (Okami kodomo no ame to yuki) (2012),0.20189636414940365
521,5,127172,A Story of Children and Film (2013),0.20189636414940365
521,6,119068,"Men, Women & Children (2014)",0.20189636414940365
521,7,1900,"Children of Heaven, The (Bacheha-Ye Aseman) (1997)",0.20189636414940365
521,8,60046,"Children of Huang Shi, The (2008)",0.20189636414940365
521,9,1156,"Children Are Watching Us, The (Bambini ci guardano, I) (1944)",0.20189636414940365
521,10,37830,Final Fantasy VII: Advent Children (2004),0.20189636414940365
522,1,135569,Star Trek Beyond (2016),0.26710902478331483
522,2,6510,"Bodies, Rest & Motion (1993)",0.25813310354537566
522,3,100083,Movie 43 (2013),0.21737950641421694
522,4,55442,Persepolis (2007),0.21352015655322687
522,5,5847,Ragtime (1981),0.19437033443083812
522,6,1831,Lost in Space (1998),0.19326063589394024
522,7,134252,That Munchhausen (1979),0.19133454113369183
522,8,4896,Harry Potter and the Sorcerer's Stone (a.k.a. Harry Potter and the Philosopher's Stone) (2001),0.18441613448260463
522,9,69849,Roots (1977),0.18156733145295392
522,10,2439,Affliction (1997),0.18124376512163606
523,1,2116,"Lord of the Rings, The (1978)",0.2660279887058774
523,2,61011,"Walker, The (2007)",0.1985317854226597
523,3,6286,"Man Without a Past, The (Mies vailla menneisyyttä) (2002)",0.1985317854226597
523,4,6283,Cowboy Bebop: The Movie (Cowboy Bebop: Tengoku no Tobira) (2001),0.1985317854226597
523,5,41014,"Bird with the Crystal Plumage, The (Uccello dalle piume di cristallo, L') (1970)",0.1985317854226597
523,6,116985,The Longest Week (2014),0.1985317854226597
523,7,108090,Dragon Ball: The Path to Power (Doragon bôru: Saikyô e no michi) (1996),0.1985317854226597
523,8,8873,"Motorcycle Diaries, The (Diarios de motocicleta) (2004)",0.1985317854226597
523,9,175693,Rick and Morty: State of Georgia Vs. Denver Fenton Allen (2016),0.1985317854226597
523,10,87960,Between the Folds (2008),0.1985317854226597
524,1,100083,Movie 43 (2013),0.19729640299852488
524,2,6835,Alien Contamination (1980),0.19418435375470838
524,3,1320,Alien³ (a.k.a. Alien 3) (1992),0.19418435375470838
524,4,33090,Mutant Aliens (2001),0.19418435375470838
524,5,44777,Evil Aliens (2005),0.19418435375470838
524,6,93610,Space Battleship Yamato (2010),0.19299113524872416
524,7,69849,Roots (1977),0.18899646597316996
524,8,55442,Persepolis (2007),0.18779750856456384
524,9,276,Milk Money (1994),0.18727551220751046
524,10,5847,Ragtime (1981),0.18636937227705735
525,1,100083,Movie 43 (2013),0.2627542240150052
525,2,55442,Persepolis (2007),0.24908180829192011
525,3,193573,Love Live! The School Idol Movie (2015),0.24382751002897643
525,4,5847,Ragtime (1981),0.22802198686887373
525,5,2439,Affliction (1997),0.22446933441529715
525,6,25757,"Jazz Singer, The (1927)",0.2227484585608189
525,7,86898,"Tree of Life, The (2011)",0.22240492888786711
525,8,89580,Neds (2010),0.21706856290380444
525,9,96815,V/H/S (2012),0.21579817790088132
525,10,134252,That Munchhausen (1979),0.21278409885961716
526,1,55442,Persepolis (2007),0.19300729523520463
526,2,2439,Affliction (1997),0.1864752684089385
526,3,3708,Firestarter (1984),0.18004989217681167
526,4,100083,Movie 43 (2013),0.17747249021254854
526,5,7566,28 Up (1985),0.17534507897121773
526,6,102378,Syrup (2013),0.17534507897121773
526,7,3241,"Cup, The (Phörpa) (1999)",0.17534507897121773
526,8,8464,Super Size Me (2004),0.17534507897121773
526,9,59143,Super High Me (2007),0.17534507897121773
526,10,129250,Superfast! (2015),0.17534507897121773
527,1,6510,"Bodies, Rest & Motion (1993)",0.23439770525760054
527,2,100083,Movie 43 (2013),0.22460442658510177
527,3,135569,Star Trek Beyond (2016),0.2133590098124595
527,4,55442,Persepolis (2007),0.21142049331939464
527,5,2439,Affliction (1997),0.20580583550430523
527,6,102445,Star Trek Into Darkness (2013),0.20396838200087894
527,7,89580,Neds (2010),0.20306733615968042
527,8,6422,Shenandoah (1965),0.1982456961969788
527,9,1375,Star Trek III: The Search for Spock (1984),0.19763905447149777
527,10,41569,King Kong (2005),0.19488952915549115
528,1,26152,Batman (1966),0.25421309826487054
528,2,592,Batman (1989),0.25421309826487054
528,3,3213,Batman: Mask of the Phantasm (1993),0.21780891179165232
528,4,167746,The Lego Batman Movie (2017),0.21589771067750235
528,5,153,Batman Forever (1995),0.21138034309451142
528,6,5165,Zombie (a.k.a. Zombie 2: The Dead Are Among Us) (Zombi 2) (1979),0.20262718924316897
528,7,71732,I Sell the Dead (2008),0.20262718924316897
528,8,8035,"Stendhal Syndrome, The (Sindrome di Stendhal, La) (1996)",0.20262718924316897
528,9,7024,"Salo, or The 120 Days of Sodom (Salò o le 120 giornate di Sodoma) (1976)",0.20262718924316897
528,10,32657,"Man Who Planted Trees, The (Homme qui plantait des arbres, L') (1987)",0.20262718924316897
529,1,7781,Twister (1990),0.23611577523979924
529,2,111781,Mission: Impossible - Rogue Nation (2015),0.2355104695256281
529,3,189333,Mission: Impossible - Fallout (2018),0.2355104695256281
529,4,54121,Broken Arrow (1950),0.2298721745661851
529,5,915,Sabrina (1954),0.21856056396101553
529,6,2136,"Nutty Professor, The (1963)",0.21800598593622175
529,7,30793,Charlie and the Chocolate Factory (2005),0.2066227879259514
529,8,3114,Toy Story 2 (1999),0.18641796318598122
529,9,547,Surviving the Game (1994),0.17226479821180873
529,10,78499,Toy Story 3 (2010),0.17070985939517636
530,1,118880,"Girl Walks Home Alone at Night, A (2014)",0.27055957098477484
530,2,183197,Dave Chappelle: Equanimity (2017),0.23379824785109007
530,3,170357,Dave Chappelle: The Age of Spin (2017),0.23379824785109007
530,4,95624,"Firm, The (2009)",0.2239343815686931
530,5,55854,"Fugitive, The (1947)",0.19791891113987645
530,6,2953,Home Alone 2: Lost in New York (1992),0.19376916908663216
530,7,96432,Lawless (2012),0.19129547798073407
530,8,6942,Love Actually (2003),0.1864309459683275
530,9,86833,Bridesmaids (2011),0.18642583092605455
530,10,88785,"Change-Up, The (2011)",0.17825549940799612
531,1,4105,"Evil Dead, The (1981)",0.25605284380727783
531,2,6790,Avalon (2001),0.25015291984328997
531,3,4174,Avalon (1990),0.25015291984328997
531,4,4285,Frankie and Johnny (1991),0.24472061678962925
531,5,122926,Untitled Spider-Man Reboot (2017),0.23920985245404716
531,6,95508,Cleanskin (2012),0.23616532525487455
531,7,2116,"Lord of the Rings, The (1978)",0.2160557855253634
531,8,3054,Pokémon: The First Movie (1998),0.19957932654666852
531,9,3799,Pokémon the Movie 2000 (2000),0.19293252706401967
531,10,7153,"Lord of the Rings: The Return of the King, The (2003)",0.18907826329188337
532,1,1320,Alien³ (a.k.a. Alien 3) (1992),0.23671919032597613
532,2,33090,Mutant Aliens (2001),0.23671919032597613
532,3,6835,Alien Contamination (1980),0.23671919032597613
532,4,44777,Evil Aliens (2005),0.23671919032597613
532,5,94777,Men in Black III (M.III.B.) (M.I.B.³) (2012),0.22582844561782955
532,6,5459,Men in Black II (a.k.a. MIIB) (a.k.a. MIB 2) (2002),0.22582844561782955
532,7,5051,Italian for Beginners (Italiensk for begyndere) (2000),0.22567950486509059
532,8,2367,King Kong (1976),0.20776132437080463
532,9,41569,King Kong (2005),0.20776132437080463
532,10,5630,Red Dragon (2002),0.18864239962760587
533,1,44777,Evil Aliens (2005),0.30709775899374475
533,2,1320,Alien³ (a.k.a. Alien 3) (1992),0.30709775899374475
533,3,33090,Mutant Aliens (2001),0.30709775899374475
533,4,6835,Alien Contamination (1980),0.30709775899374475
533,5,1261,Evil Dead II (Dead by Dawn) (1987),0.2587670487234413
533,6,5051,Italian for Beginners (Italiensk for begyndere) (2000),0.2525532417320351
533,7,3951,Two Family House (2000),0.24921501853184266
533,8,74370,"House of the Devil, The (2009)",0.24921501853184266
533,9,30890,"Keys to the House, The (Chiavi di casa, Le) (2004)",0.24921501853184266
533,10,2765,"Acid House, The (1998)",0.24921501853184266
534,1,100083,Movie 43 (2013),0.24352522436062282
534,2,55442,Persepolis (2007),0.225034662729666
534,3,87306,Super 8 (2011),0.21599406813663716
534,4,86898,"Tree of Life, The (2011)",0.2139512002756089
534,5,5847,Ragtime (1981),0.21222048369360932
534,6,2439,Affliction (1997),0.2094904830878249
534,7,69849,Roots (1977),0.2029904848799297
534,8,6341,"Shape of Things, The (2003)",0.2029039401612429
534,9,89580,Neds (2010),0.20116507406162795
534,10,6942,Love Actually (2003),0.19975761572983236
535,1,50189,American Pie Presents The Naked Mile (American Pie 5: The Naked Mile) (2006),0.24598318291208576
535,2,59429,American Pie Presents Beta House (American Pie 6: Beta House) (2007),0.24598318291208576
535,3,73106,American Pie Presents: The Book of Love (American Pie 7: The Book of Love) (2009),0.24598318291208576
535,4,8143,Lola Montès (1955),0.2203202960101164
535,5,96726,Lola Versus (2012),0.2203202960101164
535,6,4673,Tango & Cash (1989),0.21937145810332245
535,7,2634,"Mummy, The (1959)",0.19747054520375257
535,8,2633,"Mummy, The (1932)",0.19747054520375257
535,9,5900,Analyze That (2002),0.1944326530969214
535,10,4718,American Pie 2 (2001),0.1890201965104541
536,1,2553,Village of the Damned (1960),0.22988329460791754
536,2,3869,"Naked Gun 2 1/2: The Smell of Fear, The (1991)",0.21495288139161803
536,3,95624,"Firm, The (2009)",0.20289446125558472
536,4,4921,Little Women (1933),0.19605465048805581
536,5,7054,Little Women (1949),0.19605465048805581
536,6,26152,Batman (1966),0.188621426479016
536,7,2976,Bringing Out the Dead (1999),0.18725519746956115
536,8,7115,Deep Red (Profondo rosso) (1975),0.1844126064869131
536,9,5498,Red Beard (Akahige) (1965),0.1844126064869131
536,10,103366,Redemption (Hummingbird) (2013),0.1844126064869131
537,1,2116,"Lord of the Rings, The (1978)",0.30662301036708467
537,2,180263,The Shining (1997),0.2533586669919675
537,3,165635,The Thinning (2016),0.2533586669919675
537,4,39183,Brokeback Mountain (2005),0.24867238377197826
537,5,3037,Little Big Man (1970),0.24477623764866627
537,6,109723,"Bag Man, The (2014)",0.24380560631552123
537,7,3404,Titanic (1953),0.23836986125293153
537,8,3783,Croupier (1998),0.2342452686646282
537,9,80727,Middle Men (2009),0.2307663575339124
537,10,122896,Pirates of the Caribbean: Dead Men Tell No Tales (2017),0.22869652511717403
538,1,7222,Reefer Madness (a.k.a. Tell Your Children) (1938),0.22522860175123177
538,2,174053,Black Mirror: White Christmas (2014),0.2236782603535561
538,3,4483,Caddyshack II (1988),0.22324474659035626
538,4,201,Three Wishes (1995),0.21815807295544473
538,5,61394,"Onion Movie, The (2008)",0.2067411701106534
538,6,108932,The Lego Movie (2014),0.2067411701106534
538,7,78746,Best Worst Movie (2009),0.2067411701106534
538,8,2566,Doug's 1st Movie (1999),0.2067411701106534
538,9,6116,"Pirate Movie, The (1982)",0.2067411701106534
538,10,121469,Killer Movie (2008),0.2067411701106534
539,1,55553,Black Sheep (2006),0.29689376330385514
539,2,64249,Shrek the Halls (2007),0.26819202359400185
539,3,129937,Run All Night (2015),0.24227384198397178
539,4,95449,Magic Mike (2012),0.24060953693814277
539,5,137595,Magic Mike XXL (2015),0.24060953693814277
539,6,5116,Designing Woman (1957),0.23361949117833405
539,7,59336,Redbelt (2008),0.23220806053914483
539,8,1263,"Deer Hunter, The (1978)",0.2297943699325271
539,9,1611,My Own Private Idaho (1991),0.22926509932421527
539,10,53953,1408 (2007),0.2281148957271239
540,1,61160,Star Wars: The Clone Wars (2008),0.3223075822685742
540,2,6934,"Matrix Revolutions, The (2003)",0.22239758935102527
540,3,7781,Twister (1990),0.21384186762018742
540,4,1276,Cool Hand Luke (1967),0.21130546906132192
540,5,2212,"Man Who Knew Too Much, The (1934)",0.20496212606176775
540,6,179819,Star Wars: The Last Jedi (2017),0.20342910806837908
540,7,4453,Michael Jordan to the Max (2000),0.20297399002060537
540,8,201,Three Wishes (1995),0.20034973584951812
540,9,544,Striking Distance (1993),0.19528810055257623
540,10,125974,Halloweentown High (2004),0.18577116728329301
541,1,201,Three Wishes (1995),0.1969994723016314
541,2,100083,Movie 43 (2013),0.1948688471660643
541,3,4409,Shadows and Fog (1991),0.1918291930510771
541,4,104925,"Family, The (2013)",0.19156873107001557
541,5,4023,"Family Man, The (2000)",0.19156873107001557
541,6,5847,Ragtime (1981),0.18832269789401102
541,7,55442,Persepolis (2007),0.18618383014675294
541,8,86898,"Tree of Life, The (2011)",0.18591040746254606
541,9,3037,Little Big Man (1970),0.18584947409992209
541,10,31522,"Marriage of Maria Braun, The (Ehe der Maria Braun, Die) (1979)",0.18107487739714495
542,1,89580,Neds (2010),0.21194589700190686
542,2,100083,Movie 43 (2013),0.20771554274211
542,3,5847,Ragtime (1981),0.2001507148518085
542,4,55442,Persepolis (2007),0.19784812904589896
542,5,276,Milk Money (1994),0.197659608724467
542,6,2205,Mr. & Mrs. Smith (1941),0.19410188237879236
542,7,3869,"Naked Gun 2 1/2: The Smell of Fear, The (1991)",0.19361008249654227
542,8,94777,Men in Black III (M.III.B.) (M.I.B.³) (2012),0.19272365004681064
542,9,5459,Men in Black II (a.k.a. MIIB) (a.k.a. MIB 2) (2002),0.19272365004681064
542,10,132496,Danny Collins (2015),0.19163495204654155
543,1,2383,Police Academy 6: City Under Siege (1989),0.22732379093983457
543,2,7215,To Have and Have Not (1944),0.20142427170538751
543,3,4626,Miracle Mile (1989),0.19890314938005763
543,4,1701,Deconstructing Harry (1997),0.19824795001901713
543,5,94777,Men in Black III (M.III.B.) (M.I.B.³) (2012),0.19723729217486932
543,6,5459,Men in Black II (a.k.a. MIIB) (a.k.a. MIB 2) (2002),0.19723729217486932
543,7,4896,Harry Potter and the Sorcerer's Stone (a.k.a. Harry Potter and the Philosopher's Stone) (2001),0.1926362664734117
543,8,74948,Harry Brown (2009),0.19116820346305227
543,9,1438,Dante's Peak (1997),0.19011593295853793
543,10,91488,"Snowman, The (1982)",0.1873171311375537
544,1,189333,Mission: Impossible - Fallout (2018),0.2632735022522696
544,2,111781,Mission: Impossible - Rogue Nation (2015),0.2632735022522696
544,3,27644,Remember Me (Ricordati di me) (2003),0.2550879299923369
544,4,5856,"Do You Remember Dolly Bell? (Sjecas li se, Dolly Bell) (1981)",0.2550879299923369
544,5,7781,Twister (1990),0.24947927715008716
544,6,54121,Broken Arrow (1950),0.23368677668852433
544,7,2740,"Kindred, The (1986)",0.22945207636895473
544,8,26861,Freaked (1993),0.22945207636895473
544,9,6572,Scorched (2003),0.22945207636895473
544,10,187541,Incredibles 2 (2018),0.22945207636895473
545,1,42002,"Producers, The (2005)",0.2594103523971447
545,2,8781,"Manchurian Candidate, The (2004)",0.25334973460235755
545,3,164179,Arrival (2016),0.23612508328256468
545,4,2764,"Thomas Crown Affair, The (1968)",0.23499096632689748
545,5,136297,Mortal Kombat: The Journey Begins (1995),0.22756783947667517
545,6,74324,Temple Grandin (2010),0.22638874891666408
545,7,82857,Sweetgrass (2009),0.22638874891666408
545,8,75813,Leaves of Grass (2009),0.22638874891666408
545,9,179511,Emerald Green (2016),0.22638874891666408
545,10,101529,"Brass Teapot, The (2012)",0.22638874891666408
546,1,78,"Crossing Guard, The (1995)",0.25933806714205904
546,2,6615,Freddy vs. Jason (2003),0.25778896312227334
546,3,3919,Hellraiser III: Hell on Earth (1992),0.24395070365171723
546,4,3869,"Naked Gun 2 1/2: The Smell of Fear, The (1991)",0.24165145884043118
546,5,1973,"Freddy's Dead: The Final Nightmare (Nightmare on Elm Street Part 6: Freddy's Dead, A) (1991)",0.2302265967128347
546,6,173145,War for the Planet of the Apes (2017),0.23001964518684706
546,7,2454,"Fly, The (1958)",0.22916263522912111
546,8,47774,"Icicle Thief, The (Ladri di saponette) (1989)",0.22043371246411902
546,9,106441,"Book Thief, The (2013)",0.22043371246411902
546,10,5867,Thief (1981),0.22043371246411902
547,1,1734,My Life in Pink (Ma vie en rose) (1997),0.3148725246597511
547,2,87834,My Life as McDull (Mak dau goo si) (2001),0.3148725246597511
547,3,3502,My Life (1993),0.3148725246597511
547,4,163925,"Wings, Legs and Tails (1986)",0.30934770130491424
547,5,72714,Earthlings (2006),0.30934770130491424
547,6,7349,Broken Wings (Knafayim Shvurot) (2002),0.30934770130491424
547,7,56389,My Blueberry Nights (2007),0.2679532169613588
547,8,4478,Biloxi Blues (1988),0.2679532169613588
547,9,7786,Genghis Blues (1999),0.2679532169613588
547,10,107338,Dampfnudelblues (2013),0.2679532169613588
548,1,5685,Real Women Have Curves (2002),0.2937381386033883
548,2,1210,Star Wars: Episode VI - Return of the Jedi (1983),0.28196594490602617
548,3,7438,Kill Bill: Vol. 2 (2004),0.2177034359918503
548,4,187593,Deadpool 2 (2018),0.21400426553000607
548,5,91529,"Dark Knight Rises, The (2012)",0.20675479486283524
548,6,8132,Gladiator (1992),0.20315320688166308
548,7,115667,"Love, Rosie (2014)",0.20306711664350263
548,8,4235,Amores Perros (Love's a Bitch) (2000),0.20306711664350263
548,9,92427,Woman in Love (Rubbeldiekatz) (2011),0.20306711664350263
548,10,4138,My Demon Lover (1987),0.20306711664350263
549,1,1276,Cool Hand Luke (1967),0.28688152754530616
549,2,179819,Star Wars: The Last Jedi (2017),0.2508268548934719
549,3,33493,Star Wars: Episode III - Revenge of the Sith (2005),0.24824779716493683
549,4,3484,"Skulls, The (2000)",0.2323120127849681
549,5,91529,"Dark Knight Rises, The (2012)",0.2303256000496995
549,6,94405,Safe (2012),0.22846117196061114
549,7,190,Safe (1995),0.22846117196061114
549,8,881,First Kid (1996),0.22730473082242234
549,9,100498,"Good Day to Die Hard, A (2013)",0.22297435594971338
549,10,166528,Rogue One: A Star Wars Story (2016),0.21068522919302043
550,1,48326,All the King's Men (2006),0.3806795426501955
550,2,1942,All the King's Men (1949),0.3806795426501955
550,3,122920,Captain America: Civil War (2016),0.31696885206768655
550,4,1845,Zero Effect (1998),0.2542324459689457
550,5,42556,7 Faces of Dr. Lao (1964),0.233140980520156
550,6,101531,Phil Spector (2013),0.22271291764574422
550,7,3241,"Cup, The (Phörpa) (1999)",0.21793862997386726
550,8,3077,42 Up (1998),0.21793862997386726
550,9,102378,Syrup (2013),0.21793862997386726
550,10,129250,Superfast! (2015),0.21793862997386726
551,1,2116,"Lord of the Rings, The (1978)",0.20382737791226938
551,2,99910,"Last Stand, The (2013)",0.20375599710118522
551,3,4896,Harry Potter and the Sorcerer's Stone (a.k.a. Harry Potter and the Philosopher's Stone) (2001),0.20187888554033467
551,4,5796,Casino Royale (1967),0.20085616353332195
551,5,89580,Neds (2010),0.19913822479729926
551,6,2991,Live and Let Die (1973),0.19867602777399473
551,7,2205,Mr. & Mrs. Smith (1941),0.1983585832864465
551,8,3510,Frequency (2000),0.19509020883190073
551,9,2948,From Russia with Love (1963),0.19406080471655965
551,10,5847,Ragtime (1981),0.19380643158630373
552,1,100083,Movie 43 (2013),0.24868847144711115
552,2,55442,Persepolis (2007),0.20819646655288265
552,3,86898,"Tree of Life, The (2011)",0.2070037119675635
552,4,5847,Ragtime (1981),0.2045691138854827
552,5,5308,Three Men and a Baby (1987),0.20295482412193727
552,6,276,Milk Money (1994),0.20225910933739996
552,7,4626,Miracle Mile (1989),0.20015378794609073
552,8,3684,"Fabulous Baker Boys, The (1989)",0.19952617423910626
552,9,7349,Broken Wings (Knafayim Shvurot) (2002),0.19904010631561556
552,10,72714,Earthlings (2006),0.19904010631561556
553,1,26614,"Bourne Identity, The (1988)",0.24755750152080913
553,2,1326,Amityville II: The Possession (1982),0.2278147019547367
553,3,1694,"Apostle, The (1997)",0.20973682675153002
553,4,2023,"Godfather: Part III, The (1990)",0.2065082027219123
553,5,5847,Ragtime (1981),0.19553065037761136
553,6,160438,Jason Bourne (2016),0.19528884614326655
553,7,2764,"Thomas Crown Affair, The (1968)",0.19480220314686938
553,8,279,My Family (1995),0.18920583305483935
553,9,276,Milk Money (1994),0.18819657582799462
553,10,2694,Big Daddy (1999),0.18641463856252607
554,1,201,Three Wishes (1995),0.21992310491469766
554,2,4488,Colors (1988),0.20997003119992885
554,3,308,Three Colors: White (Trzy kolory: Bialy) (1994),0.20997003119992885
554,4,25757,"Jazz Singer, The (1927)",0.20595359444801192
554,5,3313,Class Reunion (1982),0.20542694016359658
554,6,55442,Persepolis (2007),0.20512478615266186
554,7,89580,Neds (2010),0.19588560480282874
554,8,276,Milk Money (1994),0.19311516879633042
554,9,69849,Roots (1977),0.1926108698263399
554,10,86898,"Tree of Life, The (2011)",0.18975685725989366
555,1,100083,Movie 43 (2013),0.2706245876941264
555,2,6942,Love Actually (2003),0.24431170627552315
555,3,55442,Persepolis (2007),0.24022968271249748
555,4,89580,Neds (2010),0.23977798252455323
555,5,5847,Ragtime (1981),0.2349772064255268
555,6,2439,Affliction (1997),0.23066368131082104
555,7,86898,"Tree of Life, The (2011)",0.2205214480338898
555,8,3017,Creepshow 2 (1987),0.21909860917455615
555,9,2046,Flight of the Navigator (1986),0.21750750529703064
555,10,4409,Shadows and Fog (1991),0.21513567850557078
556,1,81834,Harry Potter and the Deathly Hallows: Part 1 (2010),0.5360910008172358
556,2,1701,Deconstructing Harry (1997),0.37600963861042314
556,3,121035,Houdini (2014),0.3465392935259966
556,4,7215,To Have and Have Not (1944),0.3401759576489815
556,5,2116,"Lord of the Rings, The (1978)",0.3383673694790487
556,6,74948,Harry Brown (2009),0.33530079225024945
556,7,4234,"Tailor of Panama, The (2001)",0.3136942102941058
556,8,1438,Dante's Peak (1997),0.3125499036262262
556,9,27741,"Twilight Samurai, The (Tasogare Seibei) (2002)",0.30707880144816535
556,10,26492,Twilight Zone: The Movie (1983),0.30707880144816535
557,1,33493,Star Wars: Episode III - Revenge of the Sith (2005),0.30110685743961935
557,2,100498,"Good Day to Die Hard, A (2013)",0.2849956806714759
557,3,5378,Star Wars: Episode II - Attack of the Clones (2002),0.2677527295193604
557,4,1276,Cool Hand Luke (1967),0.2509138649258832
557,5,179819,Star Wars: The Last Jedi (2017),0.24877881680228905
557,6,5459,Men in Black II (a.k.a. MIIB) (a.k.a. MIB 2) (2002),0.23553886728470036
557,7,94777,Men in Black III (M.III.B.) (M.I.B.³) (2012),0.23553886728470036
557,8,1370,Die Hard 2 (1990),0.23367329446084273
557,9,61160,Star Wars: The Clone Wars (2008),0.23071881709499323
557,10,189333,Mission: Impossible - Fallout (2018),0.22303387792125334
558,1,89580,Neds (2010),0.21283768213144333
558,2,3959,"Time Machine, The (1960)",0.20068872894341802
558,3,3379,On the Beach (1959),0.1961647132493767
558,4,134252,That Munchhausen (1979),0.19382835905335674
558,5,85056,I Am Number Four (2011),0.18662722771500193
558,6,5108,John Q (2002),0.18049752292444157
558,7,100083,Movie 43 (2013),0.17873276428965523
558,8,52241,"Lookout, The (2007)",0.1720194454433934
558,9,40412,Dead Man's Shoes (2004),0.1715860782637614
558,10,67295,Kung Fu Panda: Secrets of the Furious Five (2008),0.17149975975507173
559,1,5847,Ragtime (1981),0.21837566996412228
559,2,100083,Movie 43 (2013),0.21459037224769753
559,3,55442,Persepolis (2007),0.2066172590643271
559,4,2439,Affliction (1997),0.19676489101476846
559,5,4409,Shadows and Fog (1991),0.19414180932680425
559,6,6942,Love Actually (2003),0.19414113485537193
559,7,86898,"Tree of Life, The (2011)",0.19282508477505628
559,8,201,Three Wishes (1995),0.19001182439604936
559,9,128842,Dragonheart 3: The Sorcerer's Curse (2015),0.18650756799092139
559,10,8361,"Day After Tomorrow, The (2004)",0.1834919008090736
560,1,100083,Movie 43 (2013),0.2573273927390446
560,2,86898,"Tree of Life, The (2011)",0.23848109258080102
560,3,89580,Neds (2010),0.23524636091095627
560,4,25757,"Jazz Singer, The (1927)",0.23457089125975053
560,5,5847,Ragtime (1981),0.23306707414449007
560,6,104925,"Family, The (2013)",0.2313163099833367
560,7,134252,That Munchhausen (1979),0.2291934649403096
560,8,3037,Little Big Man (1970),0.22230669699355426
560,9,3684,"Fabulous Baker Boys, The (1989)",0.2196322275304283
560,10,2439,Affliction (1997),0.21939315836127596
561,1,100083,Movie 43 (2013),0.24200243795176746
561,2,5847,Ragtime (1981),0.2247730578214287
561,3,55442,Persepolis (2007),0.22352631180214017
561,4,1831,Lost in Space (1998),0.21829886460878017
561,5,6942,Love Actually (2003),0.21501525275066322
561,6,3017,Creepshow 2 (1987),0.21432571160456898
561,7,87306,Super 8 (2011),0.21391448386268502
561,8,86898,"Tree of Life, The (2011)",0.21056833110578865
561,9,2439,Affliction (1997),0.20982850758458227
561,10,89580,Neds (2010),0.20968530125183465
562,1,100083,Movie 43 (2013),0.2532812524227475
562,2,89580,Neds (2010),0.2325781584690688
562,3,55442,Persepolis (2007),0.2306255563219377
562,4,5847,Ragtime (1981),0.2223811848987452
562,5,6942,Love Actually (2003),0.22083535457401762
562,6,2439,Affliction (1997),0.21793469771059248
562,7,96815,V/H/S (2012),0.2156519010461872
562,8,6217,"Safety of Objects, The (2001)",0.21176408672637115
562,9,134252,That Munchhausen (1979),0.2107844335254707
562,10,193573,Love Live! The School Idol Movie (2015),0.21074019174962108
563,1,100083,Movie 43 (2013),0.2597834380592959
563,2,6942,Love Actually (2003),0.2454818947809742
563,3,193573,Love Live! The School Idol Movie (2015),0.22387396453657488
563,4,55442,Persepolis (2007),0.22203223255079163
563,5,6422,Shenandoah (1965),0.2133323774762503
563,6,202,Total Eclipse (1995),0.21256383089386668
563,7,89580,Neds (2010),0.21153910636954695
563,8,536,"Simple Twist of Fate, A (1994)",0.2100515279142244
563,9,4857,Fiddler on the Roof (1971),0.20753869941951392
563,10,6006,Just Married (2003),0.2039379650384692
564,1,100083,Movie 43 (2013),0.2584130691429558
564,2,5969,My Girl 2 (1994),0.22383741521086722
564,3,193573,Love Live! The School Idol Movie (2015),0.21504426027021759
564,4,89580,Neds (2010),0.21368311394995698
564,5,1322,Amityville 1992: It's About Time (1992),0.20971721831876572
564,6,55442,Persepolis (2007),0.20830132589074168
564,7,2352,"Big Chill, The (1983)",0.205556863121383
564,8,4815,Hearts in Atlantis (2001),0.2019985453323741
564,9,1230,Annie Hall (1977),0.19884458604698022
564,10,3797,"In Crowd, The (2000)",0.1953185999114201
565,1,26152,Batman (1966),0.2835055672611827
565,2,98160,Nature Calls (2012),0.23109185380075575
565,3,33794,Batman Begins (2005),0.20979645248596085
565,4,2019,Seven Samurai (Shichinin no samurai) (1954),0.20422020990052417
565,5,1237,"Seventh Seal, The (Sjunde inseglet, Det) (1957)",0.20422020990052417
565,6,1701,Deconstructing Harry (1997),0.20231522907388033
565,7,167746,The Lego Batman Movie (2017),0.20185488118589845
565,8,91529,"Dark Knight Rises, The (2012)",0.20002703993110274
565,9,58559,"Dark Knight, The (2008)",0.20002703993110274
565,10,4234,"Tailor of Panama, The (2001)",0.19820444422422004
566,1,4023,"Family Man, The (2000)",0.21942552157571987
566,2,104925,"Family, The (2013)",0.21942552157571987
566,3,3037,Little Big Man (1970),0.2124151219497567
566,4,4921,Little Women (1933),0.20593494562426204
566,5,7054,Little Women (1949),0.20593494562426204
566,6,39183,Brokeback Mountain (2005),0.20555756338379716
566,7,86898,"Tree of Life, The (2011)",0.20531386180532032
566,8,25757,"Jazz Singer, The (1927)",0.204251871880938
566,9,109723,"Bag Man, The (2014)",0.19688261490577802
566,10,4462,18 Again! (1988),0.1968032148121824
567,1,55442,Persepolis (2007),0.2306120096908536
567,2,100083,Movie 43 (2013),0.22830873436390273
567,3,134252,That Munchhausen (1979),0.22499376142328176
567,4,2439,Affliction (1997),0.2198584187934003
567,5,5847,Ragtime (1981),0.21586201916982914
567,6,1831,Lost in Space (1998),0.21153824201087407
567,7,86898,"Tree of Life, The (2011)",0.20687509877778076
567,8,98499,"Fearless Hyena, The (Xiao quan guai zhao) (1979)",0.20388161913687
567,9,96815,V/H/S (2012),0.20200197584871898
567,10,129,Pie in the Sky (1996),0.2009351894847023
568,1,48322,Jackass Number Two (2006),0.3058245898657444
568,2,149350,Lumberjack Man (2015),0.3058245898657444
568,3,80139,Jackass 2.5 (2007),0.3058245898657444
568,4,152173,Michael Jackson's Thriller (1983),0.3058245898657444
568,5,181065,Jack Whitehall: At Large (2017),0.3058245898657444
568,6,49314,Harsh Times (2006),0.27964532080021504
568,7,2754,Deadtime Stories (1987),0.26830369423867517
568,8,5953,Devils on the Doorstep (Guizi lai le) (2000),0.2526080331528712
568,9,1093,"Doors, The (1991)",0.2526080331528712
568,10,5882,Treasure Planet (2002),0.22713558323015212
569,1,26152,Batman (1966),0.33995538876773035
569,2,33794,Batman Begins (2005),0.2870419752056451
569,3,167746,The Lego Batman Movie (2017),0.2425358688365964
569,4,91529,"Dark Knight Rises, The (2012)",0.23675511215400674
569,5,58559,"Dark Knight, The (2008)",0.23675511215400674
569,6,168366,Beauty and the Beast (2017),0.23510378393252532
569,7,3213,Batman: Mask of the Phantasm (1993),0.23402343187606098
569,8,2092,"Return of Jafar, The (1994)",0.18769113762933018
569,9,3389,Let's Get Harry (1986),0.18664859879864945
569,10,3196,Stalag 17 (1953),0.18592516486835547
570,1,55442,Persepolis (2007),0.2226767501498439
570,2,100083,Movie 43 (2013),0.2197215072802275
570,3,5847,Ragtime (1981),0.21427773102784675
570,4,8361,"Day After Tomorrow, The (2004)",0.20210424721077244
570,5,89580,Neds (2010),0.2015810980545468
570,6,86898,"Tree of Life, The (2011)",0.20015752492643327
570,7,4626,Miracle Mile (1989),0.20007114930643347
570,8,1438,Dante's Peak (1997),0.1998953431306706
570,9,60365,Frosty the Snowman (1969),0.19853231185309908
570,10,91488,"Snowman, The (1982)",0.19853231185309908
571,1,1975,Friday the 13th Part 2 (1981),0.2570362286663865
571,2,6615,Freddy vs. Jason (2003),0.25286489550355545
571,3,6665,Dracula (1979),0.2527619358685676
571,4,2315,Bride of Chucky (Child's Play 4) (1998),0.24755964309089318
571,5,8225,Night of the Living Dead (1990),0.229821928985735
571,6,110611,Cold in July (2014),0.22530496752344076
571,7,78,"Crossing Guard, The (1995)",0.22517108486794393
571,8,5649,Horror of Dracula (Dracula) (1958),0.2247868318461245
571,9,139994,Fracchia contro Dracula (1985),0.2247868318461245
571,10,5323,Jason X (2002),0.22419520665011647
572,1,55442,Persepolis (2007),0.2261251077667208
572,2,5847,Ragtime (1981),0.21983760790363496
572,3,2439,Affliction (1997),0.21607897301650578
572,4,100083,Movie 43 (2013),0.21386213491010994
572,5,86898,"Tree of Life, The (2011)",0.2137647002446204
572,6,69849,Roots (1977),0.21167407250464057
572,7,134252,That Munchhausen (1979),0.20856053382842743
572,8,25757,"Jazz Singer, The (1927)",0.20747472211591417
572,9,25887,Tales of Manhattan (1942),0.2057410896636551
572,10,104925,"Family, The (2013)",0.20350489249803924
573,1,100083,Movie 43 (2013),0.2377940429451237
573,2,55442,Persepolis (2007),0.22050301568500197
573,3,4994,"Majestic, The (2001)",0.2161467854496682
573,4,5847,Ragtime (1981),0.21566213592753672
573,5,5308,Three Men and a Baby (1987),0.20265618560688717
573,6,339,While You Were Sleeping (1995),0.20156776723477882
573,7,96815,V/H/S (2012),0.2001910580034708
573,8,86898,"Tree of Life, The (2011)",0.19985741677958682
573,9,122926,Untitled Spider-Man Reboot (2017),0.19957183526966063
573,10,87306,Super 8 (2011),0.1994324365472329
574,1,26152,Batman (1966),0.3214056040384326
574,2,33794,Batman Begins (2005),0.2765564973079963
574,3,3213,Batman: Mask of the Phantasm (1993),0.2240089977417976
574,4,167746,The Lego Batman Movie (2017),0.22288640364631818
574,5,91529,"Dark Knight Rises, The (2012)",0.2226321514195086
574,6,58559,"Dark Knight, The (2008)",0.2226321514195086
574,7,168366,Beauty and the Beast (2017),0.21955564568649732
574,8,4234,"Tailor of Panama, The (2001)",0.19113951965518697
574,9,1701,Deconstructing Harry (1997),0.18306378250434172
574,10,1064,Aladdin and the King of Thieves (1996),0.1772007571395468
575,1,6116,"Pirate Movie, The (1982)",0.20336464165861148
575,2,3396,"Muppet Movie, The (1979)",0.20336464165861148
575,3,3287,"Tigger Movie, The (2000)",0.20336464165861148
575,4,3007,American Movie (1999),0.20336464165861148
575,5,121469,Killer Movie (2008),0.20336464165861148
575,6,128968,Stitch! The Movie (2003),0.20336464165861148
575,7,239,"Goofy Movie, A (1995)",0.20336464165861148
575,8,6025,CB4 - The Movie (1993),0.20336464165861148
575,9,78746,Best Worst Movie (2009),0.20336464165861148
575,10,108932,The Lego Movie (2014),0.20336464165861148
576,1,77798,"Nightmare on Elm Street, A (2010)",0.2648211347509947
576,2,119068,"Men, Women & Children (2014)",0.26446890576045584
576,3,1156,"Children Are Watching Us, The (Bambini ci guardano, I) (1944)",0.26446890576045584
576,4,60046,"Children of Huang Shi, The (2008)",0.26446890576045584
576,5,1900,"Children of Heaven, The (Bacheha-Ye Aseman) (1997)",0.26446890576045584
576,6,37830,Final Fantasy VII: Advent Children (2004),0.26446890576045584
576,7,101962,Wolf Children (Okami kodomo no ame to yuki) (2012),0.26446890576045584
576,8,127172,A Story of Children and Film (2013),0.26446890576045584
576,9,32914,Carrie (2002),0.2484802038618955
576,10,105731,Carrie (2013),0.2484802038618955
577,1,33090,Mutant Aliens (2001),0.25137033295259953
577,2,44777,Evil Aliens (2005),0.25137033295259953
577,3,6835,Alien Contamination (1980),0.25137033295259953
577,4,93610,Space Battleship Yamato (2010),0.21426510968562418
577,5,1376,Star Trek IV: The Voyage Home (1986),0.21212193771995355
577,6,5051,Italian for Beginners (Italiensk for begyndere) (2000),0.2111402631984213
577,7,7925,"Hidden Fortress, The (Kakushi-toride no san-akunin) (1958)",0.20761128850158367
577,8,100083,Movie 43 (2013),0.20695297408805102
577,9,55442,Persepolis (2007),0.2059599414337757
577,10,2439,Affliction (1997),0.20123406449137435
578,1,7161,Cheaper by the Dozen (2003),0.2712482075837646
578,2,85438,Jane Eyre (2011),0.2650528737923226
578,3,7190,Jane Eyre (1970),0.2650528737923226
578,4,6983,Jane Eyre (1944),0.2650528737923226
578,5,93114,Ro.Go.Pa.G. (1963),0.24088922592758352
578,6,110718,Fading Gigolo (2013),0.24088922592758352
578,7,62250,Gomorrah (Gomorra) (2008),0.24088922592758352
578,8,139747,Before We Go (2014),0.24088922592758352
578,9,144620,Goosebumps (2015),0.24088922592758352
578,10,157432,Precious Cargo (2016),0.24088922592758352
579,1,84374,No Strings Attached (2011),0.2031281905703462
579,2,100083,Movie 43 (2013),0.19185535115287858
579,3,2439,Affliction (1997),0.18843686245298674
579,4,108729,Enemy (2013),0.18307415163836174
579,5,107771,Only Lovers Left Alive (2013),0.1829348230982716
579,6,55442,Persepolis (2007),0.18238879393958954
579,7,94777,Men in Black III (M.III.B.) (M.I.B.³) (2012),0.18065877342821038
579,8,5459,Men in Black II (a.k.a. MIIB) (a.k.a. MIB 2) (2002),0.18065877342821038
579,9,78499,Toy Story 3 (2010),0.17833813972994078
579,10,339,While You Were Sleeping (1995),0.17155629234683295
580,1,100083,Movie 43 (2013),0.24090899817014744
580,2,55442,Persepolis (2007),0.23705341485032316
580,3,86898,"Tree of Life, The (2011)",0.23129466056003523
580,4,5847,Ragtime (1981),0.22757002585134334
580,5,163925,"Wings, Legs and Tails (1986)",0.22402562300019907
580,6,1211,"Wings of Desire (Himmel über Berlin, Der) (1987)",0.22402562300019907
580,7,72714,Earthlings (2006),0.22402562300019907
580,8,1831,Lost in Space (1998),0.2198455126739276
580,9,4409,Shadows and Fog (1991),0.21766081314683192
580,10,89580,Neds (2010),0.2165464219259792
581,1,2116,"Lord of the Rings, The (1978)",0.3499781950628474
581,2,69844,Harry Potter and the Half-Blood Prince (2009),0.25015665131499254
581,3,81834,Harry Potter and the Deathly Hallows: Part 1 (2010),0.24087188975648874
581,4,54001,Harry Potter and the Order of the Phoenix (2007),0.2318310117796651
581,5,4234,"Tailor of Panama, The (2001)",0.23175099427731735
581,6,88125,Harry Potter and the Deathly Hallows: Part 2 (2011),0.2303488684995189
581,7,7215,To Have and Have Not (1944),0.2257639596797773
581,8,74948,Harry Brown (2009),0.22183062471289988
581,9,1701,Deconstructing Harry (1997),0.21850466207602398
581,10,121035,Houdini (2014),0.21531166413081662
582,1,4896,Harry Potter and the Sorcerer's Stone (a.k.a. Harry Potter and the Philosopher's Stone) (2001),0.43889372991354697
582,2,5816,Harry Potter and the Chamber of Secrets (2002),0.3444207566255624
582,3,167296,Iron Man (1931),0.28025700990801405
582,4,74948,Harry Brown (2009),0.2722840401835115
582,5,1701,Deconstructing Harry (1997),0.27114074003483685
582,6,7215,To Have and Have Not (1944),0.2650762866087884
582,7,121035,Houdini (2014),0.26301426113327203
582,8,1438,Dante's Peak (1997),0.25639238060322395
582,9,4234,"Tailor of Panama, The (2001)",0.25387396559450065
582,10,4626,Miracle Mile (1989),0.25345270717030366
583,1,50189,American Pie Presents The Naked Mile (American Pie 5: The Naked Mile) (2006),0.22483403994761644
583,2,73106,American Pie Presents: The Book of Love (American Pie 7: The Book of Love) (2009),0.22483403994761644
583,3,59429,American Pie Presents Beta House (American Pie 6: Beta House) (2007),0.22483403994761644
583,4,100083,Movie 43 (2013),0.2022990857615186
583,5,1013,"Parent Trap, The (1961)",0.20163578088381848
583,6,52435,How the Grinch Stole Christmas! (1966),0.18919927810641296
583,7,193573,Love Live! The School Idol Movie (2015),0.18538643422384732
583,8,152037,Grease Live (2016),0.18308241357386637
583,9,5804,"Santa Clause 2, The (2002)",0.17525563494982946
583,10,1767,Music From Another Room (1998),0.1745773644590782
584,1,118880,"Girl Walks Home Alone at Night, A (2014)",0.21222795246123688
584,2,100083,Movie 43 (2013),0.20181981484593003
584,3,6942,Love Actually (2003),0.19186100030710937
584,4,7054,Little Women (1949),0.1888627669688091
584,5,4921,Little Women (1933),0.1888627669688091
584,6,55442,Persepolis (2007),0.18695752255457704
584,7,5847,Ragtime (1981),0.18380757326535635
584,8,7781,Twister (1990),0.18260909924834445
584,9,40962,"Yours, Mine and Ours (2005)",0.18072232165858432
584,10,26198,"Yours, Mine and Ours (1968)",0.18072232165858432
585,1,3788,Blow-Up (Blowup) (1966),0.2256432358207548
585,2,3525,Bachelor Party (1984),0.21061898165418502
585,3,25788,Scarface (1932),0.20847705300115524
585,4,3362,Dog Day Afternoon (1975),0.2040943783908131
585,5,55553,Black Sheep (2006),0.19636148428302047
585,6,3725,American Pop (1981),0.1956020009206506
585,7,5693,Saturday Night Fever (1977),0.1940803491225137
585,8,1326,Amityville II: The Possession (1982),0.18810229781347193
585,9,69849,Roots (1977),0.18619065091942297
585,10,100083,Movie 43 (2013),0.18534884693607945
586,1,1831,Lost in Space (1998),0.22595638760442666
586,2,94777,Men in Black III (M.III.B.) (M.I.B.³) (2012),0.2165240225229995
586,3,93610,Space Battleship Yamato (2010),0.20412440915100571
586,4,55442,Persepolis (2007),0.1989171011331044
586,5,1372,Star Trek VI: The Undiscovered Country (1991),0.19774807943051292
586,6,6341,"Shape of Things, The (2003)",0.19569917510059348
586,7,5847,Ragtime (1981),0.19448130260164556
586,8,6510,"Bodies, Rest & Motion (1993)",0.1936932647194387
586,9,1371,Star Trek: The Motion Picture (1979),0.1936932647194387
586,10,100083,Movie 43 (2013),0.1933091236731055
587,1,6510,"Bodies, Rest & Motion (1993)",0.23764480341128633
587,2,100083,Movie 43 (2013),0.232183665948761
587,3,6942,Love Actually (2003),0.2321769831084855
587,4,135569,Star Trek Beyond (2016),0.23108807428996123
587,5,181065,Jack Whitehall: At Large (2017),0.22960541529367715
587,6,149350,Lumberjack Man (2015),0.22960541529367715
587,7,80139,Jackass 2.5 (2007),0.22960541529367715
587,8,152173,Michael Jackson's Thriller (1983),0.22960541529367715
587,9,48322,Jackass Number Two (2006),0.22960541529367715
587,10,102445,Star Trek Into Darkness (2013),0.22058624939664287
588,1,89580,Neds (2010),0.1856689617342646
588,2,3708,Firestarter (1984),0.18438996884470166
588,3,95624,"Firm, The (2009)",0.17959909874161306
588,4,1752,Hard Rain (1998),0.17500053552976333
588,5,1342,Candyman (1992),0.1745948080882313
588,6,5108,John Q (2002),0.17358213437993364
588,7,1382,Marked for Death (1990),0.17304927595361191
588,8,22,Copycat (1995),0.17173459822964937
588,9,57522,First Sunday (2008),0.17154290508955156
588,10,3433,Death Wish 4: The Crackdown (1987),0.17044166456610682
589,1,95624,"Firm, The (2009)",0.20987616215418528
589,2,93721,Jiro Dreams of Sushi (2011),0.1890911301588805
589,3,6270,Akira Kurosawa's Dreams (Dreams) (1990),0.1890911301588805
589,4,7781,Twister (1990),0.18456010997708
589,5,2023,"Godfather: Part III, The (1990)",0.18041789952547846
589,6,32009,Tyler Perry's Diary of a Mad Black Woman (2005),0.17863367216539264
589,7,55805,Before the Devil Knows You're Dead (2007),0.17277286634948158
589,8,2136,"Nutty Professor, The (1963)",0.17170387463485212
589,9,536,"Simple Twist of Fate, A (1994)",0.1715685936905804
589,10,242,Farinelli: il castrato (1994),0.1705785316408016
590,1,100083,Movie 43 (2013),0.25502769456508845
590,2,5847,Ragtime (1981),0.2506506149404316
590,3,55442,Persepolis (2007),0.2420035121368372
590,4,89580,Neds (2010),0.22933583975464095
590,5,2439,Affliction (1997),0.22305656371863555
590,6,69849,Roots (1977),0.22162701123456321
590,7,276,Milk Money (1994),0.21462026160499417
590,8,134252,That Munchhausen (1979),0.21094856289471786
590,9,30846,"Assassination of Richard Nixon, The (2004)",0.2100889946041514
590,10,4409,Shadows and Fog (1991),0.2097696432440719
591,1,59429,American Pie Presents Beta House (American Pie 6: Beta House) (2007),0.21648597249627596
591,2,50189,American Pie Presents The Naked Mile (American Pie 5: The Naked Mile) (2006),0.21648597249627596
591,3,73106,American Pie Presents: The Book of Love (American Pie 7: The Book of Love) (2009),0.21648597249627596
591,4,1196,Star Wars: Episode V - The Empire Strikes Back (1980),0.2078413447381449
591,5,8225,Night of the Living Dead (1990),0.1928152379701129
591,6,68650,Powder Blue (2009),0.19279267263376074
591,7,2764,"Thomas Crown Affair, The (1968)",0.18869917443479473
591,8,6058,Final Destination 2 (2003),0.18425309624559238
591,9,33493,Star Wars: Episode III - Revenge of the Sith (2005),0.18072020033170433
591,10,5378,Star Wars: Episode II - Attack of the Clones (2002),0.18023403661691192
592,1,201,Three Wishes (1995),0.21895119654189352
592,2,100083,Movie 43 (2013),0.21477063729698703
592,3,104925,"Family, The (2013)",0.20743431571906593
592,4,4023,"Family Man, The (2000)",0.20743431571906593
592,5,5847,Ragtime (1981),0.2048538084658605
592,6,6942,Love Actually (2003),0.20414904493744845
592,7,65601,My Bloody Valentine 3-D (2009),0.19980793051826093
592,8,3037,Little Big Man (1970),0.19906340565132224
592,9,86898,"Tree of Life, The (2011)",0.19299764579104403
592,10,118880,"Girl Walks Home Alone at Night, A (2014)",0.1913015216592898
593,1,2116,"Lord of the Rings, The (1978)",0.22101142102529428
593,2,8361,"Day After Tomorrow, The (2004)",0.22047356683402036
593,3,25757,"Jazz Singer, The (1927)",0.21626642880307967
593,4,6942,Love Actually (2003),0.21239334769405782
593,5,3037,Little Big Man (1970),0.20915546968989093
593,6,39183,Brokeback Mountain (2005),0.20784248439229186
593,7,104925,"Family, The (2013)",0.2028986023994606
593,8,4023,"Family Man, The (2000)",0.2028986023994606
593,9,201,Three Wishes (1995),0.2014468768188147
593,10,86898,"Tree of Life, The (2011)",0.2013858700173617
594,1,100083,Movie 43 (2013),0.23698395235913491
594,2,6942,Love Actually (2003),0.23206288937693523
594,3,55442,Persepolis (2007),0.22590124207408238
594,4,5847,Ragtime (1981),0.2194353460654747
594,5,4857,Fiddler on the Roof (1971),0.2055039694269312
594,6,134252,That Munchhausen (1979),0.20268815214034167
594,7,4409,Shadows and Fog (1991),0.2018111693348081
594,8,69849,Roots (1977),0.20094209457213588
594,9,6217,"Safety of Objects, The (2001)",0.20087484885368492
594,10,87306,Super 8 (2011),0.2008715753716707
595,1,26564,'Round Midnight (1986),0.2599948682316636
595,2,111785,Midnight Chronicles (2009),0.2599948682316636
595,3,321,Strawberry and Chocolate (Fresa y chocolate) (1993),0.25394411871383943
595,4,50796,Blood and Chocolate (2007),0.25394411871383943
595,5,4014,Chocolat (2000),0.25394411871383943
595,6,615,Bread and Chocolate (Pane e cioccolata) (1973),0.25394411871383943
595,7,4703,Chocolat (1988),0.25394411871383943
595,8,362,"Jungle Book, The (1994)",0.24570752854817016
595,9,6158,"Jungle Book 2, The (2003)",0.17971581087596283
595,10,5378,Star Wars: Episode II - Attack of the Clones (2002),0.17090917333204558
596,1,100083,Movie 43 (2013),0.23381319444089618
596,2,55442,Persepolis (2007),0.22546422149650733
596,3,5847,Ragtime (1981),0.22082141598365465
596,4,4626,Miracle Mile (1989),0.2206625114724963
596,5,2439,Affliction (1997),0.2182073452642045
596,6,89580,Neds (2010),0.21238307307360874
596,7,3389,Let's Get Harry (1986),0.21036866402488946
596,8,91488,"Snowman, The (1982)",0.20899191887769153
596,9,60365,Frosty the Snowman (1969),0.20899191887769153
596,10,87306,Super 8 (2011),0.20673896523020296
597,1,100083,Movie 43 (2013),0.2630565520556702
597,2,55442,Persepolis (2007),0.2446142397186833
597,3,6942,Love Actually (2003),0.23969193261756022
597,4,5847,Ragtime (1981),0.23616931965789612
597,5,2439,Affliction (1997),0.22245002328353777
597,6,89580,Neds (2010),0.22056085105813372
597,7,134252,That Munchhausen (1979),0.21721771747288005
597,8,4409,Shadows and Fog (1991),0.21510597012322105
597,9,193573,Love Live! The School Idol Movie (2015),0.21458371048201905
597,10,86898,"Tree of Life, The (2011)",0.21374320306393818
598,1,64249,Shrek the Halls (2007),0.3839669130654513
598,2,53121,Shrek the Third (2007),0.2815108535027301
598,3,26614,"Bourne Identity, The (1988)",0.2382971314512838
598,4,59810,Recount (2008),0.23108484063481396
598,5,62662,Tokyo-Ga (1985),0.23108484063481396
598,6,66744,"Divo, Il (2008)",0.23108484063481396
598,7,69131,Killshot (2008),0.23108484063481396
598,8,70708,Tetro (2009),0.23108484063481396
598,9,3894,Solas (1999),0.23108484063481396
598,10,3010,Rosetta (1999),0.23108484063481396
599,1,100083,Movie 43 (2013),0.28514226662325554
599,2,55442,Persepolis (2007),0.26290550692210585
599,3,5847,Ragtime (1981),0.24743909130001834
599,4,89580,Neds (2010),0.24670280958080207
599,5,134252,That Munchhausen (1979),0.23548641867740291
599,6,4409,Shadows and Fog (1991),0.23388582660685833
599,7,6942,Love Actually (2003),0.23302999663455132
599,8,96815,V/H/S (2012),0.23226069206740785
599,9,193573,Love Live! The School Idol Movie (2015),0.23061373653516337
599,10,25757,"Jazz Singer, The (1927)",0.22833666627688642
600,1,100083,Movie 43 (2013),0.27717131254979765
600,2,55442,Persepolis (2007),0.25794678856370507
600,3,6942,Love Actually (2003),0.24988124058103953
600,4,5847,Ragtime (1981),0.24385613672813986
600,5,2439,Affliction (1997),0.24205096079121996
600,6,86898,"Tree of Life, The (2011)",0.23909862053778008
600,7,193573,Love Live! The School Idol Movie (2015),0.23741535008953135
600,8,25757,"Jazz Singer, The (1927)",0.23728007215829994
600,9,89580,Neds (2010),0.23654988793673634
600,10,69849,Roots (1977),0.23451585020299134
601,1,2116,"Lord of the Rings, The (1978)",0.2258594238407786
601,2,55442,Persepolis (2007),0.20484850667493884
601,3,5847,Ragtime (1981),0.20270316915534203
601,4,100083,Movie 43 (2013),0.19260686661974066
601,5,92046,Contact High (2009),0.1908347656943642
601,6,1967,Labyrinth (1986),0.18348898042720135
601,7,3708,Firestarter (1984),0.17574571852720147
601,8,2439,Affliction (1997),0.17394805080963788
601,9,4857,Fiddler on the Roof (1971),0.17275822120662468
601,10,55805,Before the Devil Knows You're Dead (2007),0.17254015405083142
602,1,100083,Movie 43 (2013),0.223170740179999
602,2,104925,"Family, The (2013)",0.21239969801250264
602,3,4023,"Family Man, The (2000)",0.21239969801250264
602,4,6942,Love Actually (2003),0.20757419578972292
602,5,55442,Persepolis (2007),0.20608623193473727
602,6,5847,Ragtime (1981),0.20516661715832404
602,7,3037,Little Big Man (1970),0.20071362129724188
602,8,86898,"Tree of Life, The (2011)",0.2005299284483877
602,9,4409,Shadows and Fog (1991),0.19610326383412635
602,10,80727,Middle Men (2009),0.19552538927298715
603,1,100083,Movie 43 (2013),0.27240430343724314
603,2,55442,Persepolis (2007),0.2661339794298272
603,3,5847,Ragtime (1981),0.2523643987885499
603,4,6942,Love Actually (2003),0.24690426940366655
603,5,89580,Neds (2010),0.24062304776575888
603,6,134252,That Munchhausen (1979),0.23934834011540423
603,7,193573,Love Live! The School Idol Movie (2015),0.23491767961630028
603,8,4409,Shadows and Fog (1991),0.23477244881199993
603,9,86898,"Tree of Life, The (2011)",0.23130141647730146
603,10,69849,Roots (1977),0.23051101638578286
604,1,100083,Movie 43 (2013),0.2114634389378965
604,2,55442,Persepolis (2007),0.2008739787101366
604,3,5847,Ragtime (1981),0.19746244813538208
604,4,3017,Creepshow 2 (1987),0.1971898108387654
604,5,4334,Yi Yi (2000),0.19366269848227147
604,6,2439,Affliction (1997),0.189567801938798
604,7,2553,Village of the Damned (1960),0.18420919135901526
604,8,89580,Neds (2010),0.18289642889323482
604,9,86898,"Tree of Life, The (2011)",0.17893743419035493
604,10,6942,Love Actually (2003),0.17884645608021835
605,1,100083,Movie 43 (2013),0.22385669478097453
605,2,6942,Love Actually (2003),0.22255301000054378
605,3,81834,Harry Potter and the Deathly Hallows: Part 1 (2010),0.21935448245074027
605,4,55442,Persepolis (2007),0.21734876173762235
605,5,5847,Ragtime (1981),0.21656025461997297
605,6,69849,Roots (1977),0.21519940306987567
605,7,86898,"Tree of Life, The (2011)",0.21425883652884278
605,8,1701,Deconstructing Harry (1997),0.21295943911134335
605,9,88125,Harry Potter and the Deathly Hallows: Part 2 (2011),0.21100587592155642
605,10,339,While You Were Sleeping (1995),0.20987793260278162
606,1,100083,Movie 43 (2013),0.2651135833227536
606,2,2439,Affliction (1997),0.24785604926422317
606,3,134252,That Munchhausen (1979),0.24680383469372627
606,4,5847,Ragtime (1981),0.24393510669844992
606,5,86898,"Tree of Life, The (2011)",0.24260753542830069
606,6,89580,Neds (2010),0.24226007420221718
606,7,25757,"Jazz Singer, The (1927)",0.24141415059985194
606,8,4857,Fiddler on the Roof (1971),0.23611276914380414
606,9,193573,Love Live! The School Idol Movie (2015),0.23070146084346865
606,10,4409,Shadows and Fog (1991),0.2297311411360455
607,1,100083,Movie 43 (2013),0.23410398781409966
607,2,5847,Ragtime (1981),0.2227053740101299
607,3,89580,Neds (2010),0.21366533408246052
607,4,55442,Persepolis (2007),0.21190595484477234
607,5,2439,Affliction (1997),0.20252493785301537
607,6,104925,"Family, The (2013)",0.1966345390785704
607,7,6942,Love Actually (2003),0.1960443554471447
607,8,87306,Super 8 (2011),0.1947814556415102
607,9,6835,Alien Contamination (1980),0.1942433207975936
607,10,33090,Mutant Aliens (2001),0.1942433207975936
608,1,100083,Movie 43 (2013),0.26927851704661854
608,2,55442,Persepolis (2007),0.24792448535758863
608,3,89580,Neds (2010),0.2374679381469332
608,4,5847,Ragtime (1981),0.2371809736278465
608,5,6942,Love Actually (2003),0.23087600167796485
608,6,69849,Roots (1977),0.22613781406451092
608,7,2439,Affliction (1997),0.222503390175533
608,8,96815,V/H/S (2012),0.2224767490561867
608,9,193573,Love Live! The School Idol Movie (2015),0.2191091511400021
608,10,86898,"Tree of Life, The (2011)",0.21897411710932074
609,1,5856,"Do You Remember Dolly Bell? (Sjecas li se, Dolly Bell) (1981)",0.2185809370160256
609,2,27644,Remember Me (Ricordati di me) (2003),0.2185809370160256
609,3,85438,Jane Eyre (2011),0.20173966584239722
609,4,7190,Jane Eyre (1970),0.20173966584239722
609,5,6983,Jane Eyre (1944),0.20173966584239722
609,6,95624,"Firm, The (2009)",0.19920794831588104
609,7,26152,Batman (1966),0.19382864922974224
609,8,48593,Man of the Year (2006),0.19171480513371583
609,9,71732,I Sell the Dead (2008),0.18890733483140976
609,10,48001,"Bow, The (Hwal) (2005)",0.18890733483140976
610,1,55442,Persepolis (2007),0.24915370167637327
610,2,89580,Neds (2010),0.24840833272069482
610,3,5847,Ragtime (1981),0.23950660043613933
610,4,134252,That Munchhausen (1979),0.23518868208405025
610,5,4409,Shadows and Fog (1991),0.23128041101580288
610,6,2439,Affliction (1997),0.22657053752725032
610,7,78041,Killers (2010),0.22264818910983852
610,8,3017,Creepshow 2 (1987),0.21808251319244
610,9,1382,Marked for Death (1990),0.21642458731688716
610,10,69849,Roots (1977),0.2157513639128596
