userId,rank,movieId,title,score
1,1,1180,Hear My Song (1991),0.0
1,2,86293,Arthur (2011),0.0
1,3,1228,Raging Bull (1980),0.0
1,4,52245,Blades of Glory (2007),0.0
1,5,6476,Shattered (1991),0.0
1,6,6348,Breakin' 2: Electric Boogaloo (1984),0.0
1,7,62374,Body of Lies (2008),0.0
1,8,1285,Heathers (1989),0.0
1,9,2789,Damien: Omen II (1978),0.0
1,10,109968,Why Don't You Play In Hell? (Jigoku de naze warui) (2013),0.0
2,1,86864,Mothra (Mosura) (1961),0.0
2,2,5499,Robin and Marian (1976),0.0
2,3,4947,"Gauntlet, The (1977)",0.0
2,4,47122,John Tucker Must Die (2006),0.0
2,5,97742,Alex Cross (2012),0.0
2,6,2373,Red Sonja (1985),0.0
2,7,6407,"Walk, Don't Run (1966)",0.0
2,8,7264,An Amazing Couple (2002),0.0
2,9,8795,Musa the Warrior (Musa) (2001),0.0
2,10,140725,Cop Car (2015),0.0
3,1,61248,Death Race (2008),0.0
3,2,79572,Ramona and Beezus (2010),0.0
3,3,3629,"Gold Rush, The (1925)",0.0
3,4,6371,Pokémon Heroes (2003),0.0
3,5,4723,"Deep End, The (2001)",0.0
3,6,2165,Your Friends and Neighbors (1998),0.0
3,7,44241,Leprechaun 3 (1995),0.0
3,8,123553,In the Name of the King III (2014),0.0
3,9,167854,"Dana Carvey: Straight White Male, 60 (2016)",0.0
3,10,870,Gone Fishin' (1997),0.0
4,1,166291,A Silent Voice (2016),0.0
4,2,5932,Burden of Dreams (1982),0.0
4,3,76251,Kick-Ass (2010),0.0
4,4,4480,"Blob, The (1988)",0.0
4,5,58826,"Shepherd: Border Patrol, The (2008)",0.0
4,6,75803,Our Family Wedding (2010),0.0
4,7,5110,Super Troopers (2001),0.0
4,8,132422,Da Sweet Blood of Jesus (2014),0.0
4,9,2137,Charlotte's Web (1973),0.0
4,10,139747,Before We Go (2014),0.0
5,1,61262,Mirrors (2008),0.0
5,2,101070,Wadjda (2012),0.0
5,3,2975,"Best Man, The (1999)",0.0
5,4,54286,"Bourne Ultimatum, The (2007)",0.0
5,5,148238,A Very Murray Christmas (2015),0.0
5,6,44022,Ice Age 2: The Meltdown (2006),0.0
5,7,6249,Boat Trip (2003),0.0
5,8,2142,"American Tail: Fievel Goes West, An (1991)",0.0
5,9,26472,"Norte, El (1984)",0.0
5,10,4381,"Closet, The (Placard, Le) (2001)",0.0
6,1,59306,Prom Night (2008),0.0
6,2,4052,Antitrust (2001),0.0
6,3,157,Canadian Bacon (1995),0.0
6,4,2919,"Year of Living Dangerously, The (1982)",0.0
6,5,3435,Double Indemnity (1944),0.0
6,6,2175,Déjà Vu (1997),0.0
6,7,48412,"Guardian, The (2006)",0.0
6,8,102590,Darkon (2006),0.0
6,9,93006,"Very Potter Musical, A (2009)",0.0
6,10,95135,Your Sister's Sister (2011),0.0
7,1,3196,Stalag 17 (1953),0.0
7,2,55020,"Ten, The (2007)",0.0
7,3,26777,"Stolen Children (Ladro di bambini, Il) (1992)",0.0
7,4,421,Black Beauty (1994),0.0
7,5,6291,Lilya 4-Ever (Lilja 4-ever) (2002),0.0
7,6,1885,"Opposite of Sex, The (1998)",0.0
7,7,6872,"House of the Dead, The (2003)",0.0
7,8,7451,Mean Girls (2004),0.0
7,9,1475,Kama Sutra: A Tale of Love (1996),0.0
7,10,51412,Next (2007),0.0
8,1,4641,Ghost World (2001),0.0
8,2,33171,Mysterious Skin (2004),0.0
8,3,4003,She's Having a Baby (1988),0.0
8,4,174141,Belladonna of Sadness (1973),0.0
8,5,3661,Puppet Master II (1991),0.0
8,6,91079,Like Crazy (2011),0.0
8,7,26151,Au Hasard Balthazar (1966),0.0
8,8,6245,Sweet Charity (1969),0.0
8,9,2824,On the Ropes (1999),0.0
8,10,369,Mrs. Parker and the Vicious Circle (1994),0.0
9,1,88125,Harry Potter and the Deathly Hallows: Part 2 (2011),0.0
9,2,6202,Late Marriage (Hatuna Meuheret) (2001),0.0
9,3,53024,Jonestown: The Life and Death of Peoples Temple (2006),0.0
9,4,7444,13 Going on 30 (2004),0.0
9,5,136355,Big Top Scooby-Doo! (2012),0.0
9,6,3834,Bronco Billy (1980),0.0
9,7,26003,Night and Fog (Nuit et brouillard) (1955),0.0
9,8,185435,"Game Over, Man! (2018)",0.0
9,9,52328,Sunshine (2007),0.0
9,10,1643,"Mrs. Brown (a.k.a. Her Majesty, Mrs. Brown) (1997)",0.0
10,1,2095,"Shaggy D.A., The (1976)",0.0
10,2,129229,Northmen - A Viking Saga (2014),0.0
10,3,7248,"Suriyothai (a.k.a. Legend of Suriyothai, The) (2001)",0.0
10,4,147376,Doctor Who: A Christmas Carol (2010),0.0
10,5,1150,"Return of Martin Guerre, The (Retour de Martin Guerre, Le) (1982)",0.0
10,6,68159,State of Play (2009),0.0
10,7,59731,"Bigger, Stronger, Faster* (2008)",0.0
10,8,65882,"Uninvited, The (2009)",0.0
10,9,6592,"Secret Lives of Dentists, The (2002)",0.0
10,10,83480,Season of the Witch (2011),0.0
11,1,4591,Erik the Viking (1989),0.0
11,2,57536,Strange Wilderness (2008),0.0
11,3,1177,Enchanted April (1992),0.0
11,4,1582,Wild America (1997),0.0
11,5,44225,Aquamarine (2006),0.0
11,6,34143,Dark Water (2005),0.0
11,7,160980,Sully (2016),0.0
11,8,162602,The Girl on the Train (2016),0.0
11,9,4526,My Stepmother Is an Alien (1988),0.0
11,10,4877,Better Than Sex (2000),0.0
12,1,86295,Scream 4 (2011),0.0
12,2,3566,"Big Kahuna, The (2000)",0.0
12,3,67087,"I Love You, Man (2009)",0.0
12,4,72356,Partly Cloudy (2009),0.0
12,5,1021,Angels in the Outfield (1994),0.0
12,6,1246,Dead Poets Society (1989),0.0
12,7,6434,"Objective, Burma! (1945)",0.0
12,8,89492,Moneyball (2011),0.0
12,9,3421,Animal House (1978),0.0
12,10,6386,Nevada Smith (1966),0.0
13,1,7171,Aileen: Life and Death of a Serial Killer (2003),0.0
13,2,68269,"Young Victoria, The (2009)",0.0
13,3,52722,Spider-Man 3 (2007),0.0
13,4,6706,Taking Sides (2001),0.0
13,5,6148,White Dog (1982),0.0
13,6,8874,Shaun of the Dead (2004),0.0
13,7,223,Clerks (1994),0.0
13,8,2320,Apt Pupil (1998),0.0
13,9,79684,Paper Man (2009),0.0
13,10,108090,Dragon Ball: The Path to Power (Doragon bôru: Saikyô e no michi) (1996),0.0
14,1,5809,Femme Fatale (2002),0.0
14,2,52042,Black Book (Zwartboek) (2006),0.0
14,3,500,Mrs. Doubtfire (1993),0.0
14,4,2382,Police Academy 5: Assignment: Miami Beach (1988),0.0
14,5,4384,Lumumba (2000),0.0
14,6,1970,"Nightmare on Elm Street 3: Dream Warriors, A (1987)",0.0
14,7,2485,She's All That (1999),0.0
14,8,7212,I Was a Male War Bride (1949),0.0
14,9,55854,"Fugitive, The (1947)",0.0
14,10,88954,"Very Harold & Kumar 3D Christmas, A (2011)",0.0
15,1,30994,Little Miss Marker (1980),0.0
15,2,2015,"Absent-Minded Professor, The (1961)",0.0
15,3,262,"Little Princess, A (1995)",0.0
15,4,7024,"Salo, or The 120 Days of Sodom (Salò o le 120 giornate di Sodoma) (1976)",0.0
15,5,34528,Junebug (2005),0.0
15,6,4614,Kickboxer (1989),0.0
15,7,5838,Madame Bovary (1991),0.0
15,8,6380,Capturing the Friedmans (2003),0.0
15,9,160646,Goat (2016),0.0
15,10,3859,"Eyes of Tammy Faye, The (2000)",0.0
16,1,26913,Street Fighter II: The Animated Movie (Sutorîto Faitâ II gekijô-ban) (1994),0.0
16,2,6947,Master and Commander: The Far Side of the World (2003),0.0
16,3,8908,Ladder 49 (2004),0.0
16,4,4432,Sweet Smell of Success (1957),0.0
16,5,3538,East is East (1999),0.0
16,6,146730,Lost in the Sun (2015),0.0
16,7,2148,House (1986),0.0
16,8,8813,We Don't Live Here Anymore (2004),0.0
16,9,158813,Alice Through the Looking Glass (2016),0.0
16,10,94777,Men in Black III (M.III.B.) (M.I.B.³) (2012),0.0
17,1,3724,Coming Home (1978),0.0
17,2,4190,Elmer Gantry (1960),0.0
17,3,8813,We Don't Live Here Anymore (2004),0.0
17,4,1923,There's Something About Mary (1998),0.0
17,5,25865,"Letter, The (1940)",0.0
17,6,53519,Death Proof (2007),0.0
17,7,55112,Shanghai Kiss (2007),0.0
17,8,1596,Career Girls (1997),0.0
17,9,1427,Turbulence (1997),0.0
17,10,3997,Dungeons & Dragons (2000),0.0
18,1,3046,"Incredibly True Adventure of Two Girls in Love, The (1995)",0.0
18,2,136297,Mortal Kombat: The Journey Begins (1995),0.0
18,3,4092,Cherry 2000 (1987),0.0
18,4,3125,"End of the Affair, The (1999)",0.0
18,5,1965,Repo Man (1984),0.0
18,6,170813,Baywatch (2017),0.0
18,7,8833,Vanity Fair (2004),0.0
18,8,9018,Control Room (2004),0.0
18,9,440,Dave (1993),0.0
18,10,4987,Spacehunter: Adventures in the Forbidden Zone (1983),0.0
19,1,26527,What Have I Done to Deserve This? (¿Qué he hecho yo para merecer esto!!) (1984),0.0
19,2,8919,P.S. (2004),0.0
19,3,631,All Dogs Go to Heaven 2 (1996),0.0
19,4,148482,Truth (2015),0.0
19,5,181139,Lynne Koplitz: Hormonal Beast (2017),0.0
19,6,48520,Employee of the Month (2006),0.0
19,7,2894,Romance (1999),0.0
19,8,2648,Frankenstein (1931),0.0
19,9,4031,All the Pretty Horses (2000),0.0
19,10,134170,Kung Fury (2015),0.0
20,1,8369,Mindhunters (2004),0.0
20,2,7015,Only the Lonely (1991),0.0
20,3,2951,"Fistful of Dollars, A (Per un pugno di dollari) (1964)",0.0
20,4,254,Jefferson in Paris (1995),0.0
20,5,86028,Henry's Crime (2010),0.0
20,6,122920,Captain America: Civil War (2016),0.0
20,7,4573,Blaze (1989),0.0
20,8,126482,Strange Magic (2015),0.0
20,9,1516,Children of the Revolution (1996),0.0
20,10,4254,Crocodile Dundee in Los Angeles (2001),0.0
21,1,123310,Tornado! (1996),0.0
21,2,2016,"Apple Dumpling Gang Rides Again, The (1979)",0.0
21,3,3106,Come See the Paradise (1990),0.0
21,4,63,Don't Be a Menace to South Central While Drinking Your Juice in the Hood (1996),0.0
21,5,1593,Picture Perfect (1997),0.0
21,6,869,Kansas City (1996),0.0
21,7,351,"Corrina, Corrina (1994)",0.0
21,8,154358,The Barkley Marathons: The Race That Eats Its Young (2015),0.0
21,9,147002,Eros (2004),0.0
21,10,98633,My Lucky Stars (Fuk sing go jiu) (1985),0.0
22,1,7305,Black Widow (1987),0.0
22,2,168266,T2: Trainspotting (2017),0.0
22,3,4187,Lilies of the Field (1963),0.0
22,4,86487,Mildred Pierce (2011),0.0
22,5,7264,An Amazing Couple (2002),0.0
22,6,144734,Freaks of Nature (2015),0.0
22,7,6143,Trail of the Pink Panther (1982),0.0
22,8,1912,Out of Sight (1998),0.0
22,9,188751,Mamma Mia: Here We Go Again! (2018),0.0
22,10,4031,All the Pretty Horses (2000),0.0
23,1,141513,Fort Tilden (2014),0.0
23,2,60647,Transsiberian (2008),0.0
23,3,111680,At Middleton (2013),0.0
23,4,7624,School Ties (1992),0.0
23,5,2648,Frankenstein (1931),0.0
23,6,82641,"One-Armed Swordsman, The (Dubei dao) (1967)",0.0
23,7,27820,"Story of the Weeping Camel, The (Geschichte vom weinenden Kamel, Die) (2003)",0.0
23,8,93831,American Reunion (American Pie 4) (2012),0.0
23,9,5882,Treasure Planet (2002),0.0
23,10,3937,Runaway (1984),0.0
24,1,168846,Neal Brennan: 3 Mics (2017),0.0
24,2,52458,Disturbia (2007),0.0
24,3,1036,Die Hard (1988),0.0
24,4,141408,Scouts Guide to the Zombie Apocalypse (2015),0.0
24,5,7541,100 Girls (2000),0.0
24,6,1747,Wag the Dog (1997),0.0
24,7,7092,Anna Karenina (1935),0.0
24,8,5458,Like Mike (2002),0.0
24,9,3947,Get Carter (1971),0.0
24,10,4121,Innerspace (1987),0.0
25,1,1965,Repo Man (1984),0.0
25,2,103042,Man of Steel (2013),0.0
25,3,1344,Cape Fear (1962),0.0
25,4,5820,Standing in the Shadows of Motown (2002),0.0
25,5,71,Fair Game (1995),0.0
25,6,68959,Fullmetal Alchemist the Movie: Conqueror of Shamballa (Gekijô-ban hagane no renkinjutsushi: Shanbara wo yuku mono) (2005),0.0
25,7,75803,Our Family Wedding (2010),0.0
25,8,165343,The Rocky Horror Picture Show: Let's Do the Time Warp Again (2016),0.0
25,9,1867,Tarzan and the Lost City (1998),0.0
25,10,44555,"Lives of Others, The (Das leben der Anderen) (2006)",0.0
26,1,88094,Upside Down: The Creation Records Story (2010),0.0
26,2,104457,You're Next (2011),0.0
26,3,6696,Bollywood/Hollywood (2002),0.0
26,4,99846,Everything or Nothing: The Untold Story of 007 (2012),0.0
26,5,3266,Man Bites Dog (C'est arrivé près de chez vous) (1992),0.0
26,6,91485,"Expendables 2, The (2012)",0.0
26,7,3765,"Hot Spot, The (1990)",0.0
26,8,1399,Marvin's Room (1996),0.0
26,9,52668,In the Land of Women (2007),0.0
26,10,213,Burnt by the Sun (Utomlyonnye solntsem) (1994),0.0
27,1,3909,Woman on Top (2000),0.0
27,2,50792,Catch and Release (2006),0.0
27,3,112580,"Angriest Man in Brooklyn, The (2014)",0.0
27,4,5155,"Big Bird Cage, The (1972)",0.0
27,5,6143,Trail of the Pink Panther (1982),0.0
27,6,1519,Broken English (1996),0.0
27,7,5856,"Do You Remember Dolly Bell? (Sjecas li se, Dolly Bell) (1981)",0.0
27,8,163134,Your Name. (2016),0.0
27,9,140928,Joy (2015),0.0
27,10,1609,187 (One Eight Seven) (1997),0.0
28,1,4849,My First Mister (2001),0.0
28,2,6996,Highlander II: The Quickening (1991),0.0
28,3,161634,Don't Breathe (2016),0.0
28,4,120635,Taken 3 (2015),0.0
28,5,889,1-900 (06) (1994),0.0
28,6,98799,"Liar's Autobiography: The Untrue Story of Monty Python's Graham Chapman, A (2012)",0.0
28,7,32387,"Sword of Doom, The (Dai-bosatsu tôge) (1966)",0.0
28,8,2557,I Stand Alone (Seul contre tous) (1998),0.0
28,9,1396,Sneakers (1992),0.0
28,10,2006,"Mask of Zorro, The (1998)",0.0
29,1,242,Farinelli: il castrato (1994),0.0
29,2,64285,Wallace and Gromit in 'A Matter of Loaf and Death' (2008),0.0
29,3,2054,"Honey, I Shrunk the Kids (1989)",0.0
29,4,6579,"One, Two, Three (1961)",0.0
29,5,1503,8 Heads in a Duffel Bag (1997),0.0
29,6,27329,Paradise Lost 2: Revelations (2000),0.0
29,7,2078,"Jungle Book, The (1967)",0.0
29,8,8695,"Bachelor and the Bobby-Soxer, The (1947)",0.0
29,9,640,Diabolique (1996),0.0
29,10,3740,Big Trouble in Little China (1986),0.0
30,1,175303,It (2017),0.0
30,2,4156,Company Man (2000),0.0
30,3,106072,Thor: The Dark World (2013),0.0
30,4,8529,"Terminal, The (2004)",0.0
30,5,71838,Law Abiding Citizen (2009),0.0
30,6,90376,We Need to Talk About Kevin (2011),0.0
30,7,114662,American Sniper (2014),0.0
30,8,99106,"Guilt Trip, The (2012)",0.0
30,9,7361,Eternal Sunshine of the Spotless Mind (2004),0.0
30,10,5375,"Harvey Girls, The (1946)",0.0
31,1,562,Welcome to the Dollhouse (1995),0.0
31,2,5820,Standing in the Shadows of Motown (2002),0.0
31,3,140541,The Electric Hotel (1908),0.0
31,4,5048,Snow Dogs (2002),0.0
31,5,83,Once Upon a Time... When We Were Colored (1995),0.0
31,6,3720,Sunshine (1999),0.0
31,7,124851,Delirium (2014),0.0
31,8,1336,Body Parts (1991),0.0
31,9,8183,Educating Rita (1983),0.0
31,10,153236,Genius Party (2007),0.0
32,1,3201,Five Easy Pieces (1970),0.0
32,2,92509,"Vow, The (2012)",0.0
32,3,27722,Last Life in the Universe (Ruang rak noi nid mahasan) (2003),0.0
32,4,130083,Kidnapping Mr. Heineken (2015),0.0
32,5,172589,Winter in Prostokvashino (1984),0.0
32,6,103980,Blue Jasmine (2013),0.0
32,7,87028,"Roommate, The (2011)",0.0
32,8,44193,She's the Man (2006),0.0
32,9,4299,"Knight's Tale, A (2001)",0.0
32,10,93114,Ro.Go.Pa.G. (1963),0.0
33,1,3410,Soft Fruit (1999),0.0
33,2,59026,99 francs (2007),0.0
33,3,5398,Requiem for a Heavyweight (1962),0.0
33,4,88932,Final Destination 5 (2011),0.0
33,5,101973,Disconnect (2012),0.0
33,6,3633,On Her Majesty's Secret Service (1969),0.0
33,7,47774,"Icicle Thief, The (Ladri di saponette) (1989)",0.0
33,8,6816,Three O'Clock High (1987),0.0
33,9,109313,Chouchou (2003),0.0
33,10,165551,Lion (2016),0.0
34,1,72624,Garage (2007),0.0
34,2,4932,Dressed to Kill (1980),0.0
34,3,3055,Felicia's Journey (1999),0.0
34,4,7455,"Mudge Boy, The (2003)",0.0
34,5,5131,How to Kill Your Neighbor's Dog (2000),0.0
34,6,6192,Open Hearts (Elsker dig for evigt) (2002),0.0
34,7,4323,"Horse Soldiers, The (1959)",0.0
34,8,58376,Zeitgeist: The Movie (2007),0.0
34,9,2387,Very Bad Things (1998),0.0
34,10,4916,Midway (1976),0.0
35,1,2641,Superman II (1980),0.0
35,2,8998,That's Entertainment (1974),0.0
35,3,7107,Foul Play (1978),0.0
35,4,8463,Johnny Belinda (1948),0.0
35,5,105197,Nebraska (2013),0.0
35,6,8526,Around the World in 80 Days (2004),0.0
35,7,161044,Webmaster (1998),0.0
35,8,6644,"Green Ray, The (Rayon vert, Le) (1986)",0.0
35,9,49651,Rocky Balboa (2006),0.0
35,10,93297,Act of Valor (2012),0.0
36,1,1747,Wag the Dog (1997),0.0
36,2,7387,Dawn of the Dead (1978),0.0
36,3,109850,Need for Speed (2014),0.0
36,4,41617,Havoc (2005),0.0
36,5,37729,Corpse Bride (2005),0.0
36,6,1233,"Boot, Das (Boat, The) (1981)",0.0
36,7,136654,The Face of an Angel (2015),0.0
36,8,60289,Kit Kittredge: An American Girl (2008),0.0
36,9,157407,I Am Wrath (2016),0.0
36,10,45666,Nacho Libre (2006),0.0
37,1,31553,Double Dragon (1994),0.0
37,2,186587,Rampage (2018),0.0
37,3,92198,Seeking Justice (2011),0.0
37,4,142509,Hardcore Henry (2015),0.0
37,5,91094,"Muppets, The (2011)",0.0
37,6,152037,Grease Live (2016),0.0
37,7,6345,"Chorus Line, A (1985)",0.0
37,8,87306,Super 8 (2011),0.0
37,9,5601,"Yearling, The (1946)",0.0
37,10,2239,Swept Away (Travolti da un insolito destino nell'azzurro mare d'Agosto) (1975),0.0
38,1,70708,Tetro (2009),0.0
38,2,26999,"Lion King II: Simba's Pride, The (1998)",0.0
38,3,2323,"Cruise, The (1998)",0.0
38,4,6981,"Ordet (Word, The) (1955)",0.0
38,5,1792,U.S. Marshals (1998),0.0
38,6,26587,"Decalogue, The (Dekalog) (1989)",0.0
38,7,93,Vampire in Brooklyn (1995),0.0
38,8,6800,Cobra (1986),0.0
38,9,8190,"Americanization of Emily, The (1964)",0.0
38,10,56379,"Maxed Out: Hard Times, Easy Credit and the Era of Predatory Lenders (2006)",0.0
39,1,104272,Blackfish (2013),0.0
39,2,1167,Dear God (1996),0.0
39,3,1573,Face/Off (1997),0.0
39,4,89039,Another Earth (2011),0.0
39,5,51884,"Namesake, The (2006)",0.0
39,6,71156,"Men Who Stare at Goats, The (2009)",0.0
39,7,69251,Special (2006),0.0
39,8,1605,Excess Baggage (1997),0.0
39,9,7158,House of Sand and Fog (2003),0.0
39,10,5947,Evelyn (2002),0.0
40,1,8535,De-Lovely (2004),0.0
40,2,4957,Sudden Impact (1983),0.0
40,3,2164,Surf Nazis Must Die (1987),0.0
40,4,162478,Masterminds (2016),0.0
40,5,4214,Revenge of the Nerds (1984),0.0
40,6,3632,Monsieur Verdoux (1947),0.0
40,7,91470,Violet & Daisy (2011),0.0
40,8,4193,"Fantasticks, The (1995)",0.0
40,9,81229,Red (2010),0.0
40,10,45517,Cars (2006),0.0
41,1,146309,The Boy and the Beast (2015),0.0
41,2,155743,My Big Fat Greek Wedding 2 (2016),0.0
41,3,6978,Slacker (1991),0.0
41,4,8969,Bridget Jones: The Edge of Reason (2004),0.0
41,5,4804,Pocketful of Miracles (1961),0.0
41,6,5062,Seconds (1966),0.0
41,7,86835,Priest (2011),0.0
41,8,2316,Practical Magic (1998),0.0
41,9,1887,Almost Heroes (1998),0.0
41,10,34523,The Chumscrubber (2005),0.0
42,1,426,Body Snatchers (1993),0.0
42,2,61073,Hell Ride (2008),0.0
42,3,33669,"Sisterhood of the Traveling Pants, The (2005)",0.0
42,4,117851,Penguins of Madagascar (2014),0.0
42,5,49649,Eragon (2006),0.0
42,6,1807,"Cool, Dry Place, A (1998)",0.0
42,7,7317,EuroTrip (2004),0.0
42,8,1827,"Big One, The (1997)",0.0
42,9,26401,Last Hurrah for Chivalry (Hao xia) (1979),0.0
42,10,108078,Chinese Puzzle (Casse-tête chinois) (2013),0.0
43,1,136666,Search Party (2014),0.0
43,2,87660,Too Big to Fail (2011),0.0
43,3,169,Free Willy 2: The Adventure Home (1995),0.0
43,4,1565,Head Above Water (1996),0.0
43,5,6386,Nevada Smith (1966),0.0
43,6,7981,Infernal Affairs (Mou gaan dou) (2002),0.0
43,7,73211,Pontypool (2008),0.0
43,8,4233,Tomcats (2001),0.0
43,9,8937,Friday Night Lights (2004),0.0
43,10,4035,"Claim, The (2000)",0.0
44,1,285,Beyond Bedlam (1993),0.0
44,2,1873,"Misérables, Les (1998)",0.0
44,3,53318,Cashback (2006),0.0
44,4,56715,Wristcutters: A Love Story (2006),0.0
44,5,190209,Jeff Ross Roasts the Border (2017),0.0
44,6,49274,Happy Feet (2006),0.0
44,7,53280,"Breed, The (2006)",0.0
44,8,1388,Jaws 2 (1978),0.0
44,9,41997,Munich (2005),0.0
44,10,1213,Goodfellas (1990),0.0
45,1,72,Kicking and Screaming (1995),0.0
45,2,191,"Scarlet Letter, The (1995)",0.0
45,3,73,"Misérables, Les (1995)",0.0
45,4,134859,The Wolfpack (2015),0.0
45,5,449,Fear of a Black Hat (1994),0.0
45,6,54116,First Snow (2006),0.0
45,7,4052,Antitrust (2001),0.0
45,8,134528,Aloha (2015),0.0
45,9,95796,Anaconda: The Offspring (2008),0.0
45,10,2800,Little Nemo: Adventures in Slumberland (1992),0.0
46,1,3204,"Boys from Brazil, The (1978)",0.0
46,2,92420,Chronicle (2012),0.0
46,3,84637,Gnomeo & Juliet (2011),0.0
46,4,166291,A Silent Voice (2016),0.0
46,5,736,Twister (1996),0.0
46,6,105468,Cloudy with a Chance of Meatballs 2 (2013),0.0
46,7,54190,Across the Universe (2007),0.0
46,8,104760,Getaway (2013),0.0
46,9,1604,Money Talks (1997),0.0
46,10,141544,Turbo Kid (2015),0.0
47,1,74095,Wicked City (Yôjû toshi) (1987),0.0
47,2,8861,Resident Evil: Apocalypse (2004),0.0
47,3,8604,Taxi (1998),0.0
47,4,43419,Bandidas (2006),0.0
47,5,2051,Herbie Goes to Monte Carlo (1977),0.0
47,6,105954,All Is Lost (2013),0.0
47,7,7349,Broken Wings (Knafayim Shvurot) (2002),0.0
47,8,60141,St. Trinian's (2007),0.0
47,9,1112,Palookaville (1996),0.0
47,10,6395,"Crazies, The (a.k.a. Code Name: Trixie) (1973)",0.0
48,1,2862,Caligula (1979),0.0
48,2,7587,"Samouraï, Le (Godson, The) (1967)",0.0
48,3,37853,Into the Blue (2005),0.0
48,4,172589,Winter in Prostokvashino (1984),0.0
48,5,46,How to Make an American Quilt (1995),0.0
48,6,76093,How to Train Your Dragon (2010),0.0
48,7,34536,The Great Raid (2005),0.0
48,8,904,Rear Window (1954),0.0
48,9,626,"Thin Line Between Love and Hate, A (1996)",0.0
48,10,476,"Inkwell, The (1994)",0.0
49,1,5047,Kung Pow: Enter the Fist (2002),0.0
49,2,31123,Ruby & Quentin (Tais-toi!) (2003),0.0
49,3,87785,Takers (2010),0.0
49,4,26792,Sidekicks (1992),0.0
49,5,45175,Kinky Boots (2005),0.0
49,6,6595,S.W.A.T. (2003),0.0
49,7,3307,City Lights (1931),0.0
49,8,113604,If I Stay (2014),0.0
49,9,172587,Vacations in Prostokvashino (1980),0.0
49,10,8743,Biggles (1986),0.0
50,1,3357,East-West (Est-ouest) (1999),0.0
50,2,6587,Gigli (2003),0.0
50,3,47725,Angel-A (2005),0.0
50,4,2092,"Return of Jafar, The (1994)",0.0
50,5,58156,Semi-Pro (2008),0.0
50,6,1985,Halloween 4: The Return of Michael Myers (1988),0.0
50,7,60030,Spiral (2007),0.0
50,8,6249,Boat Trip (2003),0.0
50,9,7369,Scooby-Doo 2: Monsters Unleashed (2004),0.0
50,10,147326,The Adventures of Sherlock Holmes and Doctor Watson: King of Blackmailers (1980),0.0
51,1,168608,Mudbound (2017),0.0
51,2,48032,"Tiger and the Snow, The (La tigre e la neve) (2005)",0.0
51,3,1256,Duck Soup (1933),0.0
51,4,90522,Johnny English Reborn (2011),0.0
51,5,42602,"Boys of Baraka, The (2005)",0.0
51,6,40962,"Yours, Mine and Ours (2005)",0.0
51,7,6001,"King of Comedy, The (1983)",0.0
51,8,5785,Jackass: The Movie (2002),0.0
51,9,6303,"Andromeda Strain, The (1971)",0.0
51,10,4190,Elmer Gantry (1960),0.0
52,1,1225,Amadeus (1984),0.0
52,2,407,In the Mouth of Madness (1995),0.0
52,3,3861,"Replacements, The (2000)",0.0
52,4,6803,Phenomena (a.k.a. Creepers) (1985),0.0
52,5,5742,First Monday in October (1981),0.0
52,6,2900,Monkey Shines (1988),0.0
52,7,6867,"Station Agent, The (2003)",0.0
52,8,26599,"Law of Desire (Ley del deseo, La) (1987)",0.0
52,9,4614,Kickboxer (1989),0.0
52,10,1958,Terms of Endearment (1983),0.0
53,1,42602,"Boys of Baraka, The (2005)",0.0
53,2,88932,Final Destination 5 (2011),0.0
53,3,4534,Return to Snowy River (a.k.a. The Man From Snowy River II) (1988),0.0
53,4,3198,Papillon (1973),0.0
53,5,8232,I Love You Again (1940),0.0
53,6,8921,"Rose Tattoo, The (1955)",0.0
53,7,6100,"Midsummer Night's Sex Comedy, A (1982)",0.0
53,8,8368,Harry Potter and the Prisoner of Azkaban (2004),0.0
53,9,2557,I Stand Alone (Seul contre tous) (1998),0.0
53,10,4815,Hearts in Atlantis (2001),0.0
54,1,71468,Ink (2009),0.0
54,2,3211,"Cry in the Dark, A (1988)",0.0
54,3,7988,Space Truckers (1996),0.0
54,4,3531,All the Vermeers in New York (1990),0.0
54,5,5241,Seems Like Old Times (1980),0.0
54,6,4139,No Man's Land (1987),0.0
54,7,7980,"Bridge Too Far, A (1977)",0.0
54,8,102602,Mimino (1977),0.0
54,9,7371,Dogville (2003),0.0
54,10,92008,Haywire (2011),0.0
55,1,836,Chain Reaction (1996),0.0
55,2,26429,Love at First Bite (1979),0.0
55,3,4116,Hollywood Shuffle (1987),0.0
55,4,3680,"Decline of Western Civilization Part II: The Metal Years, The (1988)",0.0
55,5,71131,"Most Hated Family in America, The (2007)",0.0
55,6,7078,Jezebel (1938),0.0
55,7,2269,Indecent Proposal (1993),0.0
55,8,4410,Something Wild (1986),0.0
55,9,991,Michael Collins (1996),0.0
55,10,73858,"Dennis the Menace Christmas, A (2007)",0.0
56,1,160644,Indignation (2016),0.0
56,2,7584,Woman of the Year (1942),0.0
56,3,2067,Doctor Zhivago (1965),0.0
56,4,7360,Dawn of the Dead (2004),0.0
56,5,53996,Transformers (2007),0.0
56,6,3132,Daddy Long Legs (1919),0.0
56,7,32875,Holiday (Jour de fête) (1949),0.0
56,8,4909,"Incredible Shrinking Woman, The (1981)",0.0
56,9,1601,Hoodlum (1997),0.0
56,10,1029,Dumbo (1941),0.0
57,1,81257,In a Better World (Hævnen) (2010),0.0
57,2,59014,Superhero Movie (2008),0.0
57,3,3102,Jagged Edge (1985),0.0
57,4,50954,It's a Boy Girl Thing (2006),0.0
57,5,8894,Orca: The Killer Whale (1977),0.0
57,6,141816,12 Chairs (1976),0.0
57,7,82461,Tron: Legacy (2010),0.0
57,8,145,Bad Boys (1995),0.0
57,9,5792,Roger Dodger (2002),0.0
57,10,4879,High Heels and Low Lifes (2001),0.0
58,1,6538,Swimming Pool (2003),0.0
58,2,1998,Exorcist II: The Heretic (1977),0.0
58,3,104069,Louis C.K.: Oh My God (2013),0.0
58,4,2717,Ghostbusters II (1989),0.0
58,5,7479,Watch on the Rhine (1943),0.0
58,6,179815,"Roman J. Israel, Esq. (2017)",0.0
58,7,50064,"Good German, The (2006)",0.0
58,8,26142,Major Dundee (1965),0.0
58,9,103085,Rapture-Palooza (2013),0.0
58,10,93006,"Very Potter Musical, A (2009)",0.0
59,1,148675,North Pole: Open For Christmas (2015),0.0
59,2,136664,Wild Horses (2015),0.0
59,3,504,No Escape (1994),0.0
59,4,3255,"League of Their Own, A (1992)",0.0
59,5,45081,Silent Hill (2006),0.0
59,6,132424,The Longest Ride (2015),0.0
59,7,2422,"Karate Kid, Part III, The (1989)",0.0
59,8,3090,Matewan (1987),0.0
59,9,4086,"Big Easy, The (1987)",0.0
59,10,2056,In Search of the Castaways (1962),0.0
60,1,107338,Dampfnudelblues (2013),0.0
60,2,48744,Shortbus (2006),0.0
60,3,3161,Onegin (1999),0.0
60,4,3516,"Bell, Book and Candle (1958)",0.0
60,5,103107,20 Feet from Stardom (Twenty Feet from Stardom) (2013),0.0
60,6,1088,Dirty Dancing (1987),0.0
60,7,103685,"Field in England, A (2013)",0.0
60,8,5604,"Man in the White Suit, The (1951)",0.0
60,9,25886,Random Harvest (1942),0.0
60,10,45662,"Omen, The (2006)",0.0
61,1,7031,"Real McCoy, The (1993)",0.0
61,2,82852,Little Fockers (2010),0.0
61,3,58972,Nim's Island (2008),0.0
61,4,117109,Too Many Cooks (2014),0.0
61,5,142448,Everest (2015),0.0
61,6,4476,Big Business (1988),0.0
61,7,8446,Sands of Iwo Jima (1949),0.0
61,8,106782,"Wolf of Wall Street, The (2013)",0.0
61,9,4374,Let It Snow (1999),0.0
61,10,103984,"Great Beauty, The (Grande Bellezza, La) (2013)",0.0
62,1,103539,The Spectacular Now (2013),0.0
62,2,1323,Amityville 3-D (1983),0.0
62,3,8016,"Getaway, The (1972)",0.0
62,4,243,Gordy (1995),0.0
62,5,4406,"Man Who Shot Liberty Valance, The (1962)",0.0
62,6,26810,Bad Boy Bubby (1993),0.0
62,7,7104,1941 (1979),0.0
62,8,5338,Full Moon in Blue Water (1988),0.0
62,9,7481,Enemy Mine (1985),0.0
62,10,190207,Tilt (2011),0.0
63,1,1954,Rocky (1976),0.0
63,2,59731,"Bigger, Stronger, Faster* (2008)",0.0
63,3,32799,Maidens in Uniform (Mädchen in Uniform) (1931),0.0
63,4,34397,"Order, The (2001)",0.0
63,5,4069,"Wedding Planner, The (2001)",0.0
63,6,5959,Narc (2002),0.0
63,7,287,Nina Takes a Lover (1994),0.0
63,8,141830,Unbelievable Adventures of Italians in Russia (1974),0.0
63,9,3424,Do the Right Thing (1989),0.0
63,10,6514,Ring of Terror (1962),0.0
64,1,95307,Rock of Ages (2012),0.0
64,2,175705,Themroc (1973),0.0
64,3,173873,Gulliver's Travels (1996),0.0
64,4,118706,Black Sea (2015),0.0
64,5,132618,Kite (2014),0.0
64,6,84944,Rango (2011),0.0
64,7,7257,"Big Bounce, The (2004)",0.0
64,8,8526,Around the World in 80 Days (2004),0.0
64,9,46322,Jet Li's Fearless (Huo Yuan Jia) (2006),0.0
64,10,53972,Live Free or Die Hard (2007),0.0
65,1,7396,Scenes From a Marriage (Scener ur ett äktenskap) (1973),0.0
65,2,49824,Dreamgirls (2006),0.0
65,3,162344,Tom Segura: Mostly Stories (2016),0.0
65,4,8970,Finding Neverland (2004),0.0
65,5,6250,Dreamcatcher (2003),0.0
65,6,48638,Fellini's Casanova (Il Casanova di Federico Fellini) (1976),0.0
65,7,94503,"Decoy Bride, The (2011)",0.0
65,8,167570,The OA,0.0
65,9,5780,Polyester (1981),0.0
65,10,71205,Jennifer's Body (2009),0.0
66,1,88163,"Crazy, Stupid, Love. (2011)",0.0
66,2,7390,Prey for Rock & Roll (2003),0.0
66,3,4802,Operation Petticoat (1959),0.0
66,4,477,What's Love Got to Do with It? (1993),0.0
66,5,60,"Indian in the Cupboard, The (1995)",0.0
66,6,8126,Shock Corridor (1963),0.0
66,7,1733,Afterglow (1997),0.0
66,8,4063,Prelude to a Kiss (1992),0.0
66,9,164226,Maximum Ride (2016),0.0
66,10,116724,You Are the Apple of My Eye (2011),0.0
67,1,3473,Jonah Who Will Be 25 in the Year 2000 (Jonas qui aura 25 ans en l'an 2000) (1976),0.0
67,2,25827,Mr. Deeds Goes to Town (1936),0.0
67,3,8667,A Home at the End of the World (2004),0.0
67,4,1089,Reservoir Dogs (1992),0.0
67,5,140162,Love (2015),0.0
67,6,92535,Louis C.K.: Live at the Beacon Theater (2011),0.0
67,7,97858,Mental (2012),0.0
67,8,6336,Marooned in Iraq (Gomgashtei dar Aragh) (2002),0.0
67,9,48780,"Prestige, The (2006)",0.0
67,10,2882,Jakob the Liar (1999),0.0
68,1,5772,My Dinner with André (1981),0.0
68,2,105,"Bridges of Madison County, The (1995)",0.0
68,3,91337,Play the Game (2009),0.0
68,4,72224,Gentlemen Broncos (2009),0.0
68,5,80880,Stone (2010),0.0
68,6,88345,Mike's New Car (2002),0.0
68,7,117107,Miss Meadows (2014),0.0
68,8,60408,Welcome to the Sticks (Bienvenue chez les Ch'tis) (2008),0.0
68,9,55245,Good Luck Chuck (2007),0.0
68,10,80858,You Again (2010),0.0
69,1,6344,101 Reykjavik (101 Reykjavík) (2000),0.0
69,2,7833,Shadow of the Thin Man (1941),0.0
69,3,157108,Texas - Doc Snyder hält die Welt in Atem (1993),0.0
69,4,5532,Amy's O (a.k.a. Amy's Orgasm) (2001),0.0
69,5,55729,King of California (2007),0.0
69,6,47,Seven (a.k.a. Se7en) (1995),0.0
69,7,334,Vanya on 42nd Street (1994),0.0
69,8,3445,Eyes of Laura Mars (1978),0.0
69,9,80241,Going the Distance (2010),0.0
69,10,8426,Robot Carnival (Roboto kânibauru) (1987),0.0
70,1,64622,"Reader, The (2008)",0.0
70,2,5465,All About Lily Chou-Chou (Riri Shushu no subete) (2001),0.0
70,3,1485,Liar Liar (1997),0.0
70,4,4643,Planet of the Apes (2001),0.0
70,5,129937,Run All Night (2015),0.0
70,6,86668,Louis Theroux: Law & Disorder (2008),0.0
70,7,31193,"Many Adventures of Winnie the Pooh, The (1977)",0.0
70,8,6460,"Trial, The (Procès, Le) (1962)",0.0
70,9,3942,Sorority House Massacre II (1990),0.0
70,10,107069,Lone Survivor (2013),0.0
71,1,3899,Circus (2000),0.0
71,2,5633,Heaven (2002),0.0
71,3,5979,Attack of the Crab Monsters (1957),0.0
71,4,94070,"Best Exotic Marigold Hotel, The (2011)",0.0
71,5,45928,Who Killed the Electric Car? (2006),0.0
71,6,85399,"Big Mommas: Like Father, Like Son (2011)",0.0
71,7,8494,"Cincinnati Kid, The (1965)",0.0
71,8,6460,"Trial, The (Procès, Le) (1962)",0.0
71,9,67361,Echelon Conspiracy (2009),0.0
71,10,190207,Tilt (2011),0.0
72,1,2882,Jakob the Liar (1999),0.0
72,2,135536,Suicide Squad (2016),0.0
72,3,1340,"Bride of Frankenstein, The (Bride of Frankenstein) (1935)",0.0
72,4,4589,Eddie and the Cruisers (1983),0.0
72,5,7260,Latter Days (2003),0.0
72,6,748,"Arrival, The (1996)",0.0
72,7,5391,Thirteen Conversations About One Thing (a.k.a. 13 Conversations) (2001),0.0
72,8,1805,Wild Things (1998),0.0
72,9,31923,"Three Musketeers, The (1973)",0.0
72,10,7238,Ashes and Diamonds (Popiól i diament) (1958),0.0
73,1,75803,Our Family Wedding (2010),0.0
73,2,4459,Alaska: Spirit of the Wild (1997),0.0
73,3,163134,Your Name. (2016),0.0
73,4,120625,The Fool (2014),0.0
73,5,193587,Bungo Stray Dogs: Dead Apple (2018),0.0
73,6,116985,The Longest Week (2014),0.0
73,7,42422,Voices of a Distant Star (Hoshi no koe) (2003),0.0
73,8,161044,Webmaster (1998),0.0
73,9,6305,Fahrenheit 451 (1966),0.0
73,10,5720,"Friend Is a Treasure, A (Chi Trova Un Amico, Trova un Tesoro) (Who Finds a Friend Finds a Treasure) (1981)",0.0
74,1,4014,Chocolat (2000),0.0
74,2,2808,Universal Soldier (1992),0.0
74,3,31445,Employee of the Month (2004),0.0
74,4,8425,Meet the Applegates (1991),0.0
74,5,40962,"Yours, Mine and Ours (2005)",0.0
74,6,122902,Fantastic Four (2015),0.0
74,7,175303,It (2017),0.0
74,8,133771,The Lobster (2015),0.0
74,9,4294,"5,000 Fingers of Dr. T, The (1953)",0.0
74,10,74698,Tooth Fairy (2010),0.0
75,1,114494,Who Am I (Kein System Ist Sicher) (2014),0.0
75,2,4629,Next of Kin (1989),0.0
75,3,90528,This Must Be the Place (2011),0.0
75,4,15,Cutthroat Island (1995),0.0
75,5,741,Ghost in the Shell (Kôkaku kidôtai) (1995),0.0
75,6,26344,French Connection II (1975),0.0
75,7,27850,"Yes Men, The (2003)",0.0
75,8,88267,Winnie the Pooh (2011),0.0
75,9,3727,Near Dark (1987),0.0
75,10,3287,"Tigger Movie, The (2000)",0.0
76,1,4215,Revenge of the Nerds II: Nerds in Paradise (1987),0.0
76,2,95875,Total Recall (2012),0.0
76,3,89586,Phineas and Ferb the Movie: Across the 2nd Dimension (2011),0.0
76,4,2430,Mighty Joe Young (1949),0.0
76,5,26317,Emmanuelle (1974),0.0
76,6,2279,Urban Legend (1998),0.0
76,7,130083,Kidnapping Mr. Heineken (2015),0.0
76,8,6827,It's Pat (1994),0.0
76,9,3511,Ready to Rumble (2000),0.0
76,10,54908,Taxi 4 (2007),0.0
77,1,3177,Next Friday (2000),0.0
77,2,72714,Earthlings (2006),0.0
77,3,577,Andre (1994),0.0
77,4,3823,Wonderland (1999),0.0
77,5,146730,Lost in the Sun (2015),0.0
77,6,391,Jason's Lyric (1994),0.0
77,7,160954,Nerve (2016),0.0
77,8,458,Geronimo: An American Legend (1993),0.0
77,9,1856,Kurt & Courtney (1998),0.0
77,10,1306,Until the End of the World (Bis ans Ende der Welt) (1991),0.0
78,1,762,Striptease (1996),0.0
78,2,86290,American: The Bill Hicks Story (2009),0.0
78,3,594,Snow White and the Seven Dwarfs (1937),0.0
78,4,5267,"Rookie, The (2002)",0.0
78,5,106648,Guilty of Romance (Koi no tsumi) (2011) ,0.0
78,6,127323,Vice (2015),0.0
78,7,45382,Down in the Valley (2005),0.0
78,8,6477,"Song of Bernadette, The (1943)",0.0
78,9,61011,"Walker, The (2007)",0.0
78,10,1446,Kolya (Kolja) (1996),0.0
79,1,7151,Girl with a Pearl Earring (2003),0.0
79,2,2154,How Stella Got Her Groove Back (1998),0.0
79,3,3649,American Gigolo (1980),0.0
79,4,1449,Waiting for Guffman (1996),0.0
79,5,13,Balto (1995),0.0
79,6,1437,"Cement Garden, The (1993)",0.0
79,7,7624,School Ties (1992),0.0
79,8,110591,Oculus (2013),0.0
79,9,5809,Femme Fatale (2002),0.0
79,10,3832,"Black Sabbath (Tre volti della paura, I) (1963)",0.0
80,1,3101,Fatal Attraction (1987),0.0
80,2,31664,Gorgeous (Boh lee chun) (1999),0.0
80,3,56782,There Will Be Blood (2007),0.0
80,4,3365,"Searchers, The (1956)",0.0
80,5,111551,Afflicted (2013),0.0
80,6,135567,Independence Day: Resurgence (2016),0.0
80,7,2941,South Pacific (1958),0.0
80,8,4357,How to Marry a Millionaire (1953),0.0
80,9,6958,"Haunted Mansion, The (2003)",0.0
80,10,4194,I Know Where I'm Going! (1945),0.0
81,1,2501,October Sky (1999),0.0
81,2,4200,Double Impact (1991),0.0
81,3,2010,Metropolis (1927),0.0
81,4,549,Thirty-Two Short Films About Glenn Gould (1993),0.0
81,5,241,Fluke (1995),0.0
81,6,33171,Mysterious Skin (2004),0.0
81,7,65037,Ben X (2007),0.0
81,8,1866,"Big Hit, The (1998)",0.0
81,9,136666,Search Party (2014),0.0
81,10,110669,"Honest Liar, An (2014)",0.0
82,1,3056,Oxygen (1999),0.0
82,2,7063,"Aguirre: The Wrath of God (Aguirre, der Zorn Gottes) (1972)",0.0
82,3,27370,Late Night Shopping (2001),0.0
82,4,7382,I'm Not Scared (Io non ho paura) (2003),0.0
82,5,106873,Evangelion: 3.0 You Can (Not) Redo (2012),0.0
82,6,59947,"Protector, The (1985)",0.0
82,7,1197,"Princess Bride, The (1987)",0.0
82,8,32392,800 Bullets (800 Balas) (2002),0.0
82,9,3198,Papillon (1973),0.0
82,10,43376,Sophie Scholl: The Final Days (Sophie Scholl - Die letzten Tage) (2005),0.0
83,1,26052,Pickpocket (1959),0.0
83,2,108090,Dragon Ball: The Path to Power (Doragon bôru: Saikyô e no michi) (1996),0.0
83,3,3327,Beyond the Mat (1999),0.0
83,4,6565,Seabiscuit (2003),0.0
83,5,136800,Robot Overlords (2014),0.0
83,6,3251,Agnes of God (1985),0.0
83,7,3814,Love and Death (1975),0.0
83,8,184015,When We First Met (2018),0.0
83,9,166558,Underworld: Blood Wars (2016),0.0
83,10,33499,Monster-in-Law (2005),0.0
84,1,3090,Matewan (1987),0.0
84,2,4147,Nico and Dani (Krámpack) (2000),0.0
84,3,6064,"Harder They Fall, The (1956)",0.0
84,4,4451,Jump Tomorrow (2001),0.0
84,5,1845,Zero Effect (1998),0.0
84,6,34534,Four Brothers (2005),0.0
84,7,8341,Oliver Twist (1948),0.0
84,8,99437,John Dies at the End (2012),0.0
84,9,48043,"Fountain, The (2006)",0.0
84,10,93272,Dr. Seuss' The Lorax (2012),0.0
85,1,4180,Reform School Girls (1986),0.0
85,2,1625,"Game, The (1997)",0.0
85,3,63859,Bolt (2008),0.0
85,4,104129,Man of Tai Chi (2013),0.0
85,5,98623,Winners and Sinners (Qi mou miao ji: Wu fu xing) (1983),0.0
85,6,3965,"Strange Love of Martha Ivers, The (1946)",0.0
85,7,51412,Next (2007),0.0
85,8,121781,Stuart Little 3: Call of the Wild (2005),0.0
85,9,72694,Shrink (2009),0.0
85,10,69640,Public Enemies (2009),0.0
86,1,140110,The Intern (2015),0.0
86,2,90945,"Sign of Four, The (1987)",0.0
86,3,191,"Scarlet Letter, The (1995)",0.0
86,4,1588,George of the Jungle (1997),0.0
86,5,43,Restoration (1995),0.0
86,6,2279,Urban Legend (1998),0.0
86,7,7493,"Three Faces of Eve, The (1957)",0.0
86,8,180987,Ferdinand (2017),0.0
86,9,3471,Close Encounters of the Third Kind (1977),0.0
86,10,25771,"Andalusian Dog, An (Chien andalou, Un) (1929)",0.0
87,1,31700,Because of Winn-Dixie (2005),0.0
87,2,573,"Ciao, Professore! (Io speriamo che me la cavo) (1992)",0.0
87,3,40723,Wolf Creek (2005),0.0
87,4,5752,Gregory's Girl (1981),0.0
87,5,68848,"Brothers Bloom, The (2008)",0.0
87,6,3567,Bossa Nova (2000),0.0
87,7,2379,Police Academy 2: Their First Assignment (1985),0.0
87,8,6383,"2 Fast 2 Furious (Fast and the Furious 2, The) (2003)",0.0
87,9,2159,Henry: Portrait of a Serial Killer (1986),0.0
87,10,8533,"Notebook, The (2004)",0.0
88,1,31903,Zelary (2003),0.0
88,2,2057,"Incredible Journey, The (1963)",0.0
88,3,39715,American Pie Presents: Band Camp (American Pie 4: Band Camp) (2005),0.0
88,4,3296,To Sir with Love (1967),0.0
88,5,2991,Live and Let Die (1973),0.0
88,6,34450,Miracles - Mr. Canton and Lady Rose (1989),0.0
88,7,2408,Cocoon: The Return (1988),0.0
88,8,104913,Rush (2013),0.0
88,9,114246,"Walk Among the Tombstones, A (2014)",0.0
88,10,102903,Now You See Me (2013),0.0
89,1,1955,Kramer vs. Kramer (1979),0.0
89,2,74458,Shutter Island (2010),0.0
89,3,146,"Amazing Panda Adventure, The (1995)",0.0
89,4,136912,God Loves Caviar (2012),0.0
89,5,5632,Bloody Sunday (2002),0.0
89,6,148592,Just Jim (2015),0.0
89,7,174053,Black Mirror: White Christmas (2014),0.0
89,8,61705,Lakeview Terrace (2008),0.0
89,9,7327,Persona (1966),0.0
89,10,3408,Erin Brockovich (2000),0.0
90,1,4831,Can't Stop the Music (1980),0.0
90,2,5448,Hey Arnold! The Movie (2002),0.0
90,3,121169,The Duke of Burgundy (2014),0.0
90,4,2143,Legend (1985),0.0
90,5,57274,[REC] (2007),0.0
90,6,6821,More American Graffiti (1979),0.0
90,7,162478,Masterminds (2016),0.0
90,8,3508,"Outlaw Josey Wales, The (1976)",0.0
90,9,2023,"Godfather: Part III, The (1990)",0.0
90,10,51084,Music and Lyrics (2007),0.0
91,1,119141,The Interview (2014),0.0
91,2,8800,Code 46 (2003),0.0
91,3,7243,Intolerance: Love's Struggle Throughout the Ages (1916),0.0
91,4,52885,Paprika (Papurika) (2006),0.0
91,5,6280,"Man Apart, A (2003)",0.0
91,6,75816,Women in Trouble (2009),0.0
91,7,5597,Suburban Commando (1991),0.0
91,8,118834,National Lampoon's Bag Boy (2007),0.0
91,9,53140,"Librarian: Quest for the Spear, The (2004)",0.0
91,10,4959,"Affair of the Necklace, The (2001)",0.0
92,1,111617,Blended (2014),0.0
92,2,7352,Wilbur Wants to Kill Himself (2002),0.0
92,3,32,Twelve Monkeys (a.k.a. 12 Monkeys) (1995),0.0
92,4,91660,"Darkest Hour, The (2011)",0.0
92,5,86290,American: The Bill Hicks Story (2009),0.0
92,6,1331,Audrey Rose (1977),0.0
92,7,1276,Cool Hand Luke (1967),0.0
92,8,109864,Veronica Mars (2014),0.0
92,9,60979,Batman: Gotham Knight (2008),0.0
92,10,130482,Too Late for Tears (1949),0.0
93,1,4709,Paint Your Wagon (1969),0.0
93,2,68650,Powder Blue (2009),0.0
93,3,44204,Tsotsi (2005),0.0
93,4,43908,London (2005),0.0
93,5,4270,"Mummy Returns, The (2001)",0.0
93,6,93766,Wrath of the Titans (2012),0.0
93,7,142507,Pawn Sacrifice (2015),0.0
93,8,120761,By the Law (1926),0.0
93,9,34542,Grizzly Man (2005),0.0
93,10,5478,Eight Legged Freaks (2002),0.0
94,1,4429,Moby Dick (1956),0.0
94,2,5111,"Good Son, The (1993)",0.0
94,3,83177,Yogi Bear (2010),0.0
94,4,4502,Ernest Saves Christmas (1988),0.0
94,5,5442,V. I. Warshawski (1991),0.0
94,6,1785,King of New York (1990),0.0
94,7,6803,Phenomena (a.k.a. Creepers) (1985),0.0
94,8,4881,"Man Who Wasn't There, The (2001)",0.0
94,9,2597,Lost & Found (1999),0.0
94,10,928,Rebecca (1940),0.0
95,1,4625,Millennium (1989),0.0
95,2,31049,Out Cold (1989),0.0
95,3,117851,Penguins of Madagascar (2014),0.0
95,4,7059,National Velvet (1944),0.0
95,5,6996,Highlander II: The Quickening (1991),0.0
95,6,2614,Chopping Mall (a.k.a. Killbots) (1986),0.0
95,7,3694,"Toxic Avenger, Part II, The (1989)",0.0
95,8,79242,"Kids Are All Right, The (2010)",0.0
95,9,1287,Ben-Hur (1959),0.0
95,10,2674,"Loss of Sexual Innocence, The (1999)",0.0
96,1,55259,"Seeker: The Dark Is Rising, The (2007)",0.0
96,2,160872,Satanic (2016),0.0
96,3,50160,Miss Potter (2006),0.0
96,4,1194,Cheech and Chong's Up in Smoke (1978),0.0
96,5,3244,"Goodbye Girl, The (1977)",0.0
96,6,118696,The Hobbit: The Battle of the Five Armies (2014),0.0
96,7,518,"Road to Wellville, The (1994)",0.0
96,8,7282,"Hip Hop Witch, Da (2000)",0.0
96,9,7048,Nothing to Lose (1997),0.0
96,10,96,In the Bleak Midwinter (1995),0.0
97,1,917,"Little Princess, The (1939)",0.0
97,2,175397,"In the blue sea, in the white foam. (1984)",0.0
97,3,84601,Unknown (2011),0.0
97,4,173925,Seven Sisters (2017),0.0
97,5,4736,Summer Catch (2001),0.0
97,6,30883,Fat Albert (2004),0.0
97,7,1335,Blood Beach (1981),0.0
97,8,158022,Kicking Off (2016),0.0
97,9,129011,Eddie Izzard: Glorious (1997),0.0
97,10,36850,Police Story 2 (Ging chaat goo si juk jaap) (1988),0.0
98,1,6510,"Bodies, Rest & Motion (1993)",0.0
98,2,3275,"Boondock Saints, The (2000)",0.0
98,3,7925,"Hidden Fortress, The (Kakushi-toride no san-akunin) (1958)",0.0
98,4,8641,Anchorman: The Legend of Ron Burgundy (2004),0.0
98,5,1042,That Thing You Do! (1996),0.0
98,6,5493,In Like Flint (1967),0.0
98,7,36509,"Cave, The (2005)",0.0
98,8,2153,"Avengers, The (1998)",0.0
98,9,103984,"Great Beauty, The (Grande Bellezza, La) (2013)",0.0
98,10,73319,Leap Year (2010),0.0
99,1,80463,"Social Network, The (2010)",0.0
99,2,84799,"Asphyx, The (1973)",0.0
99,3,2734,"Mosquito Coast, The (1986)",0.0
99,4,101895,42 (2013),0.0
99,5,1468,Booty Call (1997),0.0
99,6,5009,Ali (2001),0.0
99,7,104944,Short Term 12 (2013),0.0
99,8,5602,"Ladykillers, The (1955)",0.0
99,9,534,Shadowlands (1993),0.0
99,10,379,Timecop (1994),0.0
100,1,2404,Rambo III (1988),0.0
100,2,5880,Extreme Ops (2002),0.0
100,3,2422,"Karate Kid, Part III, The (1989)",0.0
100,4,40959,"Ice Harvest, The (2005)",0.0
100,5,2500,Jawbreaker (1999),0.0
100,6,6579,"One, Two, Three (1961)",0.0
100,7,3553,Gossip (2000),0.0
100,8,50442,Alpha Dog (2007),0.0
100,9,800,Lone Star (1996),0.0
100,10,105121,Inescapable (2012),0.0
101,1,4442,"Last Dragon, The (1985)",0.0
101,2,412,"Age of Innocence, The (1993)",0.0
101,3,3265,Hard-Boiled (Lat sau san taam) (1992),0.0
101,4,3922,Bikini Beach (1964),0.0
101,5,68554,Angels & Demons (2009),0.0
101,6,8456,Investigation of a Citizen Above Suspicion (Indagine su un cittadino al di sopra di ogni sospetto) (1970),0.0
101,7,3211,"Cry in the Dark, A (1988)",0.0
101,8,148592,Just Jim (2015),0.0
101,9,2105,Tron (1982),0.0
101,10,8574,"Claymation Christmas Celebration, A (1987)",0.0
102,1,4835,Coal Miner's Daughter (1980),0.0
102,2,8605,Taxi 3 (2003),0.0
102,3,5424,Harvard Man (2001),0.0
102,4,6217,"Safety of Objects, The (2001)",0.0
102,5,1686,Red Corner (1997),0.0
102,6,1798,Hush (1998),0.0
102,7,4864,Titanica (1992),0.0
102,8,98585,Hitchcock (2012),0.0
102,9,8387,Police Academy: Mission to Moscow (1994),0.0
102,10,2421,"Karate Kid, Part II, The (1986)",0.0
103,1,350,"Client, The (1994)",0.0
103,2,5265,Death to Smoochy (2002),0.0
103,3,2795,National Lampoon's Vacation (1983),0.0
103,4,3401,Baby... Secret of the Lost Legend (1985),0.0
103,5,2142,"American Tail: Fievel Goes West, An (1991)",0.0
103,6,136838,Kiss me Kismet (2006),0.0
103,7,115680,Time Lapse (2014),0.0
103,8,1620,Kiss the Girls (1997),0.0
103,9,2252,Hero (1992),0.0
103,10,161354,Batman: The Killing Joke (2016),0.0
104,1,2488,Peeping Tom (1960),0.0
104,2,8587,Mayor of the Sunset Strip (2003),0.0
104,3,5060,M*A*S*H (a.k.a. MASH) (1970),0.0
104,4,74750,[REC]² (2009),0.0
104,5,103655,R.I.P.D. (2013),0.0
104,6,97836,Here Comes the Boom (2012),0.0
104,7,1955,Kramer vs. Kramer (1979),0.0
104,8,53022,Wheels on Meals (Kuai can che) (1984),0.0
104,9,97285,Take Aim at the Police Van (Sono gosôsha wo nerae: 'Jûsangô taihisen' yori) (1960),0.0
104,10,178827,Paddington 2 (2017),0.0
105,1,142366,Cigarette Burns (2005),0.0
105,2,48560,Running With Scissors (2006),0.0
105,3,36276,Hidden (a.k.a. Cache) (Caché) (2005),0.0
105,4,74450,Valentine's Day (2010),0.0
105,5,634,Theodore Rex (1995),0.0
105,6,89586,Phineas and Ferb the Movie: Across the 2nd Dimension (2011),0.0
105,7,590,Dances with Wolves (1990),0.0
105,8,89470,Contagion (2011),0.0
105,9,4409,Shadows and Fog (1991),0.0
105,10,43396,"World's Fastest Indian, The (2005)",0.0
106,1,3663,Puppet Master 4 (1993),0.0
106,2,750,Dr. Strangelove or: How I Learned to Stop Worrying and Love the Bomb (1964),0.0
106,3,23,Assassins (1995),0.0
106,4,5434,"Sorry, Wrong Number (1948)",0.0
106,5,182731,Pixel Perfect (2004),0.0
106,6,6581,"Private Life of Sherlock Holmes, The (1970)",0.0
106,7,115969,Generation War (2013),0.0
106,8,91653,We Bought a Zoo (2011),0.0
106,9,3660,Puppet Master (1989),0.0
106,10,8957,Saw (2004),0.0
107,1,51709,"Host, The (Gwoemul) (2006)",0.0
107,2,6668,"Road Home, The (Wo de fu qin mu qin) (1999)",0.0
107,3,32600,Eros (2004),0.0
107,4,5752,Gregory's Girl (1981),0.0
107,5,4210,Manhunter (1986),0.0
107,6,69849,Roots (1977),0.0
107,7,3983,You Can Count on Me (2000),0.0
107,8,51255,Hot Fuzz (2007),0.0
107,9,68269,"Young Victoria, The (2009)",0.0
107,10,48416,School for Scoundrels (2006),0.0
108,1,175781,Der Herr Karl (1961),0.0
108,2,451,Flesh and Bone (1993),0.0
108,3,56022,Harrison Bergeron (1995),0.0
108,4,123200,Jim Jefferies: I Swear to God (2009),0.0
108,5,177765,Coco (2017),0.0
108,6,6528,Start the Revolution Without Me (1970),0.0
108,7,27829,Slasher (2004),0.0
108,8,75446,Little Ashes (2008),0.0
108,9,104457,You're Next (2011),0.0
108,10,3788,Blow-Up (Blowup) (1966),0.0
109,1,67197,Knowing (2009),0.0
109,2,4928,That Obscure Object of Desire (Cet obscur objet du désir) (1977),0.0
109,3,126548,The DUFF (2015),0.0
109,4,26562,White Nights (1985),0.0
109,5,73321,"Book of Eli, The (2010)",0.0
109,6,5644,"Pride of the Yankees, The (1942)",0.0
109,7,5009,Ali (2001),0.0
109,8,72405,Bad Lieutenant: Port of Call New Orleans (2009),0.0
109,9,5501,"Master of Disguise, The (2002)",0.0
109,10,152270,The Wait (2015),0.0
110,1,5539,Care Bears Movie II: A New Generation (1986),0.0
110,2,5632,Bloody Sunday (2002),0.0
110,3,6289,Ghosts of the Abyss (2003),0.0
110,4,1648,"House of Yes, The (1997)",0.0
110,5,3397,"Great Muppet Caper, The (1981)",0.0
110,6,60647,Transsiberian (2008),0.0
110,7,99145,"Impossible, The (Imposible, Lo) (2012)",0.0
110,8,6731,Day of the Dead (1985),0.0
110,9,4544,Short Circuit 2 (1988),0.0
110,10,48416,School for Scoundrels (2006),0.0
111,1,2074,"Night Porter, The (Portiere di notte, Il) (1974)",0.0
111,2,91266,Another Cinderella Story (2008),0.0
111,3,73160,Sorority Babes in the Slimeball Bowl-O-Rama (1988),0.0
111,4,2493,"Harmonists, The (1997)",0.0
111,5,107013,"Christmas Carol, A (1977)",0.0
111,6,82684,Trash Humpers (2009),0.0
111,7,116823,The Hunger Games: Mockingjay - Part 1 (2014),0.0
111,8,4161,"Mexican, The (2001)",0.0
111,9,144522,Sky High (2003),0.0
111,10,3097,"Shop Around the Corner, The (1940)",0.0
112,1,55247,Into the Wild (2007),0.0
112,2,8782,Thunderbirds (2004),0.0
112,3,3735,Serpico (1973),0.0
112,4,3707,9 1/2 Weeks (Nine 1/2 Weeks) (1986),0.0
112,5,73569,Project A 2 ('A' gai wak juk jap) (1987),0.0
112,6,135198,The Hairdresser (2010),0.0
112,7,133802,Slow West (2015),0.0
112,8,8880,Mask (1985),0.0
112,9,2674,"Loss of Sexual Innocence, The (1999)",0.0
112,10,161594,Kingsglaive: Final Fantasy XV (2016),0.0
113,1,68793,Night at the Museum: Battle of the Smithsonian (2009),0.0
113,2,824,Kaspar Hauser (1993),0.0
113,3,8195,"Avventura, L' (Adventure, The) (1960)",0.0
113,4,4347,Divided We Fall (Musíme si pomáhat) (2000),0.0
113,5,8955,Undertow (2004),0.0
113,6,58879,Shine a Light (2008),0.0
113,7,6400,Murder on a Sunday Morning (Un coupable idéal) (2001),0.0
113,8,273,Mary Shelley's Frankenstein (Frankenstein) (1994),0.0
113,9,170939,Captain Underpants: The First Epic Movie (2017),0.0
113,10,5613,8 Women (2002),0.0
114,1,144716,Rock the Kasbah (2015),0.0
114,2,6297,Holes (2003),0.0
114,3,4217,4 Little Girls (1997),0.0
114,4,4299,"Knight's Tale, A (2001)",0.0
114,5,7091,Horse Feathers (1932),0.0
114,6,104339,In a World... (2013),0.0
114,7,107953,Dragon Ball Z: Battle of Gods (2013),0.0
114,8,106889,Tim's Vermeer (2013),0.0
114,9,62299,Alone in the Dark II (2008),0.0
114,10,8778,Sherlock Holmes: Dressed to Kill (1946),0.0
115,1,4237,"Gleaners & I, The (Les glaneurs et la glaneuse) (2000)",0.0
115,2,187031,Jurassic World: Fallen Kingdom (2018),0.0
115,3,82088,Vincent Wants to Sea (Vincent will meer) (2010),0.0
115,4,145839,Concussion (2015),0.0
115,5,81564,Megamind (2010),0.0
115,6,3094,Maurice (1987),0.0
115,7,171917,Mystère à la Tour Eiffel (2015),0.0
115,8,74916,Greenberg (2010),0.0
115,9,242,Farinelli: il castrato (1994),0.0
115,10,103980,Blue Jasmine (2013),0.0
116,1,30812,"Aviator, The (2004)",0.0
116,2,51575,Wild Hogs (2007),0.0
116,3,3799,Pokémon the Movie 2000 (2000),0.0
116,4,3835,"Crush, The (1993)",0.0
116,5,4900,Out Cold (2001),0.0
116,6,4042,"Alamo, The (1960)",0.0
116,7,6731,Day of the Dead (1985),0.0
116,8,5721,"Chosen, The (1981)",0.0
116,9,3429,Creature Comforts (1989),0.0
116,10,2902,Psycho II (1983),0.0
117,1,2012,Back to the Future Part III (1990),0.0
117,2,1971,"Nightmare on Elm Street 4: The Dream Master, A (1988)",0.0
117,3,3197,"Presidio, The (1988)",0.0
117,4,86142,13 Assassins (Jûsan-nin no shikaku) (2010),0.0
117,5,6679,Revolution OS (2001),0.0
117,6,1686,Red Corner (1997),0.0
117,7,62394,Max Payne (2008),0.0
117,8,34450,Miracles - Mr. Canton and Lady Rose (1989),0.0
117,9,103235,"Best Offer, The (Migliore offerta, La) (2013)",0.0
117,10,92048,"Whistleblower, The (2010)",0.0
118,1,143255,Narcopolis (2014),0.0
118,2,901,Funny Face (1957),0.0
118,3,5929,"Party 2, The (Boum 2, La) (1982)",0.0
118,4,115667,"Love, Rosie (2014)",0.0
118,5,39446,Saw II (2005),0.0
118,6,44633,"Devil and Daniel Johnston, The (2005)",0.0
118,7,147328,The Adventures of Sherlock Holmes and Dr. Watson: Bloody Signature (1979),0.0
118,8,173205,The Meyerowitz Stories (2017),0.0
118,9,3791,Footloose (1984),0.0
118,10,5502,Signs (2002),0.0
119,1,1399,Marvin's Room (1996),0.0
119,2,2282,Pecker (1998),0.0
119,3,5843,Toy Soldiers (1991),0.0
119,4,6390,Silk Stockings (1957),0.0
119,5,99574,Promised Land (2012),0.0
119,6,2025,Lolita (1997),0.0
119,7,7321,Twisted (2004),0.0
119,8,8861,Resident Evil: Apocalypse (2004),0.0
119,9,26681,Bullet in the Head (1990),0.0
119,10,62553,"Secret Life of Bees, The (2008)",0.0
120,1,1550,Trial and Error (1997),0.0
120,2,57183,Like Stars on Earth (Taare Zameen Par) (2007),0.0
120,3,1244,Manhattan (1979),0.0
120,4,190213,John From (2015),0.0
120,5,70334,Hannah Montana: The Movie (2009),0.0
120,6,171495,Cosmos,0.0
120,7,356,Forrest Gump (1994),0.0
120,8,4219,Girls Just Want to Have Fun (1985),0.0
120,9,7841,Children of Dune (2003),0.0
120,10,1361,Paradise Lost: The Child Murders at Robin Hood Hills (1996),0.0
121,1,146210,Blue Mountain State: The Rise of Thadland (2015),0.0
121,2,5849,I'm Starting From Three (Ricomincio da Tre) (1981),0.0
121,3,97470,Catch .44 (2011),0.0
121,4,81087,Luck by Chance (2009),0.0
121,5,131739,Batman vs. Robin (2015),0.0
121,6,56788,Charlie Wilson's War (2007),0.0
121,7,100810,Dark Skies (2013),0.0
121,8,4741,Together (Tillsammans) (2000),0.0
121,9,4298,Rififi (Du rififi chez les hommes) (1955),0.0
121,10,89118,"Skin I Live In, The (La piel que habito) (2011)",0.0
122,1,116977,Dumb and Dumber To (2014),0.0
122,2,2055,Hot Lead and Cold Feet (1978),0.0
122,3,1258,"Shining, The (1980)",0.0
122,4,4042,"Alamo, The (1960)",0.0
122,5,3514,Joe Gould's Secret (2000),0.0
122,6,4308,Moulin Rouge (2001),0.0
122,7,26599,"Law of Desire (Ley del deseo, La) (1987)",0.0
122,8,125914,Mortdecai (2015),0.0
122,9,1950,In the Heat of the Night (1967),0.0
122,10,136359,Scooby-Doo Goes Hollywood (1979),0.0
123,1,385,"Man of No Importance, A (1994)",0.0
123,2,97701,Paranormal Activity 4 (2012),0.0
123,3,48879,Catch a Fire (2006),0.0
123,4,1264,Diva (1981),0.0
123,5,4445,T-Rex: Back to the Cretaceous (1998),0.0
123,6,4502,Ernest Saves Christmas (1988),0.0
123,7,74530,Percy Jackson & the Olympians: The Lightning Thief (2010),0.0
123,8,2180,Torn Curtain (1966),0.0
123,9,84696,Burke and Hare (2010),0.0
123,10,105593,Filth (2013),0.0
124,1,8869,First Daughter (2004),0.0
124,2,1216,"Big Blue, The (Grand bleu, Le) (1988)",0.0
124,3,96691,Resident Evil: Retribution (2012),0.0
124,4,3392,She-Devil (1989),0.0
124,5,72624,Garage (2007),0.0
124,6,4338,Twelve O'Clock High (1949),0.0
124,7,5959,Narc (2002),0.0
124,8,5427,Caveman (1981),0.0
124,9,494,Executive Decision (1996),0.0
124,10,30816,"Phantom of the Opera, The (2004)",0.0
125,1,1085,"Old Man and the Sea, The (1958)",0.0
125,2,35807,"Teahouse of the August Moon, The (1956)",0.0
125,3,161594,Kingsglaive: Final Fantasy XV (2016),0.0
125,4,73290,Hachiko: A Dog's Story (a.k.a. Hachi: A Dog's Tale) (2009),0.0
125,5,45186,Mission: Impossible III (2006),0.0
125,6,5525,Mostly Martha (Bella Martha) (2001),0.0
125,7,1499,Anaconda (1997),0.0
125,8,76301,"Emperor's New Groove 2: Kronk's New Groove, The (2005)",0.0
125,9,2793,"American Werewolf in Paris, An (1997)",0.0
125,10,2656,Tarantula (1955),0.0
126,1,50005,Curse of the Golden Flower (Man cheng jin dai huang jin jia) (2006),0.0
126,2,177285,Sword Art Online The Movie: Ordinal Scale (2017),0.0
126,3,107013,"Christmas Carol, A (1977)",0.0
126,4,179511,Emerald Green (2016),0.0
126,5,1866,"Big Hit, The (1998)",0.0
126,6,2375,"Money Pit, The (1986)",0.0
126,7,6440,Barton Fink (1991),0.0
126,8,136503,Tom and Jerry: Shiver Me Whiskers (2006),0.0
126,9,2418,Nothing in Common (1986),0.0
126,10,5409,Rapid Fire (1992),0.0
127,1,8961,"Incredibles, The (2004)",0.0
127,2,50658,49 Up (2005),0.0
127,3,70,From Dusk Till Dawn (1996),0.0
127,4,71732,I Sell the Dead (2008),0.0
127,5,6873,Intolerable Cruelty (2003),0.0
127,6,74685,"Crazies, The (2010)",0.0
127,7,3276,Gun Shy (2000),0.0
127,8,151781,Ghost in the Shell: Solid State Society (2006),0.0
127,9,26547,Police Story (Ging chaat goo si) (1985),0.0
127,10,3774,House Party 2 (1991),0.0
128,1,3787,Shower (Xizao) (1999),0.0
128,2,3402,Turtle Diary (1985),0.0
128,3,32875,Holiday (Jour de fête) (1949),0.0
128,4,5863,Take This Job and Shove It (1981),0.0
128,5,1346,Cat People (1982),0.0
128,6,7072,Stagecoach (1939),0.0
128,7,4995,"Beautiful Mind, A (2001)",0.0
128,8,3422,She's Gotta Have It (1986),0.0
128,9,39446,Saw II (2005),0.0
128,10,79590,"Rebound, The (2009)",0.0
129,1,6535,"Legally Blonde 2: Red, White & Blonde (2003)",0.0
129,2,4873,Waking Life (2001),0.0
129,3,11,"American President, The (1995)",0.0
129,4,56274,Margot at the Wedding (2007),0.0
129,5,26564,'Round Midnight (1986),0.0
129,6,842,Tales from the Crypt Presents: Bordello of Blood (1996),0.0
129,7,104339,In a World... (2013),0.0
129,8,47518,Accepted (2006),0.0
129,9,4152,Vatel (2000),0.0
129,10,2144,Sixteen Candles (1984),0.0
130,1,6920,"Cercle Rouge, Le (Red Circle, The) (1970)",0.0
130,2,145080,Extraordinary Tales (2015),0.0
130,3,121253,The Town that Dreaded Sundown (2014),0.0
130,4,4506,Frantic (1988),0.0
130,5,103137,"Bling Ring, The (2013)",0.0
130,6,1249,"Femme Nikita, La (Nikita) (1990)",0.0
130,7,99992,Shadow Dancer (2012),0.0
130,8,757,Ashes of Time (Dung che sai duk) (1994),0.0
130,9,6947,Master and Commander: The Far Side of the World (2003),0.0
130,10,6816,Three O'Clock High (1987),0.0
131,1,5953,Devils on the Doorstep (Guizi lai le) (2000),0.0
131,2,1352,Albino Alligator (1996),0.0
131,3,2713,Lake Placid (1999),0.0
131,4,122906,Black Panther (2017),0.0
131,5,1010,"Love Bug, The (1969)",0.0
131,6,1805,Wild Things (1998),0.0
131,7,5784,Ghost Ship (2002),0.0
131,8,1287,Ben-Hur (1959),0.0
131,9,2332,Belly (1998),0.0
131,10,8092,Frankenstein Unbound (1990),0.0
132,1,142507,Pawn Sacrifice (2015),0.0
132,2,3576,"Hidden, The (1987)",0.0
132,3,4671,Sweetie (1989),0.0
132,4,40478,Night of the Lepus (1972),0.0
132,5,122906,Black Panther (2017),0.0
132,6,94160,Dante's Inferno: An Animated Epic (2010),0.0
132,7,6040,Darkness Falls (2003),0.0
132,8,4903,In the Bedroom (2001),0.0
132,9,2782,Pit and the Pendulum (1961),0.0
132,10,387,"Low Down Dirty Shame, A (1994)",0.0
133,1,78467,Jonah Hex (2010),0.0
133,2,162606,The Accountant (2016),0.0
133,3,96861,Taken 2 (2012),0.0
133,4,1348,"Nosferatu (Nosferatu, eine Symphonie des Grauens) (1922)",0.0
133,5,2609,"King of Masks, The (Bian Lian) (1996)",0.0
133,6,8239,Viridiana (1961),0.0
133,7,5617,Secretary (2002),0.0
133,8,106696,Frozen (2013),0.0
133,9,59440,Bella (2006),0.0
133,10,1615,"Edge, The (1997)",0.0
134,1,92475,All Watched Over by Machines of Loving Grace (2011),0.0
134,2,152711,Who Killed Chea Vichea? (2010),0.0
134,3,2267,Mortal Thoughts (1991),0.0
134,4,1151,Lesson Faust (1994),0.0
134,5,172461,Get Me Roger Stone (2017),0.0
134,6,140174,Room (2015),0.0
134,7,27266,2046 (2004),0.0
134,8,135777,Golmaal (2006),0.0
134,9,4312,Himalaya (Himalaya - l'enfance d'un chef) (1999),0.0
134,10,93819,Absentia (2011),0.0
135,1,4470,Ariel (1988),0.0
135,2,174045,Goon: Last of the Enforcers (2017),0.0
135,3,3004,"Bachelor, The (1999)",0.0
135,4,7045,"Witches, The (1990)",0.0
135,5,31903,Zelary (2003),0.0
135,6,1833,Mercury Rising (1998),0.0
135,7,52712,"Invisible, The (2007)",0.0
135,8,91978,Man on a Ledge (2012),0.0
135,9,1399,Marvin's Room (1996),0.0
135,10,2693,Trekkies (1997),0.0
136,1,5451,Pumpkin (2002),0.0
136,2,93139,Mega Shark vs. Crocosaurus (2010),0.0
136,3,6217,"Safety of Objects, The (2001)",0.0
136,4,141004,Victor Frankenstein (2015),0.0
136,5,92535,Louis C.K.: Live at the Beacon Theater (2011),0.0
136,6,71462,"Cove, The (2009)",0.0
136,7,143410,Hyena Road,0.0
136,8,85342,Elite Squad: The Enemy Within (Tropa de Elite 2 - O Inimigo Agora É Outro) (2010),0.0
136,9,45361,"American Haunting, An (2005)",0.0
136,10,5240,Running Scared (1980),0.0
137,1,5051,Italian for Beginners (Italiensk for begyndere) (2000),0.0
137,2,5239,Rude Boy (1980),0.0
137,3,4745,O (2001),0.0
137,4,1283,High Noon (1952),0.0
137,5,8601,Zero de conduite (Zero for Conduct) (Zéro de conduite: Jeunes diables au collège) (1933),0.0
137,6,929,Foreign Correspondent (1940),0.0
137,7,4679,Uncle Buck (1989),0.0
137,8,167732,A Street Cat Named Bob (2016),0.0
137,9,26122,Onibaba (1964),0.0
137,10,4300,Bread and Roses (2000),0.0
138,1,79428,Dinner for Schmucks (2010),0.0
138,2,167790,The Good Boy (2016),0.0
138,3,78637,Shrek Forever After (a.k.a. Shrek: The Final Chapter) (2010),0.0
138,4,3368,"Big Country, The (1958)",0.0
138,5,8450,Anthony Adverse (1936),0.0
138,6,141422,Suffragette (2015),0.0
138,7,98908,How to Make Love to a Woman (2010),0.0
138,8,2375,"Money Pit, The (1986)",0.0
138,9,26285,Dark Star (1974),0.0
138,10,8199,Ugetsu (Ugetsu monogatari) (1953),0.0
139,1,140133,Hollywood Chainsaw Hookers (1988),0.0
139,2,172547,Despicable Me 3 (2017),0.0
139,3,146309,The Boy and the Beast (2015),0.0
139,4,36931,New Police Story (Xin jing cha gu shi) (2004),0.0
139,5,27140,Candyman 3: Day of the Dead (1999),0.0
139,6,138798,Joe Dirt 2: Beautiful Loser (2015),0.0
139,7,425,Blue Sky (1994),0.0
139,8,1296,"Room with a View, A (1986)",0.0
139,9,49,When Night Is Falling (1995),0.0
139,10,56169,Awake (2007),0.0
140,1,91974,Underworld: Awakening (2012),0.0
140,2,68,French Twist (Gazon maudit) (1995),0.0
140,3,148238,A Very Murray Christmas (2015),0.0
140,4,2800,Little Nemo: Adventures in Slumberland (1992),0.0
140,5,7984,From Beyond (1986),0.0
140,6,6954,"Barbarian Invasions, The (Les invasions barbares) (2003)",0.0
140,7,30850,"Merchant of Venice, The (2004)",0.0
140,8,7121,Adam's Rib (1949),0.0
140,9,120637,Blackhat (2015),0.0
140,10,4640,Brother (2000),0.0
141,1,6216,Nowhere in Africa (Nirgendwo in Afrika) (2001),0.0
141,2,999,2 Days in the Valley (1996),0.0
141,3,2807,Universal Soldier: The Return (1999),0.0
141,4,7266,"Lost Skeleton of Cadavra, The (2002)",0.0
141,5,2003,Gremlins (1984),0.0
141,6,8611,"Farmer's Daughter, The (1947)",0.0
141,7,85885,Room in Rome (Habitación en Roma) (2010),0.0
141,8,3135,"Great Santini, The (1979)",0.0
141,9,164200,Storks (2016),0.0
141,10,165103,Keeping Up with the Joneses (2016),0.0
142,1,5345,Triumph of the Spirit (1989),0.0
142,2,7443,This So-Called Disaster (2003),0.0
142,3,5048,Snow Dogs (2002),0.0
142,4,1556,Speed 2: Cruise Control (1997),0.0
142,5,3196,Stalag 17 (1953),0.0
142,6,1327,"Amityville Horror, The (1979)",0.0
142,7,26471,Eddie Murphy Delirious (1983),0.0
142,8,95149,Superman/Batman: Public Enemies (2009),0.0
142,9,7027,Silverado (1985),0.0
142,10,45950,"Inconvenient Truth, An (2006)",0.0
143,1,90945,"Sign of Four, The (1987)",0.0
143,2,881,First Kid (1996),0.0
143,3,1507,Paradise Road (1997),0.0
143,4,2861,For Love of the Game (1999),0.0
143,5,117368,The Madagascar Penguins in a Christmas Caper (2005),0.0
143,6,102686,"Hangover Part III, The (2013)",0.0
143,7,62834,Babylon 5: The Legend of the Rangers: To Live and Die in Starlight (2002),0.0
143,8,1660,Eve's Bayou (1997),0.0
143,9,3957,Billy Jack (1971),0.0
143,10,3700,"Brother from Another Planet, The (1984)",0.0
144,1,2205,Mr. & Mrs. Smith (1941),0.0
144,2,41527,Paradise Now (2005),0.0
144,3,27773,Old Boy (2003),0.0
144,4,1902,Dream for an Insomniac (1996),0.0
144,5,54785,Halloween (2007),0.0
144,6,90524,Abduction (2011),0.0
144,7,5171,"Time Machine, The (2002)",0.0
144,8,44004,Failure to Launch (2006),0.0
144,9,1544,"Lost World: Jurassic Park, The (1997)",0.0
144,10,59667,Nina's Heavenly Delights (2006),0.0
145,1,2425,"General, The (1998)",0.0
145,2,2587,Life (1999),0.0
145,3,1262,"Great Escape, The (1963)",0.0
145,4,5575,Alias Betty (Betty Fisher et autres histoires) (2001),0.0
145,5,26913,Street Fighter II: The Animated Movie (Sutorîto Faitâ II gekijô-ban) (1994),0.0
145,6,2460,"Texas Chainsaw Massacre 2, The (1986)",0.0
145,7,7713,Cat People (1942),0.0
145,8,4571,Bill & Ted's Excellent Adventure (1989),0.0
145,9,152173,Michael Jackson's Thriller (1983),0.0
145,10,7155,Calendar Girls (2003),0.0
146,1,44840,"Benchwarmers, The (2006)",0.0
146,2,118270,Hellbenders (2012),0.0
146,3,6033,Mystery Date (1991),0.0
146,4,113275,The Hundred-Foot Journey (2014),0.0
146,5,6078,Firefox (1982),0.0
146,6,2657,"Rocky Horror Picture Show, The (1975)",0.0
146,7,405,Highlander III: The Sorcerer (a.k.a. Highlander: The Final Dimension) (1994),0.0
146,8,4873,Waking Life (2001),0.0
146,9,4800,King Solomon's Mines (1937),0.0
146,10,1752,Hard Rain (1998),0.0
147,1,145491,Our Lips Are Sealed (2000),0.0
147,2,80693,It's Kind of a Funny Story (2010),0.0
147,3,512,"Puppet Masters, The (1994)",0.0
147,4,129937,Run All Night (2015),0.0
147,5,5308,Three Men and a Baby (1987),0.0
147,6,4068,Sugar & Spice (2001),0.0
147,7,8813,We Don't Live Here Anymore (2004),0.0
147,8,8024,"Thing Called Love, The (1993)",0.0
147,9,3953,Dr. T and the Women (2000),0.0
147,10,102590,Darkon (2006),0.0
148,1,5419,Scooby-Doo (2002),0.0
148,2,26464,Blue Thunder (1983),0.0
148,3,62956,Futurama: Bender's Game (2008),0.0
148,4,179427,Dane Cook: Troublemaker (2014),0.0
148,5,113159,Life After Beth (2014),0.0
148,6,6315,Wildcats (1986),0.0
148,7,135536,Suicide Squad (2016),0.0
148,8,90376,We Need to Talk About Kevin (2011),0.0
148,9,885,Bogus (1996),0.0
148,10,8454,Luna Papa (1999),0.0
149,1,1244,Manhattan (1979),0.0
149,2,100302,Upside Down (2012),0.0
149,3,2616,Dick Tracy (1990),0.0
149,4,1699,"Butcher Boy, The (1997)",0.0
149,5,64116,Igor (2008),0.0
149,6,2644,Dracula (1931),0.0
149,7,112290,Boyhood (2014),0.0
149,8,55245,Good Luck Chuck (2007),0.0
149,9,8765,This Gun for Hire (1942),0.0
149,10,163937,Blair Witch (2016),0.0
150,1,168350,100 Streets (2016),0.0
150,2,164707,Go Figure (2005),0.0
150,3,91126,War Horse (2011),0.0
150,4,3941,Sorority House Massacre (1986),0.0
150,5,8784,Garden State (2004),0.0
150,6,8836,Wicker Park (2004),0.0
150,7,6246,Talent for the Game (1991),0.0
150,8,5303,Joe Versus the Volcano (1990),0.0
150,9,128360,The Hateful Eight (2015),0.0
150,10,2813,"Source, The (1999)",0.0
151,1,1533,"Promise, The (La promesse) (1996)",0.0
151,2,1216,"Big Blue, The (Grand bleu, Le) (1988)",0.0
151,3,86880,Pirates of the Caribbean: On Stranger Tides (2011),0.0
151,4,6410,Car Wash (1976),0.0
151,5,1041,Secrets & Lies (1996),0.0
151,6,2574,"Out-of-Towners, The (1999)",0.0
151,7,69526,Transformers: Revenge of the Fallen (2009),0.0
151,8,26704,State of Grace (1990),0.0
151,9,69720,Hood of Horror (2006),0.0
151,10,5400,"Sum of All Fears, The (2002)",0.0
152,1,2847,Only Angels Have Wings (1939),0.0
152,2,7789,"11'09""01 - September 11 (2002)",0.0
152,3,170817,Snatched (2017),0.0
152,4,5197,Little Darlings (1980),0.0
152,5,52435,How the Grinch Stole Christmas! (1966),0.0
152,6,146024,A Man from Boulevard des Capucines (1987),0.0
152,7,96563,Paradise Lost 3: Purgatory (2011),0.0
152,8,3697,Predator 2 (1990),0.0
152,9,2683,Austin Powers: The Spy Who Shagged Me (1999),0.0
152,10,113374,"Old Lady and the Pigeons, The (La vieille dame et les pigeons) (1997)",0.0
153,1,1980,Friday the 13th Part VII: The New Blood (1988),0.0
153,2,51024,The Odyssey (1997),0.0
153,3,41712,"Room for Romeo Brass, A (1999)",0.0
153,4,1982,Halloween (1978),0.0
153,5,26542,Ewoks: The Battle for Endor (1985),0.0
153,6,3417,"Crimson Pirate, The (1952)",0.0
153,7,134214,Youth (2015),0.0
153,8,4857,Fiddler on the Roof (1971),0.0
153,9,2538,Dancemaker (1998),0.0
153,10,8529,"Terminal, The (2004)",0.0
154,1,6210,Volcano High (Whasango) (2001),0.0
154,2,6811,PCU (1994),0.0
154,3,1649,"Fast, Cheap & Out of Control (1997)",0.0
154,4,2919,"Year of Living Dangerously, The (1982)",0.0
154,5,152970,Hunt for the Wilderpeople (2016),0.0
154,6,1175,Delicatessen (1991),0.0
154,7,4595,Fat Man and Little Boy (1989),0.0
154,8,1415,"Thieves (Voleurs, Les) (1996)",0.0
154,9,5575,Alias Betty (Betty Fisher et autres histoires) (2001),0.0
154,10,39381,"Proposition, The (2005)",0.0
155,1,2422,"Karate Kid, Part III, The (1989)",0.0
155,2,94503,"Decoy Bride, The (2011)",0.0
155,3,38061,Kiss Kiss Bang Bang (2005),0.0
155,4,50003,DOA: Dead or Alive (2006),0.0
155,5,55071,No End in Sight (2007),0.0
155,6,2298,Strangeland (1998),0.0
155,7,4238,Along Came a Spider (2001),0.0
155,8,2985,RoboCop (1987),0.0
155,9,2134,Weird Science (1985),0.0
155,10,6214,Irreversible (Irréversible) (2002),0.0
156,1,8239,Viridiana (1961),0.0
156,2,6582,Remo Williams: The Adventure Begins (1985),0.0
156,3,366,"Wes Craven's New Nightmare (Nightmare on Elm Street Part 7: Freddy's Finale, A) (1994)",0.0
156,4,33435,Los Angeles Plays Itself (2003),0.0
156,5,8601,Zero de conduite (Zero for Conduct) (Zéro de conduite: Jeunes diables au collège) (1933),0.0
156,6,7843,Lammbock (2001),0.0
156,7,147380,Doctor Who: The Next Doctor (2008),0.0
156,8,8920,"Country Girl, The (1954)",0.0
156,9,1552,Con Air (1997),0.0
156,10,3925,Stranger Than Paradise (1984),0.0
157,1,573,"Ciao, Professore! (Io speriamo che me la cavo) (1992)",0.0
157,2,45658,On a Clear Day (2005),0.0
157,3,173355,Travels of an Ant (1983),0.0
157,4,32294,Milk and Honey (2003),0.0
157,5,3108,"Fisher King, The (1991)",0.0
157,6,31424,Alone in the Dark (2005),0.0
157,7,34520,"Dukes of Hazzard, The (2005)",0.0
157,8,2961,"Story of Us, The (1999)",0.0
157,9,68205,Crank: High Voltage (2009),0.0
157,10,71484,Metropia (2009),0.0
158,1,97328,Liberal Arts (2012),0.0
158,2,68194,"Damned United, The (2009)",0.0
158,3,74948,Harry Brown (2009),0.0
158,4,87194,The Way (2010),0.0
158,5,6568,Camp (2003),0.0
158,6,2504,200 Cigarettes (1999),0.0
158,7,48416,School for Scoundrels (2006),0.0
158,8,130444,Ruby Red (2013),0.0
158,9,6016,City of God (Cidade de Deus) (2002),0.0
158,10,45672,Click (2006),0.0
159,1,32296,Miss Congeniality 2: Armed and Fabulous (2005),0.0
159,2,7394,Those Magnificent Men in Their Flying Machines (1965),0.0
159,3,5961,Blue Steel (1990),0.0
159,4,62299,Alone in the Dark II (2008),0.0
159,5,161131,War Dogs (2016),0.0
159,6,4953,"People That Time Forgot, The (1977)",0.0
159,7,95311,Presto (2008),0.0
159,8,4969,And Then There Were None (1945),0.0
159,9,43549,Helter Skelter (2004),0.0
159,10,141928,Bloodsucking Bastards (2015),0.0
160,1,5680,Auto Focus (2002),0.0
160,2,74282,Anne of Green Gables: The Sequel (a.k.a. Anne of Avonlea) (1987),0.0
160,3,5477,Sex and Lucia (Lucía y el sexo) (2001),0.0
160,4,79536,Hellsinki (Rööperi) (2009),0.0
160,5,47382,Step Up (2006),0.0
160,6,128520,The Wedding Ringer (2015),0.0
160,7,3247,Sister Act (1992),0.0
160,8,1950,In the Heat of the Night (1967),0.0
160,9,1655,Phantoms (1998),0.0
160,10,2886,"Adventures of Elmo in Grouchland, The (1999)",0.0
161,1,64034,"Boy in the Striped Pajamas, The (Boy in the Striped Pyjamas, The) (2008)",0.0
161,2,117877,The Rabbi's Cat (Le chat du rabbin) (2011),0.0
161,3,5428,Cheech & Chong's The Corsican Brothers (1984),0.0
161,4,8370,"Blind Swordsman: Zatoichi, The (Zatôichi) (2003)",0.0
161,5,80549,Easy A (2010),0.0
161,6,2468,Jumpin' Jack Flash (1986),0.0
161,7,4334,Yi Yi (2000),0.0
161,8,70361,12 Rounds (2009),0.0
161,9,3813,Interiors (1978),0.0
161,10,2240,My Bodyguard (1980),0.0
162,1,99910,"Last Stand, The (2013)",0.0
162,2,8961,"Incredibles, The (2004)",0.0
162,3,2007,Polish Wedding (1998),0.0
162,4,63479,Sex Drive (2008),0.0
162,5,4047,Gettysburg (1993),0.0
162,6,1685,"I Love You, I Love You Not (1996)",0.0
162,7,3257,"Bodyguard, The (1992)",0.0
162,8,62836,Babylon 5: The Lost Tales - Voices in the Dark (2007),0.0
162,9,5218,Ice Age (2002),0.0
162,10,3598,Hamlet (2000),0.0
163,1,3127,Holy Smoke (1999),0.0
163,2,2694,Big Daddy (1999),0.0
163,3,4496,D.O.A. (1988),0.0
163,4,96917,House at the End of the Street (2012),0.0
163,5,6407,"Walk, Don't Run (1966)",0.0
163,6,2384,Babe: Pig in the City (1998),0.0
163,7,4821,Joy Ride (2001),0.0
163,8,2330,Hands on a Hard Body (1996),0.0
163,9,3635,"Spy Who Loved Me, The (1977)",0.0
163,10,6266,What a Girl Wants (2003),0.0
164,1,3577,Two Moon Junction (1988),0.0
164,2,169,Free Willy 2: The Adventure Home (1995),0.0
164,3,61348,Disaster Movie (2008),0.0
164,4,6270,Akira Kurosawa's Dreams (Dreams) (1990),0.0
164,5,4129,Made in Heaven (1987),0.0
164,6,1718,Stranger in the House (1997),0.0
164,7,109850,Need for Speed (2014),0.0
164,8,2404,Rambo III (1988),0.0
164,9,3983,You Can Count on Me (2000),0.0
164,10,4902,"Devil's Backbone, The (Espinazo del diablo, El) (2001)",0.0
165,1,37475,"Unfinished Life, An (2005)",0.0
165,2,47646,Idlewild (2006),0.0
165,3,43914,Winter Passing (2005),0.0
165,4,112175,How to Train Your Dragon 2 (2014),0.0
165,5,6887,Radio (2003),0.0
165,6,267,Major Payne (1995),0.0
165,7,190209,Jeff Ross Roasts the Border (2017),0.0
165,8,42018,Mrs. Henderson Presents (2005),0.0
165,9,122092,Guy X (2005),0.0
165,10,6330,People I Know (2002),0.0
166,1,7005,King Ralph (1991),0.0
166,2,27773,Old Boy (2003),0.0
166,3,7263,Miracle (2004),0.0
166,4,26810,Bad Boy Bubby (1993),0.0
166,5,6867,"Station Agent, The (2003)",0.0
166,6,186,Nine Months (1995),0.0
166,7,6563,Masked & Anonymous (2003),0.0
166,8,5675,Swept Away (2002),0.0
166,9,82378,All Good Things (2010),0.0
166,10,7222,Reefer Madness (a.k.a. Tell Your Children) (1938),0.0
167,1,1594,In the Company of Men (1997),0.0
167,2,911,Charade (1963),0.0
167,3,122892,Avengers: Age of Ultron (2015),0.0
167,4,84952,Confessions (Kokuhaku) (2010),0.0
167,5,2152,Air Bud: Golden Receiver (1998),0.0
167,6,55020,"Ten, The (2007)",0.0
167,7,4191,Alfie (1966),0.0
167,8,114627,Angel's Egg (Tenshi no tamago) (1985),0.0
167,9,184015,When We First Met (2018),0.0
167,10,105720,"Thief of Paris, The (Le voleur) (1967)",0.0
168,1,2272,One True Thing (1998),0.0
168,2,183611,Game Night (2018),0.0
168,3,3920,"Faraway, So Close (In weiter Ferne, so nah!) (1993)",0.0
168,4,37739,"Greatest Game Ever Played, The (2005)",0.0
168,5,75947,Mondo Cane (1962),0.0
168,6,26082,Harakiri (Seppuku) (1962),0.0
168,7,2567,EDtv (1999),0.0
168,8,2940,Gilda (1946),0.0
168,9,2836,Outside Providence (1999),0.0
168,10,4613,K-9 (1989),0.0
169,1,135803,Five Element Ninjas (1982),0.0
169,2,2365,King Kong vs. Godzilla (Kingukongu tai Gojira) (1962),0.0
169,3,55872,August Rush (2007),0.0
169,4,139644,Sicario (2015),0.0
169,5,172591,The Godfather Trilogy: 1972-1990 (1992),0.0
169,6,96110,"Campaign, The (2012)",0.0
169,7,3000,Princess Mononoke (Mononoke-hime) (1997),0.0
169,8,74688,Dear John (2010),0.0
169,9,2553,Village of the Damned (1960),0.0
169,10,3539,"Filth and the Fury, The (2000)",0.0
170,1,3654,"Guns of Navarone, The (1961)",0.0
170,2,26322,Gone in 60 Seconds (1974),0.0
170,3,62,Mr. Holland's Opus (1995),0.0
170,4,4568,Best of the Best (1989),0.0
170,5,61246,Hamlet 2 (2008),0.0
170,6,176371,Blade Runner 2049 (2017),0.0
170,7,3496,Madame Sousatzka (1988),0.0
170,8,6182,"Thrill of It All, The (1963)",0.0
170,9,6111,Paradise (1982),0.0
170,10,163985,ARQ (2016),0.0
171,1,118270,Hellbenders (2012),0.0
171,2,451,Flesh and Bone (1993),0.0
171,3,103249,World War Z (2013),0.0
171,4,4920,"Now, Voyager (1942)",0.0
171,5,26901,Last of the Dogmen (1995),0.0
171,6,26974,Gummo (1997),0.0
171,7,52,Mighty Aphrodite (1995),0.0
171,8,183635,Maze Runner: The Death Cure (2018),0.0
171,9,2841,Stir of Echoes (1999),0.0
171,10,55805,Before the Devil Knows You're Dead (2007),0.0
172,1,5424,Harvard Man (2001),0.0
172,2,4477,Big Top Pee-Wee (1988),0.0
172,3,2281,Monument Ave. (1998),0.0
172,4,26444,"Hitch Hikers Guide to the Galaxy, The (1981)",0.0
172,5,74791,"Town Called Panic, A (Panique au village) (2009)",0.0
172,6,2463,Ruthless People (1986),0.0
172,7,3073,"Sandpiper, The (1965)",0.0
172,8,2544,"School of Flesh, The (École de la chair, L') (1998)",0.0
172,9,2068,Fanny and Alexander (Fanny och Alexander) (1982),0.0
172,10,4987,Spacehunter: Adventures in the Forbidden Zone (1983),0.0
173,1,2167,Blade (1998),0.0
173,2,49651,Rocky Balboa (2006),0.0
173,3,5685,Real Women Have Curves (2002),0.0
173,4,173963,Empties (2007),0.0
173,5,139644,Sicario (2015),0.0
173,6,937,Love in the Afternoon (1957),0.0
173,7,5543,"Swarm, The (1978)",0.0
173,8,1793,Welcome to Woop-Woop (1997),0.0
173,9,3163,Topsy-Turvy (1999),0.0
173,10,3203,Dead Calm (1989),0.0
174,1,2552,My Boyfriend's Back (1993),0.0
174,2,2469,Peggy Sue Got Married (1986),0.0
174,3,2665,Earth vs. the Flying Saucers (1956),0.0
174,4,3138,Stealing Home (1988),0.0
174,5,5591,Monkey Trouble (1994),0.0
174,6,2339,I'll Be Home For Christmas (1998),0.0
174,7,91500,The Hunger Games (2012),0.0
174,8,3832,"Black Sabbath (Tre volti della paura, I) (1963)",0.0
174,9,6760,In This World (2002),0.0
174,10,2807,Universal Soldier: The Return (1999),0.0
175,1,2905,Sanjuro (Tsubaki Sanjûrô) (1962),0.0
175,2,7713,Cat People (1942),0.0
175,3,1762,Deep Rising (1998),0.0
175,4,5513,Martin Lawrence Live: Runteldat (2002),0.0
175,5,5500,Top Secret! (1984),0.0
175,6,104837,Rage of Honor (1987),0.0
175,7,3590,"Lords of Flatbush, The (1974)",0.0
175,8,266,Legends of the Fall (1994),0.0
175,9,149902,Garm Wars: The Last Druid (2014),0.0
175,10,142056,Iron Man & Hulk: Heroes United (2013),0.0
176,1,105254,Crystal Fairy & the Magical Cactus and 2012 (2013),0.0
176,2,5397,Monkey Business (1952),0.0
176,3,3255,"League of Their Own, A (1992)",0.0
176,4,2135,Doctor Dolittle (1967),0.0
176,5,959,Of Human Bondage (1934),0.0
176,6,37240,Why We Fight (2005),0.0
176,7,106438,Philomena (2013),0.0
176,8,87430,Green Lantern (2011),0.0
176,9,136355,Big Top Scooby-Doo! (2012),0.0
176,10,2764,"Thomas Crown Affair, The (1968)",0.0
177,1,90945,"Sign of Four, The (1987)",0.0
177,2,150604,Moonwalkers (2015),0.0
177,3,1703,For Richer or Poorer (1997),0.0
177,4,1476,Private Parts (1997),0.0
177,5,33815,"Perfect Man, The (2005)",0.0
177,6,84716,Castaway on the Moon (Kimssi pyoryugi) (2009),0.0
177,7,2247,Married to the Mob (1988),0.0
177,8,8782,Thunderbirds (2004),0.0
177,9,1829,Chinese Box (1997),0.0
177,10,73290,Hachiko: A Dog's Story (a.k.a. Hachi: A Dog's Tale) (2009),0.0
178,1,97172,Frankenweenie (2012),0.0
178,2,4056,"Pledge, The (2001)",0.0
178,3,77177,Wild China (2008),0.0
178,4,2138,Watership Down (1978),0.0
178,5,176621,Boniface's Holiday (1965),0.0
178,6,3108,"Fisher King, The (1991)",0.0
178,7,40966,"Libertine, The (2004)",0.0
178,8,3784,"Kid, The (2000)",0.0
178,9,1554,"Pillow Book, The (1996)",0.0
178,10,5971,My Neighbor Totoro (Tonari no Totoro) (1988),0.0
179,1,3265,Hard-Boiled (Lat sau san taam) (1992),0.0
179,2,3361,Bull Durham (1988),0.0
179,3,3834,Bronco Billy (1980),0.0
179,4,161580,Bad Moms (2016),0.0
179,5,85342,Elite Squad: The Enemy Within (Tropa de Elite 2 - O Inimigo Agora É Outro) (2010),0.0
179,6,8191,Anne of the Thousand Days (1969),0.0
179,7,72479,"Messenger, The (2009)",0.0
179,8,91860,"Way South, The (De weg naar het zuiden) (1981)",0.0
179,9,134775,Dragon Blade (2015),0.0
179,10,56060,I Served the King of England (Obsluhoval jsem anglického krále) (2006),0.0
180,1,6890,Elephant (2003),0.0
180,2,4743,Tortilla Soup (2001),0.0
180,3,51540,Zodiac (2007),0.0
180,4,45726,"You, Me and Dupree (2006)",0.0
180,5,5378,Star Wars: Episode II - Attack of the Clones (2002),0.0
180,6,175197,The Dark Tower (2017),0.0
180,7,4689,"Cat o' Nine Tails, The (Gatto a nove code, Il) (1971)",0.0
180,8,136355,Big Top Scooby-Doo! (2012),0.0
180,9,2069,"Trip to Bountiful, The (1985)",0.0
180,10,911,Charade (1963),0.0
181,1,8010,"Power of One, The (1992)",0.0
181,2,87298,Everything Must Go (2010),0.0
181,3,36527,Proof (2005),0.0
181,4,172825,Adventures of Mowgli: The Kidnapping (1968),0.0
181,5,5311,"Watcher in the Woods, The (1980)",0.0
181,6,118702,Unbroken (2014),0.0
181,7,4034,Traffic (2000),0.0
181,8,89745,"Avengers, The (2012)",0.0
181,9,7057,"Midsummer Night's Dream, A (1935)",0.0
181,10,33312,"Cocoanuts, The (1929)",0.0
182,1,157407,I Am Wrath (2016),0.0
182,2,4846,Iron Monkey (Siu nin Wong Fei-hung ji: Tit Ma Lau) (1993),0.0
182,3,140523,"Visit, The (2015)",0.0
182,4,73017,Sherlock Holmes (2009),0.0
182,5,33669,"Sisterhood of the Traveling Pants, The (2005)",0.0
182,6,322,Swimming with Sharks (1995),0.0
182,7,7450,Laws of Attraction (2004),0.0
182,8,104272,Blackfish (2013),0.0
182,9,47725,Angel-A (2005),0.0
182,10,3255,"League of Their Own, A (1992)",0.0
183,1,5838,Madame Bovary (1991),0.0
183,2,151557,Stonewall (2015),0.0
183,3,103235,"Best Offer, The (Migliore offerta, La) (2013)",0.0
183,4,8677,Flash Gordon Conquers the Universe (1940),0.0
183,5,4840,"Last Metro, The (Dernier métro, Le) (1980)",0.0
183,6,112183,Birdman: Or (The Unexpected Virtue of Ignorance) (2014),0.0
183,7,3402,Turtle Diary (1985),0.0
183,8,5465,All About Lily Chou-Chou (Riri Shushu no subete) (2001),0.0
183,9,77206,Diary of a Wimpy Kid (2010),0.0
183,10,577,Andre (1994),0.0
184,1,2946,Help! (1965),0.0
184,2,3127,Holy Smoke (1999),0.0
184,3,5508,24 Hour Party People (2002),0.0
184,4,83803,Day & Night (2010),0.0
184,5,5537,Satin Rouge (2002),0.0
184,6,301,Picture Bride (Bijo photo) (1994),0.0
184,7,8131,Pursuit of Happiness (2001),0.0
184,8,89072,Stake Land (2010),0.0
184,9,90057,Take Shelter (2011),0.0
184,10,4432,Sweet Smell of Success (1957),0.0
185,1,6958,"Haunted Mansion, The (2003)",0.0
185,2,747,"Stupids, The (1996)",0.0
185,3,6466,Mississippi Masala (1991),0.0
185,4,120813,Patton Oswalt: My Weakness Is Strong (2009),0.0
185,5,4078,Amazing Grace and Chuck (1987),0.0
185,6,46967,Scoop (2006),0.0
185,7,1602,Leave It to Beaver (1997),0.0
185,8,1312,Female Perversions (1996),0.0
185,9,2623,Trippin' (1999),0.0
185,10,201,Three Wishes (1995),0.0
186,1,3964,"Adventures of Ichabod and Mr. Toad, The (1949)",0.0
186,2,139642,Southpaw (2015),0.0
186,3,57532,Meet the Spartans (2008),0.0
186,4,99853,Codependent Lesbian Space Alien Seeks Same (2011),0.0
186,5,4565,American Ninja (1985),0.0
186,6,100487,Beautiful Creatures (2013),0.0
186,7,2331,Living Out Loud (1998),0.0
186,8,168418,The Boss Baby (2017),0.0
186,9,2334,"Siege, The (1998)",0.0
186,10,130840,Spring (2015),0.0
187,1,86781,Incendies (2010),0.0
187,2,347,Bitter Moon (1992),0.0
187,3,8458,To Each His Own (1946),0.0
187,4,1126,Drop Dead Fred (1991),0.0
187,5,27834,"Return, The (Vozvrashcheniye) (2003)",0.0
187,6,979,Nothing Personal (1995),0.0
187,7,73323,"Girl Who Kicked the Hornet's Nest, The (Luftslottet som sprängdes) (2009)",0.0
187,8,1821,"Object of My Affection, The (1998)",0.0
187,9,100390,Identity Thief (2013),0.0
187,10,1177,Enchanted April (1992),0.0
188,1,4623,Major League (1989),0.0
188,2,5786,Paid in Full (2002),0.0
188,3,6800,Cobra (1986),0.0
188,4,2207,Jamaica Inn (1939),0.0
188,5,62662,Tokyo-Ga (1985),0.0
188,6,65588,"Gamers, The: Dorkness Rising (2008)",0.0
188,7,2253,Toys (1992),0.0
188,8,6422,Shenandoah (1965),0.0
188,9,5925,"Beast Within, The (1982)",0.0
188,10,875,Nothing to Lose (1994),0.0
189,1,998,Set It Off (1996),0.0
189,2,58492,Snow Angels (2007),0.0
189,3,47950,Hollywoodland (2006),0.0
189,4,107999,Dragon ball Z 04: Lord Slug (1991),0.0
189,5,58025,Jumper (2008),0.0
189,6,117511,Hello Ladies: The Movie (2014),0.0
189,7,4343,Evolution (2001),0.0
189,8,117368,The Madagascar Penguins in a Christmas Caper (2005),0.0
189,9,81681,I Shot Jesse James (1949),0.0
189,10,157369,Bakuman (2015),0.0
190,1,4454,More (1998),0.0
190,2,3206,Against All Odds (1984),0.0
190,3,3699,Starman (1984),0.0
190,4,26713,Days of Being Wild (A Fei jingjyuhn) (1990),0.0
190,5,41573,"Family Stone, The (2005)",0.0
190,6,3827,Space Cowboys (2000),0.0
190,7,6350,Laputa: Castle in the Sky (Tenkû no shiro Rapyuta) (1986),0.0
190,8,3758,Communion (1989),0.0
190,9,175401,Wolf and Calf (1984),0.0
190,10,25855,"Roaring Twenties, The (1939)",0.0
191,1,5706,...All the Marbles (1981),0.0
191,2,57522,First Sunday (2008),0.0
191,3,26283,Charley Varrick (1973),0.0
191,4,6460,"Trial, The (Procès, Le) (1962)",0.0
191,5,709,Oliver & Company (1988),0.0
191,6,77931,Stingray Sam (2009),0.0
191,7,1042,That Thing You Do! (1996),0.0
191,8,6263,Basic (2003),0.0
191,9,34536,The Great Raid (2005),0.0
191,10,1219,Psycho (1960),0.0
192,1,99764,It's Such a Beautiful Day (2012),0.0
192,2,433,Clean Slate (1994),0.0
192,3,6707,Cabin Fever (2002),0.0
192,4,161594,Kingsglaive: Final Fantasy XV (2016),0.0
192,5,80219,Machete (2010),0.0
192,6,8835,Paparazzi (2004),0.0
192,7,7302,"Thief of Bagdad, The (1924)",0.0
192,8,8677,Flash Gordon Conquers the Universe (1940),0.0
192,9,1083,"Great Race, The (1965)",0.0
192,10,6870,Mystic River (2003),0.0
193,1,189333,Mission: Impossible - Fallout (2018),0.0
193,2,53972,Live Free or Die Hard (2007),0.0
193,3,72378,2012 (2009),0.0
193,4,1581,Out to Sea (1997),0.0
193,5,7013,"Night of the Hunter, The (1955)",0.0
193,6,7832,"Thin Man Goes Home, The (1945)",0.0
193,7,138610,The Gallows (2015),0.0
193,8,7802,"Warriors, The (1979)",0.0
193,9,5644,"Pride of the Yankees, The (1942)",0.0
193,10,928,Rebecca (1940),0.0
194,1,6,Heat (1995),0.0
194,2,4903,In the Bedroom (2001),0.0
194,3,1934,You Can't Take It with You (1938),0.0
194,4,2822,Medicine Man (1992),0.0
194,5,5984,"Story of O, The (Histoire d'O) (1975)",0.0
194,6,2369,Desperately Seeking Susan (1985),0.0
194,7,6122,Richard Pryor Live on the Sunset Strip (1982),0.0
194,8,27869,Tae Guk Gi: The Brotherhood of War (Taegukgi hwinalrimyeo) (2004),0.0
194,9,1233,"Boot, Das (Boat, The) (1981)",0.0
194,10,48082,"Science of Sleep, The (La science des rêves) (2006)",0.0
195,1,5582,Captain Ron (1992),0.0
195,2,5684,Naqoyqatsi (2002),0.0
195,3,4462,18 Again! (1988),0.0
195,4,2622,William Shakespeare's A Midsummer Night's Dream (1999),0.0
195,5,148888,Zoolander 2 (2016),0.0
195,6,1387,Jaws (1975),0.0
195,7,44665,Lucky Number Slevin (2006),0.0
195,8,165635,The Thinning (2016),0.0
195,9,48516,"Departed, The (2006)",0.0
195,10,2280,Clay Pigeons (1998),0.0
196,1,7303,The Diary of Anne Frank (1959),0.0
196,2,4796,"Grass Is Greener, The (1960)",0.0
196,3,190213,John From (2015),0.0
196,4,93988,North & South (2004),0.0
196,5,2906,Random Hearts (1999),0.0
196,6,2064,Roger & Me (1989),0.0
196,7,105540,"All Dogs Christmas Carol, An (1998)",0.0
196,8,69712,My Sister's Keeper (2009),0.0
196,9,7143,"Last Samurai, The (2003)",0.0
196,10,78893,"Last Airbender, The (2010)",0.0
197,1,1399,Marvin's Room (1996),0.0
197,2,5532,Amy's O (a.k.a. Amy's Orgasm) (2001),0.0
197,3,68952,Drag Me to Hell (2009),0.0
197,4,97,"Hate (Haine, La) (1995)",0.0
197,5,46335,"Fast and the Furious: Tokyo Drift, The (Fast and the Furious 3, The) (2006)",0.0
197,6,4523,Milagro Beanfield War (1988),0.0
197,7,109596,Wrinkles (Arrugas) (2011),0.0
197,8,143385,Bridge of Spies (2015),0.0
197,9,179511,Emerald Green (2016),0.0
197,10,8261,3 Women (Three Women) (1977),0.0
198,1,137595,Magic Mike XXL (2015),0.0
198,2,3276,Gun Shy (2000),0.0
198,3,132488,Lovesick (2014),0.0
198,4,31116,Sergeant York (1941),0.0
198,5,92760,"Atomic Brain, The (1963)",0.0
198,6,6656,Attack of the Puppet People (1958),0.0
198,7,175585,Shot Caller (2017),0.0
198,8,162350,The Magnificent Seven (2016),0.0
198,9,6493,Alex and Emma (2003),0.0
198,10,175707,A German Life (2016),0.0
199,1,5991,Chicago (2002),0.0
199,2,27882,Riding Giants (2004),0.0
199,3,95717,Treasure Island (2012),0.0
199,4,4573,Blaze (1989),0.0
199,5,58870,Zebraman (2004),0.0
199,6,4616,Lean on Me (1989),0.0
199,7,6242,Ringu (Ring) (1998),0.0
199,8,5915,Victory (a.k.a. Escape to Victory) (1981),0.0
199,9,48394,"Pan's Labyrinth (Laberinto del fauno, El) (2006)",0.0
199,10,79501,Deadly Outlaw: Rekka (a.k.a. Violent Fire) (Jitsuroku Andô Noboru kyôdô-den: Rekka) (2002),0.0
200,1,171631,Maria Bamford: Old Baby,0.0
200,2,4233,Tomcats (2001),0.0
200,3,26176,Titicut Follies (1967),0.0
200,4,3016,Creepshow (1982),0.0
200,5,175485,Death Note (2017),0.0
200,6,1465,Rosewood (1997),0.0
200,7,247,Heavenly Creatures (1994),0.0
200,8,2366,King Kong (1933),0.0
200,9,82053,Casino Jack (2010),0.0
200,10,1365,Ridicule (1996),0.0
201,1,8125,Sunrise: A Song of Two Humans (1927),0.0
201,2,1349,Vampire in Venice (Nosferatu a Venezia) (Nosferatu in Venice) (1986),0.0
201,3,2109,"Jerk, The (1979)",0.0
201,4,27816,Saints and Soldiers (2003),0.0
201,5,139640,Ooops! Noah is Gone... (2015),0.0
201,6,34338,"Aristocrats, The (2005)",0.0
201,7,258,"Kid in King Arthur's Court, A (1995)",0.0
201,8,105755,"Counselor, The (2013)",0.0
201,9,265,Like Water for Chocolate (Como agua para chocolate) (1992),0.0
201,10,93840,"Cabin in the Woods, The (2012)",0.0
202,1,132362,Patlabor 2: The Movie (1993),0.0
202,2,4855,Dirty Harry (1971),0.0
202,3,2587,Life (1999),0.0
202,4,141,"Birdcage, The (1996)",0.0
202,5,127134,A Walk in the Woods (2015),0.0
202,6,26510,"Ewok Adventure, The (a.k.a. Caravan of Courage: An Ewok Adventure) (1984)",0.0
202,7,34326,Last Days (2005),0.0
202,8,60030,Spiral (2007),0.0
202,9,26587,"Decalogue, The (Dekalog) (1989)",0.0
202,10,1902,Dream for an Insomniac (1996),0.0
203,1,7179,Wuthering Heights (1992),0.0
203,2,4801,"Little Foxes, The (1941)",0.0
203,3,84392,"Lincoln Lawyer, The (2011)",0.0
203,4,26131,"Battle of Algiers, The (La battaglia di Algeri) (1966)",0.0
203,5,157699,Snowden (2016),0.0
203,6,137859,Dragon Ball Z Gaiden: The Plot to Destroy the Saiyans (1993),0.0
203,7,160836,Hazard (2005),0.0
203,8,3933,"Killer Shrews, The (1959)",0.0
203,9,113280,White Frog (2012),0.0
203,10,6958,"Haunted Mansion, The (2003)",0.0
204,1,44004,Failure to Launch (2006),0.0
204,2,6238,Green Card (1990),0.0
204,3,8738,"Woman Is a Woman, A (femme est une femme, Une) (1961)",0.0
204,4,7993,"Bucket Of Blood, A (1959)",0.0
204,5,47404,Mind Game (2004),0.0
204,6,34292,Hardware (1990),0.0
204,7,210,Wild Bill (1995),0.0
204,8,3203,Dead Calm (1989),0.0
204,9,4259,"Luzhin Defence, The (2000)",0.0
204,10,86068,Films to Keep You Awake: The Christmas Tale (Películas para no dormir: Cuento de navidad) (2005),0.0
205,1,2329,American History X (1998),0.0
205,2,26903,Whisper of the Heart (Mimi wo sumaseba) (1995),0.0
205,3,5694,Staying Alive (1983),0.0
205,4,6537,Terminator 3: Rise of the Machines (2003),0.0
205,5,111146,Alpha and Omega 3: The Great Wolf Games (2014),0.0
205,6,477,What's Love Got to Do with It? (1993),0.0
205,7,2891,"Happy, Texas (1999)",0.0
205,8,2120,Needful Things (1993),0.0
205,9,3168,Easy Rider (1969),0.0
205,10,59727,"Strangers, The (2008)",0.0
206,1,217,"Babysitter, The (1995)",0.0
206,2,140162,Love (2015),0.0
206,3,141830,Unbelievable Adventures of Italians in Russia (1974),0.0
206,4,3983,You Can Count on Me (2000),0.0
206,5,156,Blue in the Face (1995),0.0
206,6,7926,High and Low (Tengoku to jigoku) (1963),0.0
206,7,8456,Investigation of a Citizen Above Suspicion (Indagine su un cittadino al di sopra di ogni sospetto) (1970),0.0
206,8,114044,Honeymoon (2014),0.0
206,9,157172,Wizards of the Lost Kingdom II (1989),0.0
206,10,7584,Woman of the Year (1942),0.0
207,1,37240,Why We Fight (2005),0.0
207,2,5810,8 Mile (2002),0.0
207,3,89427,Shark Night 3D (2011),0.0
207,4,839,"Crow: City of Angels, The (1996)",0.0
207,5,7008,Last Tango in Paris (Ultimo tango a Parigi) (1972),0.0
207,6,105585,Machete Kills (Machete 2) (2013),0.0
207,7,1004,"Glimmer Man, The (1996)",0.0
207,8,726,Last Dance (1996),0.0
207,9,36525,Just Like Heaven (2005),0.0
207,10,147250,The Adventures of Sherlock Holmes and Doctor Watson,0.0
208,1,8827,"Bill Cosby, Himself (1983)",0.0
208,2,8136,Indestructible Man (1956),0.0
208,3,4093,Cop (1988),0.0
208,4,7618,Chaplin (1992),0.0
208,5,6870,Mystic River (2003),0.0
208,6,105250,"Century of the Self, The (2002)",0.0
208,7,70703,Christopher Columbus: The Discovery (1992),0.0
208,8,69131,Killshot (2008),0.0
208,9,2393,Star Trek: Insurrection (1998),0.0
208,10,141688,Legend (2015),0.0
209,1,152081,Zootopia (2016),0.0
209,2,70206,"Collector, The (2009)",0.0
209,3,109483,That Awkward Moment (2014),0.0
209,4,31297,Gold Diggers of 1935 (1935),0.0
209,5,2794,European Vacation (aka National Lampoon's European Vacation) (1985),0.0
209,6,7981,Infernal Affairs (Mou gaan dou) (2002),0.0
209,7,71494,"Haunted World of El Superbeasto, The (2009)",0.0
209,8,6691,Dust (2001),0.0
209,9,149144,Parasyte: Part 1 (2014),0.0
209,10,1255,Bad Taste (1987),0.0
210,1,8607,Tokyo Godfathers (2003),0.0
210,2,1220,"Blues Brothers, The (1980)",0.0
210,3,58627,Never Back Down (2008),0.0
210,4,6379,Wrong Turn (2003),0.0
210,5,1601,Hoodlum (1997),0.0
210,6,3328,Ghost Dog: The Way of the Samurai (1999),0.0
210,7,1982,Halloween (1978),0.0
210,8,46231,Stoned (2005),0.0
210,9,176751,American Made (2017),0.0
210,10,140265,George Carlin: Jammin' in New York (1992),0.0
211,1,1882,Godzilla (1998),0.0
211,2,71211,"Informant!, The (2009)",0.0
211,3,287,Nina Takes a Lover (1994),0.0
211,4,78160,Ricky Gervais Live: Animals (2003),0.0
211,5,4434,"10th Victim, The (La decima vittima) (1965)",0.0
211,6,7647,Noises Off... (1992),0.0
211,7,7943,"Killers, The (1946)",0.0
211,8,78316,Letters to Juliet (2010),0.0
211,9,104780,"Mystery of the Third Planet, The (Tayna tretey planety) (1981)",0.0
211,10,3727,Near Dark (1987),0.0
212,1,3671,Blazing Saddles (1974),0.0
212,2,7033,"Secret of My Succe$s, The (a.k.a. The Secret of My Success) (1987)",0.0
212,3,2416,Back to School (1986),0.0
212,4,3503,Solaris (Solyaris) (1972),0.0
212,5,117590,Horrible Bosses 2 (2014),0.0
212,6,2010,Metropolis (1927),0.0
212,7,56869,Drained (O cheiro do Ralo) (2006),0.0
212,8,1477,Love Jones (1997),0.0
212,9,4632,"Package, The (1989)",0.0
212,10,1887,Almost Heroes (1998),0.0
213,1,58107,Step Up 2 the Streets (2008),0.0
213,2,352,Crooklyn (1994),0.0
213,3,3667,Rent-A-Cop (1988),0.0
213,4,5735,Faces of Death (1978),0.0
213,5,59014,Superhero Movie (2008),0.0
213,6,5975,War and Peace (1956),0.0
213,7,3512,Return to Me (2000),0.0
213,8,8695,"Bachelor and the Bobby-Soxer, The (1947)",0.0
213,9,36529,Lord of War (2005),0.0
213,10,8012,Kikujiro (Kikujirô no natsu) (1999),0.0
214,1,94985,Get the Gringo (2012),0.0
214,2,104863,What If (2013),0.0
214,3,69,Friday (1995),0.0
214,4,6577,Kickboxer 2: The Road Back (1991),0.0
214,5,4256,"Center of the World, The (2001)",0.0
214,6,3243,Encino Man (1992),0.0
214,7,5092,Big Fat Liar (2002),0.0
214,8,5409,Rapid Fire (1992),0.0
214,9,4441,Game of Death (1978),0.0
214,10,81535,Saw VII 3D - The Final Chapter (2010),0.0
215,1,107449,"Muppet Christmas: Letters to Santa, A (2008)",0.0
215,2,1269,Arsenic and Old Lace (1944),0.0
215,3,72921,Snow White (1916),0.0
215,4,1303,"Man Who Would Be King, The (1975)",0.0
215,5,149406,Kung Fu Panda 3 (2016),0.0
215,6,101884,Dark Tide (2012),0.0
215,7,4312,Himalaya (Himalaya - l'enfance d'un chef) (1999),0.0
215,8,5949,Intact (Intacto) (2001),0.0
215,9,88125,Harry Potter and the Deathly Hallows: Part 2 (2011),0.0
215,10,254,Jefferson in Paris (1995),0.0
216,1,5055,Dragon: The Bruce Lee Story (1993),0.0
216,2,477,What's Love Got to Do with It? (1993),0.0
216,3,6535,"Legally Blonde 2: Red, White & Blonde (2003)",0.0
216,4,174479,Unedited Footage of a Bear (2014),0.0
216,5,45635,"Notorious Bettie Page, The (2005)",0.0
216,6,141994,Saving Christmas (2014),0.0
216,7,161582,Hell or High Water (2016),0.0
216,8,3641,"Woman of Paris, A (1923)",0.0
216,9,173253,Vir Das: Abroad Understanding (2017),0.0
216,10,73266,Youth in Revolt (2009),0.0
217,1,2420,"Karate Kid, The (1984)",0.0
217,2,4880,Life as a House (2001),0.0
217,3,106594,Red Flag (2012),0.0
217,4,172591,The Godfather Trilogy: 1972-1990 (1992),0.0
217,5,46,How to Make an American Quilt (1995),0.0
217,6,7060,Jesus Christ Superstar (1973),0.0
217,7,7702,"Bells of St. Mary's, The (1945)",0.0
217,8,1208,Apocalypse Now (1979),0.0
217,9,8738,"Woman Is a Woman, A (femme est une femme, Une) (1961)",0.0
217,10,1625,"Game, The (1997)",0.0
218,1,3476,Jacob's Ladder (1990),0.0
218,2,71108,"White Ribbon, The (Das weiße Band) (2009)",0.0
218,3,513,Radioland Murders (1994),0.0
218,4,7372,Ned Kelly (2003),0.0
218,5,1183,"English Patient, The (1996)",0.0
218,6,89305,"Inbetweeners Movie, The (2011)",0.0
218,7,5951,Morvern Callar (2002),0.0
218,8,92,Mary Reilly (1996),0.0
218,9,142196,Cornered! (2009),0.0
218,10,8910,I Heart Huckabees (2004),0.0
219,1,110553,The Amazing Spider-Man 2 (2014),0.0
219,2,1799,Suicide Kings (1997),0.0
219,3,3786,But I'm a Cheerleader (1999),0.0
219,4,2255,Young Doctors in Love (1982),0.0
219,5,112804,I Origins (2014),0.0
219,6,5959,Narc (2002),0.0
219,7,5506,Blood Work (2002),0.0
219,8,6624,Agent Cody Banks (2003),0.0
219,9,4492,Critters (1986),0.0
219,10,8713,"New Adventures of Pippi Longstocking, The (1988)",0.0
220,1,68157,Inglourious Basterds (2009),0.0
220,2,5425,Dark Blue World (Tmavomodrý svet) (2001),0.0
220,3,55687,My Kid Could Paint That (2007),0.0
220,4,6753,Secondhand Lions (2003),0.0
220,5,26527,What Have I Done to Deserve This? (¿Qué he hecho yo para merecer esto!!) (1984),0.0
220,6,2408,Cocoon: The Return (1988),0.0
220,7,7646,Rose Red (2002),0.0
220,8,5066,"Walk to Remember, A (2002)",0.0
220,9,56915,"Water Horse: Legend of the Deep, The (2007)",0.0
220,10,2652,"Curse of Frankenstein, The (1957)",0.0
221,1,2907,Superstar (1999),0.0
221,2,4994,"Majestic, The (2001)",0.0
221,3,3635,"Spy Who Loved Me, The (1977)",0.0
221,4,130452,While We're Young (2014),0.0
221,5,1396,Sneakers (1992),0.0
221,6,476,"Inkwell, The (1994)",0.0
221,7,52715,Kickin It Old Skool (2007),0.0
221,8,27708,Helen of Troy (2003),0.0
221,9,108540,Ernest & Célestine (Ernest et Célestine) (2012),0.0
221,10,668,Song of the Little Road (Pather Panchali) (1955),0.0
222,1,2974,Bats (1999),0.0
222,2,3112,'night Mother (1986),0.0
222,3,147326,The Adventures of Sherlock Holmes and Doctor Watson: King of Blackmailers (1980),0.0
222,4,132800,Welcome to Me (2014),0.0
222,5,4591,Erik the Viking (1989),0.0
222,6,1754,Fallen (1998),0.0
222,7,74948,Harry Brown (2009),0.0
222,8,3916,Remember the Titans (2000),0.0
222,9,55805,Before the Devil Knows You're Dead (2007),0.0
222,10,94325,"Lucky One, The (2012)",0.0
223,1,1431,Beverly Hills Ninja (1997),0.0
223,2,8507,Freaks (1932),0.0
223,3,2348,Sid and Nancy (1986),0.0
223,4,98623,Winners and Sinners (Qi mou miao ji: Wu fu xing) (1983),0.0
223,5,2145,Pretty in Pink (1986),0.0
223,6,37382,Domino (2005),0.0
223,7,87520,Transformers: Dark of the Moon (2011),0.0
223,8,6465,Jubilee (1977),0.0
223,9,8275,College (1927),0.0
223,10,7986,Robot Jox (1990),0.0
224,1,98239,Red Dawn (2012),0.0
224,2,1385,Under Siege (1992),0.0
224,3,4723,"Deep End, The (2001)",0.0
224,4,3616,Loser (2000),0.0
224,5,3626,8 ½ Women (a.k.a. 8 1/2 Women) (a.k.a. Eight and a Half Women) (1999),0.0
224,6,363,"Wonderful, Horrible Life of Leni Riefenstahl, The (Macht der Bilder: Leni Riefenstahl, Die) (1993)",0.0
224,7,3145,Cradle Will Rock (1999),0.0
224,8,4466,Above the Law (1988),0.0
224,9,3696,Night of the Creeps (1986),0.0
224,10,80126,"American, The (2010)",0.0
225,1,1178,Paths of Glory (1957),0.0
225,2,2682,Limbo (1999),0.0
225,3,79536,Hellsinki (Rööperi) (2009),0.0
225,4,3864,Godzilla 2000 (Gojira ni-sen mireniamu) (1999),0.0
225,5,33677,Rock School (2005),0.0
225,6,2985,RoboCop (1987),0.0
225,7,180297,The Disaster Artist (2017),0.0
225,8,4366,Atlantis: The Lost Empire (2001),0.0
225,9,32898,"Trip to the Moon, A (Voyage dans la lune, Le) (1902)",0.0
225,10,285,Beyond Bedlam (1993),0.0
226,1,85438,Jane Eyre (2011),0.0
226,2,106542,Charlie Countryman (2013),0.0
226,3,1713,Mouse Hunt (1997),0.0
226,4,74727,Gentlemen of Fortune (Dzhentlmeny udachi) (1972),0.0
226,5,88163,"Crazy, Stupid, Love. (2011)",0.0
226,6,943,"Ghost and Mrs. Muir, The (1947)",0.0
226,7,7234,"Strada, La (1954)",0.0
226,8,6480,Thoroughly Modern Millie (1967),0.0
226,9,128908,Cloudburst (2011),0.0
226,10,2377,Lifeforce (1985),0.0
227,1,183295,Insidious: The Last Key (2018),0.0
227,2,140852,964 Pinocchio (1991),0.0
227,3,1755,Shooting Fish (1997),0.0
227,4,6315,Wildcats (1986),0.0
227,5,82854,Gulliver's Travels (2010),0.0
227,6,417,Barcelona (1994),0.0
227,7,50160,Miss Potter (2006),0.0
227,8,1219,Psycho (1960),0.0
227,9,383,Wyatt Earp (1994),0.0
227,10,3615,Dinosaur (2000),0.0
228,1,77667,MacGruber (2010),0.0
228,2,477,What's Love Got to Do with It? (1993),0.0
228,3,5745,"Four Seasons, The (1981)",0.0
228,4,51498,2001 Maniacs (2005),0.0
228,5,1261,Evil Dead II (Dead by Dawn) (1987),0.0
228,6,6691,Dust (2001),0.0
228,7,106540,Delivery Man (2013),0.0
228,8,172233,The Prime Gig (2000),0.0
228,9,6412,Destry Rides Again (1939),0.0
228,10,3624,Shanghai Noon (2000),0.0
229,1,5882,Treasure Planet (2002),0.0
229,2,7382,I'm Not Scared (Io non ho paura) (2003),0.0
229,3,124273,Kevin Smith: Too Fat For 40 (2010),0.0
229,4,73386,Staten Island (2009),0.0
229,5,4370,A.I. Artificial Intelligence (2001),0.0
229,6,109895,Bad Words (2013),0.0
229,7,6027,Dogfight (1991),0.0
229,8,685,It's My Party (1996),0.0
229,9,136020,Spectre (2015),0.0
229,10,79501,Deadly Outlaw: Rekka (a.k.a. Violent Fire) (Jitsuroku Andô Noboru kyôdô-den: Rekka) (2002),0.0
230,1,7072,Stagecoach (1939),0.0
230,2,25769,"Steamboat Bill, Jr. (1928)",0.0
230,3,5797,"Company of Wolves, The (1984)",0.0
230,4,3412,"Bear, The (Ours, L') (1988)",0.0
230,5,26649,Lonesome Dove (1989),0.0
230,6,164753,Anything for Love (2016),0.0
230,7,167706,Shakespeare Behind Bars (2005),0.0
230,8,85,Angels and Insects (1995),0.0
230,9,98585,Hitchcock (2012),0.0
230,10,55067,Requiem (2006),0.0
231,1,3973,Book of Shadows: Blair Witch 2 (2000),0.0
231,2,27772,Ju-on: The Grudge (2002),0.0
231,3,25996,"Star Is Born, A (1954)",0.0
231,4,2174,Beetlejuice (1988),0.0
231,5,4153,Down to Earth (2001),0.0
231,6,3445,Eyes of Laura Mars (1978),0.0
231,7,96471,Prime Suspect 3 (1993),0.0
231,8,2948,From Russia with Love (1963),0.0
231,9,2240,My Bodyguard (1980),0.0
231,10,142020,Oscar (1967),0.0
232,1,828,"Adventures of Pinocchio, The (1996)",0.0
232,2,870,Gone Fishin' (1997),0.0
232,3,3703,"Road Warrior, The (Mad Max 2) (1981)",0.0
232,4,3243,Encino Man (1992),0.0
232,5,2297,What Dreams May Come (1998),0.0
232,6,7316,Confessions of a Teenage Drama Queen (2004),0.0
232,7,100397,"ABCs of Death, The (2012)",0.0
232,8,31364,Memories of Murder (Salinui chueok) (2003),0.0
232,9,141,"Birdcage, The (1996)",0.0
232,10,7382,I'm Not Scared (Io non ho paura) (2003),0.0
233,1,27837,Flight of the Phoenix (2004),0.0
233,2,6817,"White Hunter, Black Heart (1990)",0.0
233,3,2070,Tender Mercies (1983),0.0
233,4,4240,Just Visiting (2001),0.0
233,5,1583,"Simple Wish, A (1997)",0.0
233,6,4397,Cannonball Run II (1984),0.0
233,7,7122,King of Hearts (1966),0.0
233,8,67186,"Haunting in Connecticut, The (2009)",0.0
233,9,3408,Erin Brockovich (2000),0.0
233,10,6302,Beginning of the End (1957),0.0
234,1,1194,Cheech and Chong's Up in Smoke (1978),0.0
234,2,7150,Stuck on You (2003),0.0
234,3,128736,I'm Here (2010),0.0
234,4,85259,Winnie the Pooh and the Honey Tree (1966),0.0
234,5,142448,Everest (2015),0.0
234,6,1554,"Pillow Book, The (1996)",0.0
234,7,31410,"Downfall (Untergang, Der) (2004)",0.0
234,8,139642,Southpaw (2015),0.0
234,9,138632,Tokyo Tribe (2014),0.0
234,10,51937,"Hills Have Eyes II, The (2007)",0.0
235,1,128089,Kevin Hart: I'm a Grown Little Man (2009),0.0
235,2,931,Spellbound (1945),0.0
235,3,6994,"Hard Way, The (1991)",0.0
235,4,8985,Blade: Trinity (2004),0.0
235,5,2524,"Towering Inferno, The (1974)",0.0
235,6,63131,Role Models (2008),0.0
235,7,109374,"Grand Budapest Hotel, The (2014)",0.0
235,8,36708,Family Guy Presents Stewie Griffin: The Untold Story (2005),0.0
235,9,4066,I'm Gonna Git You Sucka (1988),0.0
235,10,3361,Bull Durham (1988),0.0
236,1,5530,Simone (S1m0ne) (2002),0.0
236,2,1211,"Wings of Desire (Himmel über Berlin, Der) (1987)",0.0
236,3,75947,Mondo Cane (1962),0.0
236,4,91860,"Way South, The (De weg naar het zuiden) (1981)",0.0
236,5,7096,Rivers and Tides (2001),0.0
236,6,106100,Dallas Buyers Club (2013),0.0
236,7,115149,John Wick (2014),0.0
236,8,155589,Noin 7 veljestä (1968),0.0
236,9,1801,"Man in the Iron Mask, The (1998)",0.0
236,10,120807,John Mulaney: New In Town (2012),0.0
237,1,6787,All the President's Men (1976),0.0
237,2,3424,Do the Right Thing (1989),0.0
237,3,52950,Day Watch (Dnevnoy dozor) (2006),0.0
237,4,2443,Playing by Heart (1998),0.0
237,5,60516,Meet Dave (2008),0.0
237,6,4929,"Toy, The (1982)",0.0
237,7,2553,Village of the Damned (1960),0.0
237,8,8772,"Spy Who Came in from the Cold, The (1965)",0.0
237,9,5248,Smokey and the Bandit III (1983),0.0
237,10,3313,Class Reunion (1982),0.0
238,1,3470,Dersu Uzala (1975),0.0
238,2,30810,"Life Aquatic with Steve Zissou, The (2004)",0.0
238,3,3925,Stranger Than Paradise (1984),0.0
238,4,194,Smoke (1995),0.0
238,5,3788,Blow-Up (Blowup) (1966),0.0
238,6,84374,No Strings Attached (2011),0.0
238,7,5127,Dragonfly (2002),0.0
238,8,165347,Jack Reacher: Never Go Back (2016),0.0
238,9,8119,Crossroads (1986),0.0
238,10,1602,Leave It to Beaver (1997),0.0
239,1,1255,Bad Taste (1987),0.0
239,2,176419,Mother! (2017),0.0
239,3,93598,"Snowtown (Snowtown Murders, The) (2011)",0.0
239,4,227,Drop Zone (1994),0.0
239,5,351,"Corrina, Corrina (1994)",0.0
239,6,1730,Kundun (1997),0.0
239,7,6732,"Hello, Dolly! (1969)",0.0
239,8,8830,Anacondas: The Hunt for the Blood Orchid (2004),0.0
239,9,6465,Jubilee (1977),0.0
239,10,26649,Lonesome Dove (1989),0.0
240,1,103865,Revenge for Jolly! (2012),0.0
240,2,31867,Man of the House (2005),0.0
240,3,37741,Capote (2005),0.0
240,4,6515,You Only Live Once (1937),0.0
240,5,113207,Get on Up (2014),0.0
240,6,140850,Every Secret Thing (2014),0.0
240,7,8371,"Chronicles of Riddick, The (2004)",0.0
240,8,79251,"Serbian Film, A (Srpski film) (2010)",0.0
240,9,649,Cold Fever (Á köldum klaka) (1995),0.0
240,10,44613,Take the Lead (2006),0.0
241,1,5836,Houseboat (1958),0.0
241,2,234,Exit to Eden (1994),0.0
241,3,4463,1969 (1988),0.0
241,4,4030,Dracula 2000 (2000),0.0
241,5,62008,Dead Fury (2008),0.0
241,6,127172,A Story of Children and Film (2013),0.0
241,7,2644,Dracula (1931),0.0
241,8,2432,Stepmom (1998),0.0
241,9,7071,"Woman Under the Influence, A (1974)",0.0
241,10,62293,"Duchess, The (2008)",0.0
242,1,2540,"Corruptor, The (1999)",0.0
242,2,27879,DiG! (2004),0.0
242,3,33826,Saint Ralph (2004),0.0
242,4,4037,House of Games (1987),0.0
242,5,2179,Topaz (1969),0.0
242,6,63992,Twilight (2008),0.0
242,7,2812,In Too Deep (1999),0.0
242,8,3836,Kelly's Heroes (1970),0.0
242,9,34520,"Dukes of Hazzard, The (2005)",0.0
242,10,168254,Kong: Skull Island (2017),0.0
243,1,7076,Bullitt (1968),0.0
243,2,6869,Bus 174 (Ônibus 174) (2002),0.0
243,3,70708,Tetro (2009),0.0
243,4,79185,Knight and Day (2010),0.0
243,5,2764,"Thomas Crown Affair, The (1968)",0.0
243,6,4124,Jaws: The Revenge (1987),0.0
243,7,177615,Lady Bird (2017),0.0
243,8,158966,Captain Fantastic (2016),0.0
243,9,154065,Dad's Army (2016),0.0
243,10,3134,Grand Illusion (La grande illusion) (1937),0.0
244,1,5446,Rabbit-Proof Fence (2002),0.0
244,2,184245,De platte jungle (1978),0.0
244,3,40412,Dead Man's Shoes (2004),0.0
244,4,32649,"Special Day, A (Giornata particolare, Una) (1977)",0.0
244,5,99122,I Bought a Vampire Motorcycle (1990),0.0
244,6,5321,"Triumph of Love, The (2001)",0.0
244,7,32,Twelve Monkeys (a.k.a. 12 Monkeys) (1995),0.0
244,8,128087,Trinity and Sartana Are Coming (1972),0.0
244,9,1034,Freeway (1996),0.0
244,10,45081,Silent Hill (2006),0.0
245,1,136654,The Face of an Angel (2015),0.0
245,2,360,I Love Trouble (1994),0.0
245,3,300,Quiz Show (1994),0.0
245,4,157775,Tenchi Muyô! In Love (1996),0.0
245,5,103502,"Knot, The (2012)",0.0
245,6,5540,Clash of the Titans (1981),0.0
245,7,7223,D.O.A. (1950),0.0
245,8,37444,Frankenstein 90 (1984),0.0
245,9,97988,"Bay, The (2012)",0.0
245,10,848,"Spitfire Grill, The (1996)",0.0
246,1,5872,Die Another Day (2002),0.0
246,2,2056,In Search of the Castaways (1962),0.0
246,3,7257,"Big Bounce, The (2004)",0.0
246,4,27549,Dead or Alive: Final (2002),0.0
246,5,2572,10 Things I Hate About You (1999),0.0
246,6,4084,Beverly Hills Cop II (1987),0.0
246,7,101864,Oblivion (2013),0.0
246,8,1755,Shooting Fish (1997),0.0
246,9,26854,"Darkman II: Return of Durant, The (1995)",0.0
246,10,5065,"Mothman Prophecies, The (2002)",0.0
247,1,60684,Watchmen (2009),0.0
247,2,4959,"Affair of the Necklace, The (2001)",0.0
247,3,49772,"Painted Veil, The (2006)",0.0
247,4,902,Breakfast at Tiffany's (1961),0.0
247,5,26585,"Better Tomorrow, A (Ying hung boon sik) (1986)",0.0
247,6,100553,Frozen Planet (2011),0.0
247,7,25825,Fury (1936),0.0
247,8,2264,We're No Angels (1989),0.0
247,9,4285,Frankie and Johnny (1991),0.0
247,10,901,Funny Face (1957),0.0
248,1,101076,G.I. Joe: Retaliation (2013),0.0
248,2,1140,Entertaining Angels: The Dorothy Day Story (1996),0.0
248,3,109687,Particle Fever (2013),0.0
248,4,119218,The Punisher: Dirty Laundry (2012),0.0
248,5,3922,Bikini Beach (1964),0.0
248,6,8748,"Yesterday, Today and Tomorrow (Ieri, oggi, domani) (1963)",0.0
248,7,953,It's a Wonderful Life (1946),0.0
248,8,62799,"Express, The (2008)",0.0
248,9,270,Love Affair (1994),0.0
248,10,653,Dragonheart (1996),0.0
249,1,5319,Nine Queens (Nueve reinas) (2000),0.0
249,2,1974,Friday the 13th (1980),0.0
249,3,6886,Beyond Borders (2003),0.0
249,4,179401,Jumanji: Welcome to the Jungle (2017),0.0
249,5,124853,Why Man Creates (1968),0.0
249,6,9018,Control Room (2004),0.0
249,7,7056,"Public Enemy, The (1931)",0.0
249,8,308,Three Colors: White (Trzy kolory: Bialy) (1994),0.0
249,9,121338,Carry on Cabby (1963),0.0
249,10,100083,Movie 43 (2013),0.0
250,1,4911,Jabberwocky (1977),0.0
250,2,57669,In Bruges (2008),0.0
250,3,4653,"Return of the Musketeers, The (1989)",0.0
250,4,745,Wallace & Gromit: A Close Shave (1995),0.0
250,5,8019,Dark Water (Honogurai mizu no soko kara) (2002),0.0
250,6,80880,Stone (2010),0.0
250,7,3469,Inherit the Wind (1960),0.0
250,8,3446,Funny Bones (1995),0.0
250,9,99087,Playing for Keeps (2012),0.0
250,10,5840,"My Mother's Castle (Château de ma mère, Le) (1990)",0.0
251,1,26928,"Summer's Tale, A (Conte d'été) (1996)",0.0
251,2,113374,"Old Lady and the Pigeons, The (La vieille dame et les pigeons) (1997)",0.0
251,3,2757,Frances (1982),0.0
251,4,32898,"Trip to the Moon, A (Voyage dans la lune, Le) (1902)",0.0
251,5,6506,Fulltime Killer (Chuen jik sat sau) (2001),0.0
251,6,93740,Salmon Fishing in the Yemen (2011),0.0
251,7,1995,Poltergeist II: The Other Side (1986),0.0
251,8,459,"Getaway, The (1994)",0.0
251,9,1767,Music From Another Room (1998),0.0
251,10,59900,You Don't Mess with the Zohan (2008),0.0
252,1,502,"Next Karate Kid, The (1994)",0.0
252,2,1351,Blood and Wine (Blood & Wine) (1996),0.0
252,3,2316,Practical Magic (1998),0.0
252,4,3839,Phantasm IV: Oblivion (1998),0.0
252,5,3505,No Way Out (1987),0.0
252,6,74677,"Yes Men Fix the World, The (2009)",0.0
252,7,80124,Sisters (Syostry) (2001),0.0
252,8,176621,Boniface's Holiday (1965),0.0
252,9,4408,September (1987),0.0
252,10,527,Schindler's List (1993),0.0
253,1,3370,Betrayed (1988),0.0
253,2,4003,She's Having a Baby (1988),0.0
253,3,5438,Men at Work (1990),0.0
253,4,2555,Baby Geniuses (1999),0.0
253,5,1613,Star Maps (1997),0.0
253,6,31851,Sons of the Desert (1933),0.0
253,7,2465,Deadly Friend (1986),0.0
253,8,7376,Walking Tall (2004),0.0
253,9,168090,Kizumonogatari II: Passionate Blood (2016),0.0
253,10,180263,The Shining (1997),0.0
254,1,94122,Comic-Con Episode IV: A Fan's Hope (2011),0.0
254,2,122932,Elsa & Fred (2014),0.0
254,3,5338,Full Moon in Blue Water (1988),0.0
254,4,25946,"Three Musketeers, The (1948)",0.0
254,5,8268,Point of No Return (1993),0.0
254,6,3909,Woman on Top (2000),0.0
254,7,114335,La cravate (1957),0.0
254,8,76077,Hot Tub Time Machine (2010),0.0
254,9,3235,Where the Buffalo Roam (1980),0.0
254,10,2664,Invasion of the Body Snatchers (1956),0.0
255,1,136503,Tom and Jerry: Shiver Me Whiskers (2006),0.0
255,2,8341,Oliver Twist (1948),0.0
255,3,7089,Amarcord (1973),0.0
255,4,1370,Die Hard 2 (1990),0.0
255,5,171631,Maria Bamford: Old Baby,0.0
255,6,4654,Road House (1989),0.0
255,7,3078,Liberty Heights (1999),0.0
255,8,5353,Butterflies Are Free (1972),0.0
255,9,2560,Ravenous (1999),0.0
255,10,8610,All of Me (1984),0.0
256,1,888,Land Before Time III: The Time of the Great Giving (1995),0.0
256,2,649,Cold Fever (Á köldum klaka) (1995),0.0
256,3,1247,"Graduate, The (1967)",0.0
256,4,2015,"Absent-Minded Professor, The (1961)",0.0
256,5,81417,Paranormal Activity 2 (2010),0.0
256,6,128944,"Honey, We Shrunk Ourselves (1997)",0.0
256,7,102194,Mud (2012),0.0
256,8,141928,Bloodsucking Bastards (2015),0.0
256,9,1348,"Nosferatu (Nosferatu, eine Symphonie des Grauens) (1922)",0.0
256,10,69606,Ghosts of Girlfriends Past (2009),0.0
257,1,718,"Visitors, The (Visiteurs, Les) (1993)",0.0
257,2,116411,Tangerines (2013),0.0
257,3,6787,All the President's Men (1976),0.0
257,4,27905,Casshern (2004),0.0
257,5,2475,52 Pick-Up (1986),0.0
257,6,138204,7 Days in Hell (2015),0.0
257,7,159976,Pelé: Birth of a Legend (2016),0.0
257,8,4236,Keep the River on Your Right: A Modern Cannibal Tale (2000),0.0
257,9,60538,Shrooms (2007),0.0
257,10,27829,Slasher (2004),0.0
258,1,691,Mrs. Winterbourne (1996),0.0
258,2,26729,Hearts of Darkness: A Filmmakers Apocalypse (1991),0.0
258,3,70,From Dusk Till Dawn (1996),0.0
258,4,2614,Chopping Mall (a.k.a. Killbots) (1986),0.0
258,5,6994,"Hard Way, The (1991)",0.0
258,6,102602,Mimino (1977),0.0
258,7,4448,"Score, The (2001)",0.0
258,8,58972,Nim's Island (2008),0.0
258,9,8607,Tokyo Godfathers (2003),0.0
258,10,2097,Something Wicked This Way Comes (1983),0.0
259,1,152081,Zootopia (2016),0.0
259,2,2458,Armed and Dangerous (1986),0.0
259,3,3727,Near Dark (1987),0.0
259,4,46974,World Trade Center (2006),0.0
259,5,68358,Star Trek (2009),0.0
259,6,42015,Casanova (2005),0.0
259,7,8607,Tokyo Godfathers (2003),0.0
259,8,91784,Girl Walks Into a Bar (2011),0.0
259,9,89862,Bellflower (2011),0.0
259,10,40617,Creep (2004),0.0
260,1,26159,Tokyo Drifter (Tôkyô nagaremono) (1966),0.0
260,2,5515,Songs From the Second Floor (Sånger från andra våningen) (2000),0.0
260,3,114246,"Walk Among the Tombstones, A (2014)",0.0
260,4,179,Mad Love (1995),0.0
260,5,1193,One Flew Over the Cuckoo's Nest (1975),0.0
260,6,4412,"Thing with Two Heads, The (1972)",0.0
260,7,56949,27 Dresses (2008),0.0
260,8,32243,Stealing Rembrandt (Rembrandt) (2003),0.0
260,9,2917,Body Heat (1981),0.0
260,10,2407,Cocoon (1985),0.0
261,1,4945,"Enforcer, The (1976)",0.0
261,2,69278,Land of the Lost (2009),0.0
261,3,7981,Infernal Affairs (Mou gaan dou) (2002),0.0
261,4,409,Above the Rim (1994),0.0
261,5,3467,Hud (1963),0.0
261,6,102407,"Great Gatsby, The (2013)",0.0
261,7,6373,Bruce Almighty (2003),0.0
261,8,4966,"Incredible Shrinking Man, The (1957)",0.0
261,9,70015,Polytechnique (2009),0.0
261,10,110826,Brick Mansions (2014),0.0
262,1,7451,Mean Girls (2004),0.0
262,2,150401,Close Range (2015),0.0
262,3,5222,Kissing Jessica Stein (2001),0.0
262,4,458,Geronimo: An American Legend (1993),0.0
262,5,1398,In Love and War (1996),0.0
262,6,3083,All About My Mother (Todo sobre mi madre) (1999),0.0
262,7,151455,Eddie the Eagle (2016),0.0
262,8,175705,Themroc (1973),0.0
262,9,2977,Crazy in Alabama (1999),0.0
262,10,4509,"Great Outdoors, The (1988)",0.0
263,1,2575,"Dreamlife of Angels, The (Vie rêvée des anges, La) (1998)",0.0
263,2,37729,Corpse Bride (2005),0.0
263,3,140016,Always Watching: A Marble Hornets Story (2015),0.0
263,4,2512,"Ballad of Narayama, The (Narayama bushiko) (1983)",0.0
263,5,130050,Digging Up the Marrow (2014),0.0
263,6,165671,Ice Guardians (2016),0.0
263,7,160978,Hellevator (2004),0.0
263,8,5640,"Godzilla, King of the Monsters! (Kaijû-ô Gojira) (1956)",0.0
263,9,606,Candyman: Farewell to the Flesh (1995),0.0
263,10,140237,The Runner (2015),0.0
264,1,7293,50 First Dates (2004),0.0
264,2,381,When a Man Loves a Woman (1994),0.0
264,3,56003,Southland Tales (2006),0.0
264,4,2590,Hideous Kinky (1998),0.0
264,5,84942,Drive Angry (2011),0.0
264,6,96737,Dredd (2012),0.0
264,7,43677,"Tuskegee Airmen, The (1995)",0.0
264,8,7307,Flesh & Blood (1985),0.0
264,9,57504,"Girl Who Leapt Through Time, The (Toki o kakeru shôjo) (2006)",0.0
264,10,156609,Neighbors 2: Sorority Rising (2016),0.0
265,1,48385,Borat: Cultural Learnings of America for Make Benefit Glorious Nation of Kazakhstan (2006),0.0
265,2,1617,L.A. Confidential (1997),0.0
265,3,114265,Laggies (2014),0.0
265,4,6025,CB4 - The Movie (1993),0.0
265,5,117545,Asterix: The Land of the Gods (Astérix: Le domaine des dieux) (2014),0.0
265,6,58303,"Counterfeiters, The (Die Fälscher) (2007)",0.0
265,7,8626,Dr. Terror's House of Horrors (1965),0.0
265,8,6818,Come and See (Idi i smotri) (1985),0.0
265,9,698,Delta of Venus (1995),0.0
265,10,87660,Too Big to Fail (2011),0.0
266,1,95170,Beauty and the Beast: The Enchanted Christmas (1997),0.0
266,2,135777,Golmaal (2006),0.0
266,3,2951,"Fistful of Dollars, A (Per un pugno di dollari) (1964)",0.0
266,4,3097,"Shop Around the Corner, The (1940)",0.0
266,5,26736,Riki-Oh: The Story of Ricky (Lik Wong) (1991),0.0
266,6,5620,Sweet Home Alabama (2002),0.0
266,7,25850,Holiday (1938),0.0
266,8,4835,Coal Miner's Daughter (1980),0.0
266,9,2271,Permanent Midnight (1998),0.0
266,10,184015,When We First Met (2018),0.0
267,1,152085,Desierto (2016),0.0
267,2,46850,Wordplay (2006),0.0
267,3,129659,"McFarland, USA (2015)",0.0
267,4,99846,Everything or Nothing: The Untold Story of 007 (2012),0.0
267,5,40723,Wolf Creek (2005),0.0
267,6,38798,In Her Shoes (2005),0.0
267,7,553,Tombstone (1993),0.0
267,8,3362,Dog Day Afternoon (1975),0.0
267,9,8645,"Maria Full of Grace (Maria, Llena eres de gracia) (2004)",0.0
267,10,44613,Take the Lead (2006),0.0
268,1,7820,"Virgin Spring, The (Jungfrukällan) (1960)",0.0
268,2,7730,Matinee (1993),0.0
268,3,4459,Alaska: Spirit of the Wild (1997),0.0
268,4,4260,"Visit, The (2000)",0.0
268,5,87529,Your Highness (2011),0.0
268,6,1976,Friday the 13th Part 3: 3D (1982),0.0
268,7,94777,Men in Black III (M.III.B.) (M.I.B.³) (2012),0.0
268,8,5225,And Your Mother Too (Y tu mamá también) (2001),0.0
268,9,1,Toy Story (1995),0.0
268,10,151,Rob Roy (1995),0.0
269,1,8796,"Funny Thing Happened on the Way to the Forum, A (1966)",0.0
269,2,2292,Overnight Delivery (1998),0.0
269,3,3852,"Tao of Steve, The (2000)",0.0
269,4,167036,Sing (2016),0.0
269,5,4212,Death on the Nile (1978),0.0
269,6,146986,Le Maître d'école (1981),0.0
269,7,8955,Undertow (2004),0.0
269,8,533,"Shadow, The (1994)",0.0
269,9,37727,Flightplan (2005),0.0
269,10,6338,Daddy Day Care (2003),0.0
270,1,96079,Skyfall (2012),0.0
270,2,114028,Pride (2014),0.0
270,3,3106,Come See the Paradise (1990),0.0
270,4,302,"Queen Margot (Reine Margot, La) (1994)",0.0
270,5,181315,Phantom Thread (2017),0.0
270,6,3451,Guess Who's Coming to Dinner (1967),0.0
270,7,59604,"Girl Next Door, The (2007)",0.0
270,8,362,"Jungle Book, The (1994)",0.0
270,9,3362,Dog Day Afternoon (1975),0.0
270,10,6723,Once Upon a Time in China III (Wong Fei-hung tsi sam: Siwong tsangba) (1993),0.0
271,1,69860,Eichmann (2007),0.0
271,2,1025,"Sword in the Stone, The (1963)",0.0
271,3,6957,Bad Santa (2003),0.0
271,4,5442,V. I. Warshawski (1991),0.0
271,5,50658,49 Up (2005),0.0
271,6,6620,American Splendor (2003),0.0
271,7,184997,"Love, Simon (2018)",0.0
271,8,1281,"Great Dictator, The (1940)",0.0
271,9,4252,"Circle, The (Dayereh) (2000)",0.0
271,10,460,Getting Even with Dad (1994),0.0
272,1,60293,"Wackness, The (2008)",0.0
272,2,1589,Cop Land (1997),0.0
272,3,109183,Date and Switch (2014),0.0
272,4,141836,It Can't Be! (1975),0.0
272,5,2081,"Little Mermaid, The (1989)",0.0
272,6,92192,Apollo 18 (2011),0.0
272,7,39234,North Country (2005),0.0
272,8,8795,Musa the Warrior (Musa) (2001),0.0
272,9,3412,"Bear, The (Ours, L') (1988)",0.0
272,10,1833,Mercury Rising (1998),0.0
273,1,6535,"Legally Blonde 2: Red, White & Blonde (2003)",0.0
273,2,33148,King's Ransom (2005),0.0
273,3,46,How to Make an American Quilt (1995),0.0
273,4,2227,"Lodger: A Story of the London Fog, The (1927)",0.0
273,5,112138,22 Jump Street (2014),0.0
273,6,2648,Frankenstein (1931),0.0
273,7,4450,Bully (2001),0.0
273,8,2709,Muppets From Space (1999),0.0
273,9,6380,Capturing the Friedmans (2003),0.0
273,10,4728,Rat Race (2001),0.0
274,1,1257,Better Off Dead... (1985),0.0
274,2,1835,City of Angels (1998),0.0
274,3,103539,The Spectacular Now (2013),0.0
274,4,6122,Richard Pryor Live on the Sunset Strip (1982),0.0
274,5,140174,Room (2015),0.0
274,6,4204,Losin' It (1983),0.0
274,7,82848,One Week (1920),0.0
274,8,5425,Dark Blue World (Tmavomodrý svet) (2001),0.0
274,9,8014,"Spring, Summer, Fall, Winter... and Spring (Bom yeoreum gaeul gyeoul geurigo bom) (2003)",0.0
274,10,151739,Dirty Grandpa (2016),0.0
275,1,3230,"Odessa File, The (1974)",0.0
275,2,95175,Front of the Class (2008),0.0
275,3,7033,"Secret of My Succe$s, The (a.k.a. The Secret of My Success) (1987)",0.0
275,4,366,"Wes Craven's New Nightmare (Nightmare on Elm Street Part 7: Freddy's Finale, A) (1994)",0.0
275,5,1399,Marvin's Room (1996),0.0
275,6,80862,Catfish (2010),0.0
275,7,7624,School Ties (1992),0.0
275,8,66943,"Cottage, The (2008)",0.0
275,9,2052,Hocus Pocus (1993),0.0
275,10,43904,When a Stranger Calls (2006),0.0
276,1,7176,Crimson Gold (Talaye sorgh) (2003),0.0
276,2,3571,Time Code (2000),0.0
276,3,84772,Paul (2011),0.0
276,4,1151,Lesson Faust (1994),0.0
276,5,4102,Eddie Murphy Raw (1987),0.0
276,6,5083,Rare Birds (2001),0.0
276,7,3950,Tigerland (2000),0.0
276,8,7212,I Was a Male War Bride (1949),0.0
276,9,1836,"Last Days of Disco, The (1998)",0.0
276,10,2590,Hideous Kinky (1998),0.0
277,1,2000,Lethal Weapon (1987),0.0
277,2,26777,"Stolen Children (Ladro di bambini, Il) (1992)",0.0
277,3,5941,Drumline (2002),0.0
277,4,65982,Outlander (2008),0.0
277,5,2977,Crazy in Alabama (1999),0.0
277,6,128900,The Natural Love (1996),0.0
277,7,27784,One Missed Call (Chakushin ari) (2003),0.0
277,8,4676,Troop Beverly Hills (1989),0.0
277,9,26183,Asterix and Cleopatra (Astérix et Cléopâtre) (1968),0.0
277,10,142536,Burnt (2015),0.0
278,1,8778,Sherlock Holmes: Dressed to Kill (1946),0.0
278,2,6031,Imitation of Life (1959),0.0
278,3,119964,A Merry Friggin' Christmas (2014),0.0
278,4,7228,Cool World (1992),0.0
278,5,7993,"Bucket Of Blood, A (1959)",0.0
278,6,3129,Sweet and Lowdown (1999),0.0
278,7,2408,Cocoon: The Return (1988),0.0
278,8,100882,Journey to the West: Conquering the Demons (Daai wa sai you chi Chui mo chun kei) (2013),0.0
278,9,60937,"Mummy: Tomb of the Dragon Emperor, The (2008)",0.0
278,10,43919,Date Movie (2006),0.0
279,1,79251,"Serbian Film, A (Srpski film) (2010)",0.0
279,2,3739,Trouble in Paradise (1932),0.0
279,3,181065,Jack Whitehall: At Large (2017),0.0
279,4,99030,Wrong (2012),0.0
279,5,117531,Watermark (2014),0.0
279,6,98061,Himizu (2011),0.0
279,7,110281,King of Comedy (Hei kek ji wong) (1999),0.0
279,8,3797,"In Crowd, The (2000)",0.0
279,9,3454,Whatever It Takes (2000),0.0
279,10,26776,Porco Rosso (Crimson Pig) (Kurenai no buta) (1992),0.0
280,1,6547,Northfork (2003),0.0
280,2,5420,Windtalkers (2002),0.0
280,3,96150,"Queen of Versailles, The (2012)",0.0
280,4,182639,The Second Renaissance Part II (2003),0.0
280,5,74946,She's Out of My League (2010),0.0
280,6,876,Supercop 2 (Project S) (Chao ji ji hua) (1993),0.0
280,7,5890,Elling (2001),0.0
280,8,3046,"Incredibly True Adventure of Two Girls in Love, The (1995)",0.0
280,9,2337,Velvet Goldmine (1998),0.0
280,10,134524,Turtle Power: The Definitive History of the Teenage Mutant Ninja Turtles (2014),0.0
281,1,7139,In America (2002),0.0
281,2,134252,That Munchhausen (1979),0.0
281,3,103085,Rapture-Palooza (2013),0.0
281,4,58842,Assembly (Ji jie hao) (2007) ,0.0
281,5,4123,Ishtar (1987),0.0
281,6,2387,Very Bad Things (1998),0.0
281,7,26471,Eddie Murphy Delirious (1983),0.0
281,8,5434,"Sorry, Wrong Number (1948)",0.0
281,9,3182,"Mr. Death: The Rise and Fall of Fred A. Leuchter, Jr. (1999)",0.0
281,10,5391,Thirteen Conversations About One Thing (a.k.a. 13 Conversations) (2001),0.0
282,1,5577,Igby Goes Down (2002),0.0
282,2,4021,Before Night Falls (2000),0.0
282,3,4141,Head Over Heels (2001),0.0
282,4,7376,Walking Tall (2004),0.0
282,5,26819,Fortress (1992),0.0
282,6,6981,"Ordet (Word, The) (1955)",0.0
282,7,6887,Radio (2003),0.0
282,8,6547,Northfork (2003),0.0
282,9,39414,Shopgirl (2005),0.0
282,10,3801,Anatomy of a Murder (1959),0.0
283,1,27744,"Facing Windows (Finestra di fronte, La) (2003)",0.0
283,2,851,Basquiat (1996),0.0
283,3,92243,"Flowers of War, The (Jin líng shí san chai) (2011)",0.0
283,4,2052,Hocus Pocus (1993),0.0
283,5,4529,Bagdad Cafe (Out of Rosenheim) (1987),0.0
283,6,1128,"Fog, The (1980)",0.0
283,7,107141,Saving Mr. Banks (2013),0.0
283,8,27746,Ginger Snaps: Unleashed (2004),0.0
283,9,50158,Stomp the Yard (2007),0.0
283,10,3593,Battlefield Earth (2000),0.0
284,1,7782,Sniper (1993),0.0
284,2,5384,I Want to Live! (1958),0.0
284,3,882,"Trigger Effect, The (1996)",0.0
284,4,2268,"Few Good Men, A (1992)",0.0
284,5,115210,Fury (2014),0.0
284,6,3408,Erin Brockovich (2000),0.0
284,7,7107,Foul Play (1978),0.0
284,8,5256,Stolen Summer (2002),0.0
284,9,154358,The Barkley Marathons: The Race That Eats Its Young (2015),0.0
284,10,3115,Flawless (1999),0.0
285,1,5391,Thirteen Conversations About One Thing (a.k.a. 13 Conversations) (2001),0.0
285,2,58803,21 (2008),0.0
285,3,113159,Life After Beth (2014),0.0
285,4,55071,No End in Sight (2007),0.0
285,5,145283,Nowitzki: The Perfect Shot (2014),0.0
285,6,149590,Standoff (2016),0.0
285,7,279,My Family (1995),0.0
285,8,106441,"Book Thief, The (2013)",0.0
285,9,5303,Joe Versus the Volcano (1990),0.0
285,10,8477,"Jetée, La (1962)",0.0
286,1,3979,Little Nicky (2000),0.0
286,2,3261,Singles (1992),0.0
286,3,26283,Charley Varrick (1973),0.0
286,4,168366,Beauty and the Beast (2017),0.0
286,5,48001,"Bow, The (Hwal) (2005)",0.0
286,6,92730,Rollo and the Woods Sprite (Rölli ja metsänhenki) (2001),0.0
286,7,3021,"Funhouse, The (1981)",0.0
286,8,4740,Maybe Baby (2000),0.0
286,9,956,Penny Serenade (1941),0.0
286,10,2278,Ronin (1998),0.0
287,1,6027,Dogfight (1991),0.0
287,2,139747,Before We Go (2014),0.0
287,3,7920,Desperate Living (1977),0.0
287,4,179953,A Bad Moms Christmas (2017),0.0
287,5,8410,Suddenly (1954),0.0
287,6,8057,Sweet Bird of Youth (1962),0.0
287,7,94985,Get the Gringo (2012),0.0
287,8,26303,Sisters (1973),0.0
287,9,149,Amateur (1994),0.0
287,10,5635,"Man from Elysian Fields, The (2001)",0.0
288,1,133545,Just Before I Go (2014),0.0
288,2,130578,"Gunman, The (2015)",0.0
288,3,2493,"Harmonists, The (1997)",0.0
288,4,38,It Takes Two (1995),0.0
288,5,26082,Harakiri (Seppuku) (1962),0.0
288,6,72694,Shrink (2009),0.0
288,7,94011,"Big Bang, The (2011)",0.0
288,8,6269,Stevie (2002),0.0
288,9,4738,Happy Accidents (2000),0.0
288,10,2107,Halloween H20: 20 Years Later (Halloween 7: The Revenge of Laurie Strode) (1998),0.0
289,1,673,Space Jam (1996),0.0
289,2,91869,Being Elmo: A Puppeteer's Journey (2011),0.0
289,3,63131,Role Models (2008),0.0
289,4,179813,LBJ (2017),0.0
289,5,1213,Goodfellas (1990),0.0
289,6,1215,Army of Darkness (1993),0.0
289,7,2375,"Money Pit, The (1986)",0.0
289,8,3360,Hoosiers (a.k.a. Best Shot) (1986),0.0
289,9,27032,Who Am I? (Wo shi shei) (1998),0.0
289,10,8366,Saved! (2004),0.0
290,1,7614,Oklahoma! (1955),0.0
290,2,152270,The Wait (2015),0.0
290,3,2474,"Color of Money, The (1986)",0.0
290,4,2597,Lost & Found (1999),0.0
290,5,379,Timecop (1994),0.0
290,6,179819,Star Wars: The Last Jedi (2017),0.0
290,7,86644,"Fast Five (Fast and the Furious 5, The) (2011)",0.0
290,8,85774,Senna (2010),0.0
290,9,89087,Colombiana (2011),0.0
290,10,2878,Hell Night (1981),0.0
291,1,91414,Arthur Christmas (2011),0.0
291,2,26472,"Norte, El (1984)",0.0
291,3,8121,"Seducing Doctor Lewis (Grande séduction, La) (2003)",0.0
291,4,131578,Reckless Kelly (1994),0.0
291,5,5543,"Swarm, The (1978)",0.0
291,6,112623,Dawn of the Planet of the Apes (2014),0.0
291,7,54995,Planet Terror (2007),0.0
291,8,8131,Pursuit of Happiness (2001),0.0
291,9,60522,"Machine Girl, The (Kataude mashin gâru) (2008)",0.0
291,10,7450,Laws of Attraction (2004),0.0
292,1,1179,"Grifters, The (1990)",0.0
292,2,55205,Interview (2007),0.0
292,3,942,Laura (1944),0.0
292,4,7486,Happy Together (a.k.a. Buenos Aires Affair) (Chun gwong cha sit) (1997),0.0
292,5,673,Space Jam (1996),0.0
292,6,6442,Belle époque (1992),0.0
292,7,104245,Planes (2013),0.0
292,8,31223,Racing Stripes (2005),0.0
292,9,152077,10 Cloverfield Lane (2016),0.0
292,10,96861,Taken 2 (2012),0.0
293,1,32914,Carrie (2002),0.0
293,2,7773,"Bang, Bang, You're Dead (2002)",0.0
293,3,1297,Real Genius (1985),0.0
293,4,3402,Turtle Diary (1985),0.0
293,5,25788,Scarface (1932),0.0
293,6,50685,Waitress (2007),0.0
293,7,2859,Stop Making Sense (1984),0.0
293,8,4723,"Deep End, The (2001)",0.0
293,9,78160,Ricky Gervais Live: Animals (2003),0.0
293,10,48638,Fellini's Casanova (Il Casanova di Federico Fellini) (1976),0.0
294,1,26084,"Music Man, The (1962)",0.0
294,2,3167,Carnal Knowledge (1971),0.0
294,3,4557,Tucker: The Man and His Dream (1988),0.0
294,4,5107,Hart's War (2002),0.0
294,5,61167,Henry Poole is Here (2008),0.0
294,6,3514,Joe Gould's Secret (2000),0.0
294,7,69746,Watchmen: Tales of the Black Freighter (2009),0.0
294,8,84246,It Happened on Fifth Avenue (1947),0.0
294,9,62586,"American Carol, An (2008)",0.0
294,10,32022,Gunner Palace (2004),0.0
295,1,104644,Maria Bamford: The Special Special Special! (2012),0.0
295,2,42761,Casper Meets Wendy (1998),0.0
295,3,177939,"The Night Is Short, Walk on Girl (2017)",0.0
295,4,2917,Body Heat (1981),0.0
295,5,1051,Trees Lounge (1996),0.0
295,6,94323,Think Like a Man (2012),0.0
295,7,4717,"Battle Creek Brawl (Big Brawl, The) (1980)",0.0
295,8,106062,Jackass Presents: Bad Grandpa (2013),0.0
295,9,8335,Make Way for Tomorrow (1937),0.0
295,10,27539,Undertaking Betty (Plots with a View) (2002),0.0
296,1,31804,Night Watch (Nochnoy dozor) (2004),0.0
296,2,4327,"Magnificent Seven, The (1960)",0.0
296,3,33781,Quo Vadis (1951),0.0
296,4,1541,Addicted to Love (1997),0.0
296,5,3633,On Her Majesty's Secret Service (1969),0.0
296,6,748,"Arrival, The (1996)",0.0
296,7,3171,Room at the Top (1959),0.0
296,8,6453,Man of Aran (1934),0.0
296,9,26750,Quigley Down Under (1990),0.0
296,10,46322,Jet Li's Fearless (Huo Yuan Jia) (2006),0.0
297,1,3744,Shaft (2000),0.0
297,2,60046,"Children of Huang Shi, The (2008)",0.0
297,3,8136,Indestructible Man (1956),0.0
297,4,6981,"Ordet (Word, The) (1955)",0.0
297,5,6380,Capturing the Friedmans (2003),0.0
297,6,2761,"Iron Giant, The (1999)",0.0
297,7,474,In the Line of Fire (1993),0.0
297,8,5899,Zulu (1964),0.0
297,9,336,"Walking Dead, The (1995)",0.0
297,10,26184,"Diamond Arm, The (Brilliantovaya ruka) (1968)",0.0
298,1,144714,The Perfect Guy (2015),0.0
298,2,118784,Good Copy Bad Copy (2007),0.0
298,3,54881,"King of Kong, The (2007)",0.0
298,4,174045,Goon: Last of the Enforcers (2017),0.0
298,5,72714,Earthlings (2006),0.0
298,6,635,"Family Thing, A (1996)",0.0
298,7,170993,Mini's First Time (2006),0.0
298,8,32511,"Touch of Zen, A (Xia nu) (1971)",0.0
298,9,595,Beauty and the Beast (1991),0.0
298,10,161008,The Forbidden Dance (1990),0.0
299,1,2616,Dick Tracy (1990),0.0
299,2,4710,"Shootist, The (1976)",0.0
299,3,109576,Welcome to the Jungle (2013),0.0
299,4,8865,Sky Captain and the World of Tomorrow (2004),0.0
299,5,79590,"Rebound, The (2009)",0.0
299,6,57499,Heaven and Earth (Ten to Chi to) (1990),0.0
299,7,6480,Thoroughly Modern Millie (1967),0.0
299,8,6689,"Battle of Shaker Heights, The (2003)",0.0
299,9,98697,"Money Money Money (L'aventure, c'est l'aventure) (1972)",0.0
299,10,47516,Material Girls (2006),0.0
300,1,2722,Deep Blue Sea (1999),0.0
300,2,3176,"Talented Mr. Ripley, The (1999)",0.0
300,3,6122,Richard Pryor Live on the Sunset Strip (1982),0.0
300,4,8773,Sherlock Holmes and the Secret Weapon (1942),0.0
300,5,4959,"Affair of the Necklace, The (2001)",0.0
300,6,88593,"Yellow Sea, The (a.k.a. The Murderer) (Hwanghae) (2010)",0.0
300,7,6232,Born Free (1966),0.0
300,8,5113,After the Fox (Caccia alla volpe) (1966),0.0
300,9,79501,Deadly Outlaw: Rekka (a.k.a. Violent Fire) (Jitsuroku Andô Noboru kyôdô-den: Rekka) (2002),0.0
300,10,79536,Hellsinki (Rööperi) (2009),0.0
301,1,5209,Ffolkes (1979),0.0
301,2,4260,"Visit, The (2000)",0.0
301,3,5747,Gallipoli (1981),0.0
301,4,42176,"Ear, The (Ucho) (1970)",0.0
301,5,80454,Princess (Prinsessa) (2010),0.0
301,6,96110,"Campaign, The (2012)",0.0
301,7,4130,Maid to Order (1987),0.0
301,8,6170,"Black Stallion, The (1979)",0.0
301,9,8623,Roxanne (1987),0.0
301,10,3672,Benji (1974),0.0
302,1,5784,Ghost Ship (2002),0.0
302,2,172587,Vacations in Prostokvashino (1980),0.0
302,3,1354,Breaking the Waves (1996),0.0
302,4,4189,"Greatest Story Ever Told, The (1965)",0.0
302,5,57522,First Sunday (2008),0.0
302,6,5767,Teddy Bear (Mis) (1981),0.0
302,7,2807,Universal Soldier: The Return (1999),0.0
302,8,6604,Hawks and Sparrows (Uccellacci e Uccellini) (1966),0.0
302,9,8137,"Wasp Woman, The (1959)",0.0
302,10,8195,"Avventura, L' (Adventure, The) (1960)",0.0
303,1,77201,Valhalla Rising (2009),0.0
303,2,40959,"Ice Harvest, The (2005)",0.0
303,3,122246,Tooth Fairy 2 (2012),0.0
303,4,6625,Camp Nowhere (1994),0.0
303,5,195,Something to Talk About (1995),0.0
303,6,2937,"Palm Beach Story, The (1942)",0.0
303,7,6188,Old School (2003),0.0
303,8,232,Eat Drink Man Woman (Yin shi nan nu) (1994),0.0
303,9,408,8 Seconds (1994),0.0
303,10,3270,"Cutting Edge, The (1992)",0.0
304,1,4242,Beautiful Creatures (2000),0.0
304,2,4333,Throw Momma from the Train (1987),0.0
304,3,2737,Assassination (1987),0.0
304,4,8609,Our Hospitality (1923),0.0
304,5,1328,"Amityville Curse, The (1990)",0.0
304,6,8848,"Vitelloni, I (a.k.a. The Young and the Passionate) (1953)",0.0
304,7,16,Casino (1995),0.0
304,8,26082,Harakiri (Seppuku) (1962),0.0
304,9,2324,Life Is Beautiful (La Vita è bella) (1997),0.0
304,10,1860,Character (Karakter) (1997),0.0
305,1,1688,Anastasia (1997),0.0
305,2,26152,Batman (1966),0.0
305,3,60950,Vicky Cristina Barcelona (2008),0.0
305,4,1417,"Portrait of a Lady, The (1996)",0.0
305,5,5397,Monkey Business (1952),0.0
305,6,173619,Fugitives (1986),0.0
305,7,33779,Eddie Izzard: Dress to Kill (1999),0.0
305,8,2534,Avalanche (1978),0.0
305,9,1985,Halloween 4: The Return of Michael Myers (1988),0.0
305,10,118894,Scooby-Doo! Abracadabra-Doo (2010),0.0
306,1,5768,Modern Problems (1981),0.0
306,2,3969,Pay It Forward (2000),0.0
306,3,2607,Get Real (1998),0.0
306,4,1596,Career Girls (1997),0.0
306,5,5108,John Q (2002),0.0
306,6,38061,Kiss Kiss Bang Bang (2005),0.0
306,7,141928,Bloodsucking Bastards (2015),0.0
306,8,6143,Trail of the Pink Panther (1982),0.0
306,9,25923,Great Expectations (1946),0.0
306,10,111375,Walk of Shame (2014),0.0
307,1,46335,"Fast and the Furious: Tokyo Drift, The (Fast and the Furious 3, The) (2006)",0.0
307,2,142115,The Blue Planet (2001),0.0
307,3,2179,Topaz (1969),0.0
307,4,71484,Metropia (2009),0.0
307,5,6125,"Secret Policeman's Other Ball, The (1982)",0.0
307,6,38992,Two for the Money (2005),0.0
307,7,118784,Good Copy Bad Copy (2007),0.0
307,8,813,Larger Than Life (1996),0.0
307,9,5820,Standing in the Shadows of Motown (2002),0.0
307,10,31364,Memories of Murder (Salinui chueok) (2003),0.0
308,1,107723,Highlander: The Search for Vengeance (2007),0.0
308,2,193573,Love Live! The School Idol Movie (2015),0.0
308,3,3673,Benji the Hunted (1987),0.0
308,4,64614,Gran Torino (2008),0.0
308,5,115969,Generation War (2013),0.0
308,6,414,"Air Up There, The (1994)",0.0
308,7,25855,"Roaring Twenties, The (1939)",0.0
308,8,3362,Dog Day Afternoon (1975),0.0
308,9,86548,Water for Elephants (2011),0.0
308,10,3196,Stalag 17 (1953),0.0
309,1,3385,Volunteers (1985),0.0
309,2,7895,Bring Me the Head of Alfredo Garcia (1974),0.0
309,3,5746,Galaxy of Terror (Quest) (1981),0.0
309,4,4587,Earth Girls Are Easy (1988),0.0
309,5,32243,Stealing Rembrandt (Rembrandt) (2003),0.0
309,6,6966,Darkman (1990),0.0
309,7,31193,"Many Adventures of Winnie the Pooh, The (1977)",0.0
309,8,61123,High School Musical 2 (2007),0.0
309,9,58162,Run Fatboy Run (2007),0.0
309,10,4928,That Obscure Object of Desire (Cet obscur objet du désir) (1977),0.0
310,1,4241,Pokémon 3: The Movie (2001),0.0
310,2,65577,"Tale of Despereaux, The (2008)",0.0
310,3,129,Pie in the Sky (1996),0.0
310,4,3194,"Way We Were, The (1973)",0.0
310,5,135216,The Star Wars Holiday Special (1978),0.0
310,6,1114,"Funeral, The (1996)",0.0
310,7,6883,Sylvia (2003),0.0
310,8,72641,"Blind Side, The  (2009)",0.0
310,9,51082,Tyler Perry's Daddy's Little Girls (2007),0.0
310,10,2071,And the Band Played On (1993),0.0
311,1,8623,Roxanne (1987),0.0
311,2,4265,Driven (2001),0.0
311,3,1631,"Assignment, The (1997)",0.0
311,4,240,Hideaway (1995),0.0
311,5,160440,The Maid's Room (2014),0.0
311,6,48883,Death of a President (2006),0.0
311,7,91671,Alvin and the Chipmunks: Chipwrecked (2011),0.0
311,8,74282,Anne of Green Gables: The Sequel (a.k.a. Anne of Avonlea) (1987),0.0
311,9,5828,Blackrock (1997),0.0
311,10,114818,Stretch (2014),0.0
312,1,60046,"Children of Huang Shi, The (2008)",0.0
312,2,3368,"Big Country, The (1958)",0.0
312,3,4608,"Innocent Man, An (1989)",0.0
312,4,8268,Point of No Return (1993),0.0
312,5,4440,"Big Boss, The (Fists of Fury) (Tang shan da xiong) (1971)",0.0
312,6,8495,Animal Factory (2000),0.0
312,7,2150,"Gods Must Be Crazy, The (1980)",0.0
312,8,144,"Brothers McMullen, The (1995)",0.0
312,9,2668,Swamp Thing (1982),0.0
312,10,58351,City of Men (Cidade dos Homens) (2007),0.0
313,1,4775,Glitter (2001),0.0
313,2,3962,Ghoulies II (1987),0.0
313,3,1584,Contact (1997),0.0
313,4,4495,Crossing Delancey (1988),0.0
313,5,103609,Class Act (1992),0.0
313,6,2259,Blame It on Rio (1984),0.0
313,7,25996,"Star Is Born, A (1954)",0.0
313,8,141820,Old Men: Robbers (1971),0.0
313,9,3592,"Time Masters (Maîtres du temps, Les) (1982)",0.0
313,10,30745,Gozu (Gokudô kyôfu dai-gekijô: Gozu) (2003),0.0
314,1,65601,My Bloody Valentine 3-D (2009),0.0
314,2,142422,The Night Before (2015),0.0
314,3,7657,Versus (2000),0.0
314,4,51024,The Odyssey (1997),0.0
314,5,97225,Hotel Transylvania (2012),0.0
314,6,5604,"Man in the White Suit, The (1951)",0.0
314,7,144714,The Perfect Guy (2015),0.0
314,8,2950,"Blue Lagoon, The (1980)",0.0
314,9,2652,"Curse of Frankenstein, The (1957)",0.0
314,10,57326,In the Name of the King: A Dungeon Siege Tale (2008),0.0
315,1,731,Heaven's Prisoners (1996),0.0
315,2,67534,Big Stan (2007),0.0
315,3,2516,Children of the Corn III (1994),0.0
315,4,7262,Catch That Kid (2004),0.0
315,5,3147,"Green Mile, The (1999)",0.0
315,6,832,Ransom (1996),0.0
315,7,74624,Agora (2009),0.0
315,8,163653,David Cross: Making America Great Again (2016),0.0
315,9,33681,"Adventures of Sharkboy and Lavagirl 3-D, The (2005)",0.0
315,10,8939,"Final Cut, The (2004)",0.0
316,1,6893,"Italian Job, The (1969)",0.0
316,2,1735,Great Expectations (1998),0.0
316,3,134849,Duck Amuck (1953),0.0
316,4,26401,Last Hurrah for Chivalry (Hao xia) (1979),0.0
316,5,112070,Maps to the Stars (2014),0.0
316,6,4065,Foxy Brown (1974),0.0
316,7,567,Kika (1993),0.0
316,8,50798,Epic Movie (2007),0.0
316,9,98296,Deadfall (2012),0.0
316,10,8950,The Machinist (2004),0.0
317,1,30818,Beyond the Sea (2004),0.0
317,2,85342,Elite Squad: The Enemy Within (Tropa de Elite 2 - O Inimigo Agora É Outro) (2010),0.0
317,3,5444,Lilo & Stitch (2002),0.0
317,4,3182,"Mr. Death: The Rise and Fall of Fred A. Leuchter, Jr. (1999)",0.0
317,5,74450,Valentine's Day (2010),0.0
317,6,910,Some Like It Hot (1959),0.0
317,7,50601,Bridge to Terabithia (2007),0.0
317,8,3683,Blood Simple (1984),0.0
317,9,6763,Duplex (2003),0.0
317,10,1094,"Crying Game, The (1992)",0.0
318,1,3596,Screwed (2000),0.0
318,2,6251,Piglet's Big Movie (2003),0.0
318,3,7834,After the Thin Man (1936),0.0
318,4,116413,Life Partners (2014),0.0
318,5,60941,"Midnight Meat Train, The (2008)",0.0
318,6,6951,"Cat in the Hat, The (2003)",0.0
318,7,58303,"Counterfeiters, The (Die Fälscher) (2007)",0.0
318,8,122898,Justice League (2017),0.0
318,9,79895,"Extraordinary Adventures of Adèle Blanc-Sec, The (2010)",0.0
318,10,82378,All Good Things (2010),0.0
319,1,1437,"Cement Garden, The (1993)",0.0
319,2,26701,Patlabor: The Movie (Kidô keisatsu patorebâ: The Movie) (1989),0.0
319,3,73290,Hachiko: A Dog's Story (a.k.a. Hachi: A Dog's Tale) (2009),0.0
319,4,5741,"Woman Next Door, The (Femme d'à côté, La) (1981)",0.0
319,5,1893,Beyond Silence (Jenseits der Stille) (1996),0.0
319,6,4644,Bread and Tulips (Pane e tulipani) (2000),0.0
319,7,4111,Gardens of Stone (1987),0.0
319,8,2298,Strangeland (1998),0.0
319,9,31221,Elektra (2005),0.0
319,10,6880,"Texas Chainsaw Massacre, The (2003)",0.0
320,1,4977,Kandahar (Safar e Ghandehar) (2001),0.0
320,2,798,Daylight (1996),0.0
320,3,1665,Bean (1997),0.0
320,4,5156,"Big Doll House, The (1971)",0.0
320,5,5066,"Walk to Remember, A (2002)",0.0
320,6,89678,Northanger Abbey (2007),0.0
320,7,175707,A German Life (2016),0.0
320,8,3286,Snow Day (2000),0.0
320,9,2973,Crimes and Misdemeanors (1989),0.0
320,10,1980,Friday the 13th Part VII: The New Blood (1988),0.0
321,1,127198,Dope (2015),0.0
321,2,81784,Morning Glory (2010),0.0
321,3,55112,Shanghai Kiss (2007),0.0
321,4,77201,Valhalla Rising (2009),0.0
321,5,6380,Capturing the Friedmans (2003),0.0
321,6,6433,"Man with the Movie Camera, The (Chelovek s kino-apparatom) (1929)",0.0
321,7,139915,How to Make Love Like an Englishman (2014),0.0
321,8,5168,Royal Wedding (1951),0.0
321,9,5357,Iron Will (1994),0.0
321,10,3095,"Grapes of Wrath, The (1940)",0.0
322,1,2735,"Golden Child, The (1986)",0.0
322,2,98799,"Liar's Autobiography: The Untrue Story of Monty Python's Graham Chapman, A (2012)",0.0
322,3,119714,Corner Gas: The Movie (2014),0.0
322,4,1281,"Great Dictator, The (1940)",0.0
322,5,3285,"Beach, The (2000)",0.0
322,6,34330,November (2004),0.0
322,7,88179,One Day (2011),0.0
322,8,7137,"Cooler, The (2003)",0.0
322,9,294,"Perez Family, The (1995)",0.0
322,10,49274,Happy Feet (2006),0.0
323,1,3590,"Lords of Flatbush, The (1974)",0.0
323,2,1929,Grand Hotel (1932),0.0
323,3,3246,Malcolm X (1992),0.0
323,4,92535,Louis C.K.: Live at the Beacon Theater (2011),0.0
323,5,3044,Dead Again (1991),0.0
323,6,6338,Daddy Day Care (2003),0.0
323,7,2226,"Ring, The (1927)",0.0
323,8,7444,13 Going on 30 (2004),0.0
323,9,118290,Omega Doom (1996),0.0
323,10,32442,Greedy (1994),0.0
324,1,6408,Animals are Beautiful People (1974),0.0
324,2,186,Nine Months (1995),0.0
324,3,8636,Spider-Man 2 (2004),0.0
324,4,823,"Collector, The (La collectionneuse) (1967)",0.0
324,5,4156,Company Man (2000),0.0
324,6,8391,Big Wednesday (1978),0.0
324,7,95949,"Immature, The (Immaturi) (2011)",0.0
324,8,163937,Blair Witch (2016),0.0
324,9,71156,"Men Who Stare at Goats, The (2009)",0.0
324,10,891,Halloween: The Curse of Michael Myers (Halloween 6: The Curse of Michael Myers) (1995),0.0
325,1,3260,Howards End (1992),0.0
325,2,86298,Rio (2011),0.0
325,3,1184,Mediterraneo (1991),0.0
325,4,3426,Jungle Fever (1991),0.0
325,5,39234,North Country (2005),0.0
325,6,53883,"Power of Nightmares, The: The Rise of the Politics of Fear (2004)",0.0
325,7,3016,Creepshow (1982),0.0
325,8,3053,"Messenger: The Story of Joan of Arc, The (1999)",0.0
325,9,1554,"Pillow Book, The (1996)",0.0
325,10,3669,Stay Tuned (1992),0.0
326,1,74510,"Girl Who Played with Fire, The (Flickan som lekte med elden) (2009)",0.0
326,2,5300,3:10 to Yuma (1957),0.0
326,3,2327,Tales from the Darkside: The Movie (1990),0.0
326,4,114818,Stretch (2014),0.0
326,5,136816,Bad Asses on the Bayou (2015),0.0
326,6,8784,Garden State (2004),0.0
326,7,6466,Mississippi Masala (1991),0.0
326,8,2204,Saboteur (1942),0.0
326,9,92094,Einstein and Eddington (2008),0.0
326,10,136297,Mortal Kombat: The Journey Begins (1995),0.0
327,1,2093,Return to Oz (1985),0.0
327,2,147326,The Adventures of Sherlock Holmes and Doctor Watson: King of Blackmailers (1980),0.0
327,3,39427,Stay (2005),0.0
327,4,2542,"Lock, Stock & Two Smoking Barrels (1998)",0.0
327,5,3385,Volunteers (1985),0.0
327,6,5349,Spider-Man (2002),0.0
327,7,158238,The Nice Guys (2016),0.0
327,8,2240,My Bodyguard (1980),0.0
327,9,2890,Three Kings (1999),0.0
327,10,4235,Amores Perros (Love's a Bitch) (2000),0.0
328,1,147330,Sherlock Holmes and Dr. Watson: Acquaintance (1979),0.0
328,2,57274,[REC] (2007),0.0
328,3,3758,Communion (1989),0.0
328,4,65350,"General Died at Dawn, The (1936)",0.0
328,5,4454,More (1998),0.0
328,6,4031,All the Pretty Horses (2000),0.0
328,7,2511,"Long Goodbye, The (1973)",0.0
328,8,271,Losing Isaiah (1995),0.0
328,9,6324,It Runs in the Family (2003),0.0
328,10,48596,"Marine, The (2006)",0.0
329,1,3543,Diner (1982),0.0
329,2,2103,Tall Tale (1995),0.0
329,3,55020,"Ten, The (2007)",0.0
329,4,2012,Back to the Future Part III (1990),0.0
329,5,3571,Time Code (2000),0.0
329,6,95135,Your Sister's Sister (2011),0.0
329,7,49265,Shooting Dogs (a.k.a. Beyond the Gates) (2005),0.0
329,8,188751,Mamma Mia: Here We Go Again! (2018),0.0
329,9,80727,Middle Men (2009),0.0
329,10,2135,Doctor Dolittle (1967),0.0
330,1,151687,Risen (2016),0.0
330,2,3752,"Me, Myself & Irene (2000)",0.0
330,3,1785,King of New York (1990),0.0
330,4,44241,Leprechaun 3 (1995),0.0
330,5,60141,St. Trinian's (2007),0.0
330,6,2652,"Curse of Frankenstein, The (1957)",0.0
330,7,3462,Modern Times (1936),0.0
330,8,72714,Earthlings (2006),0.0
330,9,8957,Saw (2004),0.0
330,10,1862,Species II (1998),0.0
331,1,909,"Apartment, The (1960)",0.0
331,2,661,James and the Giant Peach (1996),0.0
331,3,103655,R.I.P.D. (2013),0.0
331,4,5012,Yentl (1983),0.0
331,5,86014,Diary of a Wimpy Kid: Rodrick Rules (2011),0.0
331,6,431,Carlito's Way (1993),0.0
331,7,80549,Easy A (2010),0.0
331,8,26169,Branded to Kill (Koroshi no rakuin) (1967),0.0
331,9,26680,Cry-Baby (1990),0.0
331,10,7357,Peyton Place (1957),0.0
332,1,879,"Relic, The (1997)",0.0
332,2,2014,Freaky Friday (1977),0.0
332,3,47538,Crime Busters (1977),0.0
332,4,72694,Shrink (2009),0.0
332,5,66544,Nuremberg (2000),0.0
332,6,110286,13 Sins (2014),0.0
332,7,3955,"Ladies Man, The (2000)",0.0
332,8,100302,Upside Down (2012),0.0
332,9,380,True Lies (1994),0.0
332,10,5669,Bowling for Columbine (2002),0.0
333,1,2411,Rocky IV (1985),0.0
333,2,87483,Mr. Popper's Penguins (2011),0.0
333,3,901,Funny Face (1957),0.0
333,4,4386,Cats & Dogs (2001),0.0
333,5,135937,The Silence of the Hams (1994),0.0
333,6,5435,Hombre (1967),0.0
333,7,663,Kids in the Hall: Brain Candy (1996),0.0
333,8,106766,Inside Llewyn Davis (2013),0.0
333,9,7028,Quick Change (1990),0.0
333,10,515,"Remains of the Day, The (1993)",0.0
334,1,2469,Peggy Sue Got Married (1986),0.0
334,2,1012,Old Yeller (1957),0.0
334,3,8720,"Super, The (1991)",0.0
334,4,1259,Stand by Me (1986),0.0
334,5,832,Ransom (1996),0.0
334,6,3028,"Taming of the Shrew, The (1967)",0.0
334,7,32799,Maidens in Uniform (Mädchen in Uniform) (1931),0.0
334,8,59727,"Strangers, The (2008)",0.0
334,9,869,Kansas City (1996),0.0
334,10,67408,Monsters vs. Aliens (2009),0.0
335,1,6970,Desk Set (1957),0.0
335,2,175303,It (2017),0.0
335,3,112070,Maps to the Stars (2014),0.0
335,4,456,Fresh (1994),0.0
335,5,4521,Little Nikita (1988),0.0
335,6,4886,"Monsters, Inc. (2001)",0.0
335,7,55729,King of California (2007),0.0
335,8,72624,Garage (2007),0.0
335,9,26095,"Carabineers, The (Carabiniers, Les) (1963)",0.0
335,10,1675,Incognito (1997),0.0
336,1,2302,My Cousin Vinny (1992),0.0
336,2,305,Ready to Wear (Pret-A-Porter) (1994),0.0
336,3,1047,"Long Kiss Goodnight, The (1996)",0.0
336,4,7161,Cheaper by the Dozen (2003),0.0
336,5,180095,Wonder (2017),0.0
336,6,147410,A Perfect Day (2015),0.0
336,7,709,Oliver & Company (1988),0.0
336,8,1965,Repo Man (1984),0.0
336,9,98633,My Lucky Stars (Fuk sing go jiu) (1985),0.0
336,10,70361,12 Rounds (2009),0.0
337,1,80572,I'm Still Here (2010),0.0
337,2,3423,School Daze (1988),0.0
337,3,25963,"Young and the Damned, The (Olvidados, Los) (1950)",0.0
337,4,7107,Foul Play (1978),0.0
337,5,5363,"New Guy, The (2002)",0.0
337,6,61323,Burn After Reading (2008),0.0
337,7,25850,Holiday (1938),0.0
337,8,2880,Armour of God (Long xiong hu di) (1987),0.0
337,9,3254,Wayne's World 2 (1993),0.0
337,10,48877,Saw III (2006),0.0
338,1,5772,My Dinner with André (1981),0.0
338,2,72998,Avatar (2009),0.0
338,3,140737,The Lost Room (2006),0.0
338,4,8125,Sunrise: A Song of Two Humans (1927),0.0
338,5,48520,Employee of the Month (2006),0.0
338,6,104760,Getaway (2013),0.0
338,7,95135,Your Sister's Sister (2011),0.0
338,8,1099,"Christmas Carol, A (1938)",0.0
338,9,135456,Ghost in the Shell: Stand Alone Complex - The Laughing Man (2005),0.0
338,10,137337,Amy (2015),0.0
339,1,74698,Tooth Fairy (2010),0.0
339,2,27790,Millions (2004),0.0
339,3,107314,Oldboy (2013),0.0
339,4,54004,I Now Pronounce You Chuck and Larry (2007),0.0
339,5,60756,Step Brothers (2008),0.0
339,6,1964,Klute (1971),0.0
339,7,2294,Antz (1998),0.0
339,8,170837,Life-Size (2000),0.0
339,9,89862,Bellflower (2011),0.0
339,10,167854,"Dana Carvey: Straight White Male, 60 (2016)",0.0
340,1,60293,"Wackness, The (2008)",0.0
340,2,3598,Hamlet (2000),0.0
340,3,80126,"American, The (2010)",0.0
340,4,95175,Front of the Class (2008),0.0
340,5,2462,Texas Chainsaw Massacre: The Next Generation (a.k.a. The Return of the Texas Chainsaw Massacre) (1994),0.0
340,6,8633,"Last Starfighter, The (1984)",0.0
340,7,388,Boys Life (1995),0.0
340,8,3786,But I'm a Cheerleader (1999),0.0
340,9,89388,I Don't Know How She Does It (2011),0.0
340,10,1885,"Opposite of Sex, The (1998)",0.0
341,1,1277,Cyrano de Bergerac (1990),0.0
341,2,3071,Stand and Deliver (1988),0.0
341,3,1713,Mouse Hunt (1997),0.0
341,4,2142,"American Tail: Fievel Goes West, An (1991)",0.0
341,5,7889,Pat Garrett and Billy the Kid (1973),0.0
341,6,7757,Jason and the Argonauts (1963),0.0
341,7,4886,"Monsters, Inc. (2001)",0.0
341,8,1422,Murder at 1600 (1997),0.0
341,9,6244,Salaam Bombay! (1988),0.0
341,10,2182,"Wrong Man, The (1956)",0.0
342,1,4276,Lost in America (1985),0.0
342,2,66090,Eden Lake (2008),0.0
342,3,3973,Book of Shadows: Blair Witch 2 (2000),0.0
342,4,151777,The Finest Hours (2016),0.0
342,5,1717,Scream 2 (1997),0.0
342,6,136800,Robot Overlords (2014),0.0
342,7,127390,Family Guy Presents: Blue Harvest (2007),0.0
342,8,26453,Smiley's People (1982),0.0
342,9,89087,Colombiana (2011),0.0
342,10,51255,Hot Fuzz (2007),0.0
343,1,6860,Mobsters (1991),0.0
343,2,3544,Shakes the Clown (1992),0.0
343,3,7704,"Delta Force, The (1986)",0.0
343,4,168144,Joe Rogan: Live (2006),0.0
343,5,7099,Nausicaä of the Valley of the Wind (Kaze no tani no Naushika) (1984),0.0
343,6,154358,The Barkley Marathons: The Race That Eats Its Young (2015),0.0
343,7,8989,Damn Yankees! (1958),0.0
343,8,1591,Spawn (1997),0.0
343,9,3947,Get Carter (1971),0.0
343,10,5712,Blow Out (1981),0.0
344,1,47,Seven (a.k.a. Se7en) (1995),0.0
344,2,2081,"Little Mermaid, The (1989)",0.0
344,3,168,First Knight (1995),0.0
344,4,60389,Battle for Haditha (2007),0.0
344,5,920,Gone with the Wind (1939),0.0
344,6,2522,Airport '77 (1977),0.0
344,7,26492,Twilight Zone: The Movie (1983),0.0
344,8,484,Lassie (1994),0.0
344,9,3900,Crime and Punishment in Suburbia (2000),0.0
344,10,1016,"Shaggy Dog, The (1959)",0.0
345,1,4293,Summer Rental (1985),0.0
345,2,160980,Sully (2016),0.0
345,3,156781,Jimmy Carr: Telling Jokes (2009),0.0
345,4,4589,Eddie and the Cruisers (1983),0.0
345,5,2288,"Thing, The (1982)",0.0
345,6,1891,"Ugly, The (1997)",0.0
345,7,31973,Germany Year Zero (Germania anno zero) (Deutschland im Jahre Null) (1948),0.0
345,8,147282,What Men Still Talk About (2011),0.0
345,9,47465,Tideland (2005),0.0
345,10,4113,"Glass Menagerie, The (1987)",0.0
346,1,158842,My Scientology Movie (2016),0.0
346,2,46723,Babel (2006),0.0
346,3,6971,Europa (Zentropa) (1991),0.0
346,4,385,"Man of No Importance, A (1994)",0.0
346,5,1377,Batman Returns (1992),0.0
346,6,54185,Manufactured Landscapes (2006),0.0
346,7,1938,"Lost Weekend, The (1945)",0.0
346,8,377,Speed (1994),0.0
346,9,8614,Overboard (1987),0.0
346,10,4308,Moulin Rouge (2001),0.0
347,1,40614,Derailed (2005),0.0
347,2,6718,Gotcha! (1985),0.0
347,3,68793,Night at the Museum: Battle of the Smithsonian (2009),0.0
347,4,1867,Tarzan and the Lost City (1998),0.0
347,5,460,Getting Even with Dad (1994),0.0
347,6,5922,Attila (Attila Flagello di Dio) (1982),0.0
347,7,1215,Army of Darkness (1993),0.0
347,8,1797,Everest (1998),0.0
347,9,6187,"Life of David Gale, The (2003)",0.0
347,10,4722,All Over the Guy (2001),0.0
348,1,6950,"Missing, The (2003)",0.0
348,2,149406,Kung Fu Panda 3 (2016),0.0
348,3,159717,The Fundamentals of Caring (2016),0.0
348,4,1810,Primary Colors (1998),0.0
348,5,79134,Grown Ups (2010),0.0
348,6,1746,Senseless (1998),0.0
348,7,300,Quiz Show (1994),0.0
348,8,7264,An Amazing Couple (2002),0.0
348,9,7001,Invasion of the Body Snatchers (1978),0.0
348,10,110281,King of Comedy (Hei kek ji wong) (1999),0.0
349,1,32596,Sahara (2005),0.0
349,2,2707,Arlington Road (1999),0.0
349,3,138210,13 Hours (2016),0.0
349,4,808,Alaska (1996),0.0
349,5,4233,Tomcats (2001),0.0
349,6,949,East of Eden (1955),0.0
349,7,298,Pushing Hands (Tui shou) (1992),0.0
349,8,6860,Mobsters (1991),0.0
349,9,143525,Chasuke's Journey (2015),0.0
349,10,1541,Addicted to Love (1997),0.0
350,1,1137,Hustler White (1996),0.0
350,2,72424,Derailed (2002),0.0
350,3,2527,Westworld (1973),0.0
350,4,90403,"Three Musketeers, The (2011)",0.0
350,5,4329,Rio Bravo (1959),0.0
350,6,1334,"Blob, The (1958)",0.0
350,7,1276,Cool Hand Luke (1967),0.0
350,8,112326,Nick Fury: Agent of S.H.I.E.L.D. (1998),0.0
350,9,4093,Cop (1988),0.0
350,10,840,House Arrest (1996),0.0
351,1,120919,Man on High Heels (2014),0.0
351,2,142831,Garam Masala (2005),0.0
351,3,7381,"Whole Ten Yards, The (2004)",0.0
351,4,105954,All Is Lost (2013),0.0
351,5,2881,Double Jeopardy (1999),0.0
351,6,1198,Raiders of the Lost Ark (Indiana Jones and the Raiders of the Lost Ark) (1981),0.0
351,7,105197,Nebraska (2013),0.0
351,8,5556,FearDotCom (a.k.a. Fear.com) (a.k.a. Fear Dot Com) (2002),0.0
351,9,27246,If These Walls Could Talk 2 (2000),0.0
351,10,2575,"Dreamlife of Angels, The (Vie rêvée des anges, La) (1998)",0.0
352,1,118784,Good Copy Bad Copy (2007),0.0
352,2,93790,Detachment (2011),0.0
352,3,4422,Cries and Whispers (Viskningar och rop) (1972),0.0
352,4,4898,Novocaine (2001),0.0
352,5,3833,"Brain That Wouldn't Die, The (1962)",0.0
352,6,7984,From Beyond (1986),0.0
352,7,130976,Legend No. 17 (2013),0.0
352,8,4675,Three Fugitives (1989),0.0
352,9,2436,Tea with Mussolini (1999),0.0
352,10,25959,Annie Get Your Gun (1950),0.0
353,1,7444,13 Going on 30 (2004),0.0
353,2,6558,Curly Sue (1991),0.0
353,3,99910,"Last Stand, The (2013)",0.0
353,4,91485,"Expendables 2, The (2012)",0.0
353,5,1932,"Great Ziegfeld, The (1936)",0.0
353,6,118166,Courier (1987),0.0
353,7,61236,Waltz with Bashir (Vals im Bashir) (2008),0.0
353,8,31424,Alone in the Dark (2005),0.0
353,9,85397,Red Riding Hood (2011),0.0
353,10,55112,Shanghai Kiss (2007),0.0
354,1,7344,"Wrong Arm of the Law, The (1963)",0.0
354,2,4016,"Emperor's New Groove, The (2000)",0.0
354,3,4860,Making the Grade (1984),0.0
354,4,145935,"Peanuts Movie, The (2015)",0.0
354,5,4445,T-Rex: Back to the Cretaceous (1998),0.0
354,6,7084,"Play It Again, Sam (1972)",0.0
354,7,26764,Captain America (1990),0.0
354,8,26782,"Mambo Kings, The (1992)",0.0
354,9,2691,"Legend of 1900, The (a.k.a. The Legend of the Pianist on the Ocean) (Leggenda del pianista sull'oceano) (1998)",0.0
354,10,26593,Hell Comes to Frogtown (1988),0.0
355,1,27850,"Yes Men, The (2003)",0.0
355,2,4351,Point Break (1991),0.0
355,3,4368,Dr. Dolittle 2 (2001),0.0
355,4,59985,Chaos Theory (2007),0.0
355,5,58842,Assembly (Ji jie hao) (2007) ,0.0
355,6,110611,Cold in July (2014),0.0
355,7,48416,School for Scoundrels (2006),0.0
355,8,1641,"Full Monty, The (1997)",0.0
355,9,32011,Cursed (2005),0.0
355,10,4133,Masters of the Universe (1987),0.0
356,1,6057,Biker Boyz (2003),0.0
356,2,37857,MirrorMask (2005),0.0
356,3,113,Before and After (1996),0.0
356,4,146,"Amazing Panda Adventure, The (1995)",0.0
356,5,109191,Winter's Tale (2014),0.0
356,6,71466,City Island (2009),0.0
356,7,2178,Frenzy (1972),0.0
356,8,4936,Fame (1980),0.0
356,9,7728,"Postman Always Rings Twice, The (1946)",0.0
356,10,52967,Away from Her (2006),0.0
357,1,59995,Boy A (2007),0.0
357,2,55094,In the Valley of Elah (2007),0.0
357,3,2806,Teaching Mrs. Tingle (1999),0.0
357,4,26810,Bad Boy Bubby (1993),0.0
357,5,140162,Love (2015),0.0
357,6,7173,Along Came Polly (2004),0.0
357,7,26567,Club Paradise (1986),0.0
357,8,8275,College (1927),0.0
357,9,165551,Lion (2016),0.0
357,10,26124,Robinson Crusoe on Mars (1964),0.0
358,1,3099,Shampoo (1975),0.0
358,2,141004,Victor Frankenstein (2015),0.0
358,3,48593,Man of the Year (2006),0.0
358,4,3194,"Way We Were, The (1973)",0.0
358,5,169958,Buster's Mal Heart (2017),0.0
358,6,315,"Specialist, The (1994)",0.0
358,7,110669,"Honest Liar, An (2014)",0.0
358,8,106540,Delivery Man (2013),0.0
358,9,73042,Alvin and the Chipmunks: The Squeakquel (2009),0.0
358,10,60737,Watching the Detectives (2007),0.0
359,1,8157,Jin Roh: The Wolf Brigade (Jin-Rô) (1998),0.0
359,2,569,Little Big League (1994),0.0
359,3,8338,Black Narcissus (1947),0.0
359,4,96417,Premium Rush (2012),0.0
359,5,116411,Tangerines (2013),0.0
359,6,132362,Patlabor 2: The Movie (1993),0.0
359,7,101739,Evil Dead (2013),0.0
359,8,6303,"Andromeda Strain, The (1971)",0.0
359,9,95543,Ice Age 4: Continental Drift (2012),0.0
359,10,7303,The Diary of Anne Frank (1959),0.0
360,1,38304,No Direction Home: Bob Dylan (2005),0.0
360,2,187595,Solo: A Star Wars Story (2018),0.0
360,3,8617,Butterfield 8 (1960),0.0
360,4,617,"Flower of My Secret, The (La flor de mi secreto) (1995)",0.0
360,5,3933,"Killer Shrews, The (1959)",0.0
360,6,6882,Returner (Ritaanaa) (2002),0.0
360,7,51091,Black Snake Moan (2006),0.0
360,8,7700,"Wages of Fear, The (Salaire de la peur, Le) (1953)",0.0
360,9,8650,Long Day's Journey Into Night (1962),0.0
360,10,1791,Twilight (1998),0.0
361,1,109941,Puss in Boots: The Three Diablos (2012),0.0
361,2,1411,Hamlet (1996),0.0
361,3,2056,In Search of the Castaways (1962),0.0
361,4,7317,EuroTrip (2004),0.0
361,5,4614,Kickboxer (1989),0.0
361,6,5562,Snipes (2001),0.0
361,7,3717,Gone in 60 Seconds (2000),0.0
361,8,51935,Shooter (2007),0.0
361,9,3596,Screwed (2000),0.0
361,10,4553,They Live (1988),0.0
362,1,6433,"Man with the Movie Camera, The (Chelovek s kino-apparatom) (1929)",0.0
362,2,76030,Case 39 (2009),0.0
362,3,2379,Police Academy 2: Their First Assignment (1985),0.0
362,4,129333,Julia (2014),0.0
362,5,26359,1900 (Novecento) (1976),0.0
362,6,3259,Far and Away (1992),0.0
362,7,175475,The Emoji Movie (2017),0.0
362,8,26078,Advise and Consent (1962),0.0
362,9,70361,12 Rounds (2009),0.0
362,10,97665,Asterix & Obelix: God Save Britannia (Astérix et Obélix: Au service de Sa Majesté) (2012),0.0
363,1,117466,In the Heart of the Sea (2015),0.0
363,2,2451,"Gate, The (1987)",0.0
363,3,80553,Howl (2010),0.0
363,4,529,Searching for Bobby Fischer (1993),0.0
363,5,3453,Here on Earth (2000),0.0
363,6,31692,Uncle Nino (2003),0.0
363,7,4141,Head Over Heels (2001),0.0
363,8,4877,Better Than Sex (2000),0.0
363,9,457,"Fugitive, The (1993)",0.0
363,10,31925,Royal Flash (1975),0.0
364,1,97225,Hotel Transylvania (2012),0.0
364,2,95313,Jack-Jack Attack (2005),0.0
364,3,340,"War, The (1994)",0.0
364,4,423,Blown Away (1994),0.0
364,5,12,Dracula: Dead and Loving It (1995),0.0
364,6,26116,"Hush... Hush, Sweet Charlotte (1964)",0.0
364,7,59295,Expelled: No Intelligence Allowed (2008),0.0
364,8,46530,Superman Returns (2006),0.0
364,9,146688,Solace (2015),0.0
364,10,4325,"Night, The (Notte, La) (1960)",0.0
365,1,4537,Running on Empty (1988),0.0
365,2,3286,Snow Day (2000),0.0
365,3,230,Dolores Claiborne (1995),0.0
365,4,6723,Once Upon a Time in China III (Wong Fei-hung tsi sam: Siwong tsangba) (1993),0.0
365,5,71,Fair Game (1995),0.0
365,6,338,Virtuosity (1995),0.0
365,7,87867,Zookeeper (2011),0.0
365,8,6341,"Shape of Things, The (2003)",0.0
365,9,991,Michael Collins (1996),0.0
365,10,88515,Blitz (2011),0.0
366,1,3929,"Bank Dick, The (1940)",0.0
366,2,6367,Down with Love (2003),0.0
366,3,6239,Journey to the Center of the Earth (1959),0.0
366,4,7018,Presumed Innocent (1990),0.0
366,5,90630,Miss Representation (2011),0.0
366,6,7346,"Girl Next Door, The (2004)",0.0
366,7,4039,Annie (1982),0.0
366,8,90603,Batman: Year One (2011),0.0
366,9,165529,Flowers for Algernon (2000),0.0
366,10,95858,For the Birds (2000),0.0
367,1,133771,The Lobster (2015),0.0
367,2,3963,"Unsinkable Molly Brown, The (1964)",0.0
367,3,2316,Practical Magic (1998),0.0
367,4,64622,"Reader, The (2008)",0.0
367,5,26778,Ladybugs (1992),0.0
367,6,3810,White Sands (1992),0.0
367,7,143355,Wonder Woman (2017),0.0
367,8,4675,Three Fugitives (1989),0.0
367,9,6502,28 Days Later (2002),0.0
367,10,6249,Boat Trip (2003),0.0
368,1,44972,Scary Movie 4 (2006),0.0
368,2,79299,"No. 1 Ladies' Detective Agency, The (2008)",0.0
368,3,3039,Trading Places (1983),0.0
368,4,182823,Bright (2017),0.0
368,5,4462,18 Again! (1988),0.0
368,6,4304,Startup.com (2001),0.0
368,7,92198,Seeking Justice (2011),0.0
368,8,8015,"Phantom Tollbooth, The (1970)",0.0
368,9,33834,Land of the Dead (2005),0.0
368,10,59118,Happy-Go-Lucky (2008),0.0
369,1,68319,X-Men Origins: Wolverine (2009),0.0
369,2,5878,Talk to Her (Hable con Ella) (2002),0.0
369,3,77191,Death at a Funeral (2010),0.0
369,4,4571,Bill & Ted's Excellent Adventure (1989),0.0
369,5,129333,Julia (2014),0.0
369,6,107951,Hunting Elephants (2013),0.0
369,7,3045,Peter's Friends (1992),0.0
369,8,80463,"Social Network, The (2010)",0.0
369,9,5438,Men at Work (1990),0.0
369,10,5828,Blackrock (1997),0.0
370,1,57368,Cloverfield (2008),0.0
370,2,7293,50 First Dates (2004),0.0
370,3,95149,Superman/Batman: Public Enemies (2009),0.0
370,4,6107,"Night of the Shooting Stars (Notte di San Lorenzo, La) (1982)",0.0
370,5,74324,Temple Grandin (2010),0.0
370,6,6765,Under the Tuscan Sun (2003),0.0
370,7,26694,Ju Dou (1990),0.0
370,8,3680,"Decline of Western Civilization Part II: The Metal Years, The (1988)",0.0
370,9,36525,Just Like Heaven (2005),0.0
370,10,8024,"Thing Called Love, The (1993)",0.0
371,1,8784,Garden State (2004),0.0
371,2,34319,"Island, The (2005)",0.0
371,3,78626,Barking Dogs Never Bite (Flandersui gae) (2000),0.0
371,4,135887,Minions (2015),0.0
371,5,122888,Ben-hur (2016),0.0
371,6,81791,Somewhere (2010),0.0
371,7,903,Vertigo (1958),0.0
371,8,94959,Moonrise Kingdom (2012),0.0
371,9,105250,"Century of the Self, The (2002)",0.0
371,10,2263,"Seventh Sign, The (1988)",0.0
372,1,58107,Step Up 2 the Streets (2008),0.0
372,2,6341,"Shape of Things, The (2003)",0.0
372,3,103245,Adam and Eve (National Lampoon's Adam & Eve) (2005),0.0
372,4,180263,The Shining (1997),0.0
372,5,143525,Chasuke's Journey (2015),0.0
372,6,5375,"Harvey Girls, The (1946)",0.0
372,7,2273,Rush Hour (1998),0.0
372,8,7844,"Legend, The (Legend of Fong Sai-Yuk, The) (Fong Sai Yuk) (1993)",0.0
372,9,166526,The Space Between Us (2016),0.0
372,10,1678,"Joy Luck Club, The (1993)",0.0
373,1,63312,Krabat (2008),0.0
373,2,43932,Pulse (2006),0.0
373,3,91470,Violet & Daisy (2011),0.0
373,4,3045,Peter's Friends (1992),0.0
373,5,31909,Dr. Giggles (1992),0.0
373,6,34437,Broken Flowers (2005),0.0
373,7,66171,Push (2009),0.0
373,8,95543,Ice Age 4: Continental Drift (2012),0.0
373,9,2126,Snake Eyes (1998),0.0
373,10,3983,You Can Count on Me (2000),0.0
374,1,2139,"Secret of NIMH, The (1982)",0.0
374,2,6852,In Cold Blood (1967),0.0
374,3,2944,"Dirty Dozen, The (1967)",0.0
374,4,189043,Boundaries (2018),0.0
374,5,170697,Gifted (2017),0.0
374,6,5925,"Beast Within, The (1982)",0.0
374,7,49917,When the Levees Broke: A Requiem in Four Acts (2006),0.0
374,8,7004,Kindergarten Cop (1990),0.0
374,9,4369,"Fast and the Furious, The (2001)",0.0
374,10,1856,Kurt & Courtney (1998),0.0
375,1,444,Even Cowgirls Get the Blues (1993),0.0
375,2,1975,Friday the 13th Part 2 (1981),0.0
375,3,7943,"Killers, The (1946)",0.0
375,4,3686,Flatliners (1990),0.0
375,5,8577,Comandante (2003),0.0
375,6,147380,Doctor Who: The Next Doctor (2008),0.0
375,7,7293,50 First Dates (2004),0.0
375,8,3834,Bronco Billy (1980),0.0
375,9,140561,Jeff Ross Roasts Criminals: Live at Brazos County Jail (2015),0.0
375,10,91935,Albatross (2011),0.0
376,1,110350,Free to Play (2014),0.0
376,2,191,"Scarlet Letter, The (1995)",0.0
376,3,2462,Texas Chainsaw Massacre: The Next Generation (a.k.a. The Return of the Texas Chainsaw Massacre) (1994),0.0
376,4,3908,Urban Legends: Final Cut (2000),0.0
376,5,131013,Get Hard (2015),0.0
376,6,89090,Bill Cunningham New York (2011),0.0
376,7,121097,To Grandmother's House We Go (1992),0.0
376,8,95583,Savages (2012),0.0
376,9,4291,Nine to Five (a.k.a. 9 to 5) (1980),0.0
376,10,169904,Guyver: Dark Hero (1994),0.0
377,1,6402,Siam Sunset (1999),0.0
377,2,4034,Traffic (2000),0.0
377,3,1895,Can't Hardly Wait (1998),0.0
377,4,97742,Alex Cross (2012),0.0
377,5,32659,Tanguy (2001),0.0
377,6,3041,Meatballs Part II (1984),0.0
377,7,5321,"Triumph of Love, The (2001)",0.0
377,8,4263,Days of Wine and Roses (1962),0.0
377,9,121342,Carry on Cruising (1962),0.0
377,10,3710,Action Jackson (1988),0.0
378,1,90249,Real Steel (2011),0.0
378,2,5489,Nosferatu the Vampyre (Nosferatu: Phantom der Nacht) (1979),0.0
378,3,128695,The Dark Valley (2014),0.0
378,4,135567,Independence Day: Resurgence (2016),0.0
378,5,92309,"Innkeepers, The (2011)",0.0
378,6,68872,Paisan (Paisà) (1946),0.0
378,7,5454,Mo' Money (1992),0.0
378,8,182639,The Second Renaissance Part II (2003),0.0
378,9,42011,Fun with Dick and Jane (2005),0.0
378,10,30793,Charlie and the Chocolate Factory (2005),0.0
379,1,93766,Wrath of the Titans (2012),0.0
379,2,3004,"Bachelor, The (1999)",0.0
379,3,6948,Tupac: Resurrection (2003),0.0
379,4,786,Eraser (1996),0.0
379,5,6818,Come and See (Idi i smotri) (1985),0.0
379,6,4342,Big Eden (2000),0.0
379,7,3442,Band of the Hand (1986),0.0
379,8,189111,Spiral (2018),0.0
379,9,524,Rudy (1993),0.0
379,10,1170,Best of the Best 3: No Turning Back (1995),0.0
380,1,177185,Maz Jobrani: Immigrant (2017),0.0
380,2,1825,The Players Club (1998),0.0
380,3,147282,What Men Still Talk About (2011),0.0
380,4,86355,Atlas Shrugged: Part 1 (2011),0.0
380,5,55,Georgia (1995),0.0
380,6,2983,"Ipcress File, The (1965)",0.0
380,7,6405,Treasure Island (1950),0.0
380,8,3590,"Lords of Flatbush, The (1974)",0.0
380,9,7493,"Three Faces of Eve, The (1957)",0.0
380,10,3882,Bring It On (2000),0.0
381,1,53123,Once (2006),0.0
381,2,34129,Rebound (2005),0.0
381,3,8118,Delta Force 2 (Delta Force 2: The Colombian Connection) (1990),0.0
381,4,126482,Strange Magic (2015),0.0
381,5,4844,Bandits (2001),0.0
381,6,137218,April Morning (1988),0.0
381,7,5589,Indian Summer (1993),0.0
381,8,4409,Shadows and Fog (1991),0.0
381,9,181,Mighty Morphin Power Rangers: The Movie (1995),0.0
381,10,40583,Syriana (2005),0.0
382,1,164179,Arrival (2016),0.0
382,2,1971,"Nightmare on Elm Street 4: The Dream Master, A (1988)",0.0
382,3,101895,42 (2013),0.0
382,4,39234,North Country (2005),0.0
382,5,7362,Taking Lives (2004),0.0
382,6,5500,Top Secret! (1984),0.0
382,7,70286,District 9 (2009),0.0
382,8,3623,Mission: Impossible II (2000),0.0
382,9,3177,Next Friday (2000),0.0
382,10,6410,Car Wash (1976),0.0
383,1,2465,Deadly Friend (1986),0.0
383,2,32511,"Touch of Zen, A (Xia nu) (1971)",0.0
383,3,85025,"Eagle, The (2011)",0.0
383,4,7891,"Last Man on Earth, The (Ultimo uomo della Terra, L') (1964)",0.0
383,5,5797,"Company of Wolves, The (1984)",0.0
383,6,1351,Blood and Wine (Blood & Wine) (1996),0.0
383,7,1912,Out of Sight (1998),0.0
383,8,2642,Superman III (1983),0.0
383,9,164647,Dirty 30 (2016),0.0
383,10,78209,Get Him to the Greek (2010),0.0
384,1,96121,Hope Springs (2012),0.0
384,2,8575,"Happenstance (Battement d'ailes du papillon, Le) (2001)",0.0
384,3,1456,"Pest, The (1997)",0.0
384,4,66203,He's Just Not That Into You (2009),0.0
384,5,51666,"Abandoned, The (2006)",0.0
384,6,337,What's Eating Gilbert Grape (1993),0.0
384,7,3658,Quatermass and the Pit (1967),0.0
384,8,93502,"Ledge, The (2011)",0.0
384,9,48304,Apocalypto (2006),0.0
384,10,7451,Mean Girls (2004),0.0
385,1,109968,Why Don't You Play In Hell? (Jigoku de naze warui) (2013),0.0
385,2,134368,Spy (2015),0.0
385,3,82093,London Boulevard (2010),0.0
385,4,2928,"Razor's Edge, The (1984)",0.0
385,5,3735,Serpico (1973),0.0
385,6,4235,Amores Perros (Love's a Bitch) (2000),0.0
385,7,6287,Anger Management (2003),0.0
385,8,150548,Sherlock: The Abominable Bride (2016),0.0
385,9,3418,Thelma & Louise (1991),0.0
385,10,4061,The Man in the Moon (1991),0.0
386,1,2819,Three Days of the Condor (3 Days of the Condor) (1975),0.0
386,2,5873,The Emperor's Club (2002),0.0
386,3,8601,Zero de conduite (Zero for Conduct) (Zéro de conduite: Jeunes diables au collège) (1933),0.0
386,4,785,Kingpin (1996),0.0
386,5,135288,Mr. Holmes (2015),0.0
386,6,55269,"Darjeeling Limited, The (2007)",0.0
386,7,6989,Gorky Park (1983),0.0
386,8,2925,"Conformist, The (Conformista, Il) (1970)",0.0
386,9,116797,The Imitation Game (2014),0.0
386,10,133115,We Could Be King (2014),0.0
387,1,1936,Mrs. Miniver (1942),0.0
387,2,48319,Flyboys (2006),0.0
387,3,126420,American Heist (2015),0.0
387,4,1600,She's So Lovely (1997),0.0
387,5,5666,"Rules of Attraction, The (2002)",0.0
387,6,34338,"Aristocrats, The (2005)",0.0
387,7,109941,Puss in Boots: The Three Diablos (2012),0.0
387,8,4862,Not Without My Daughter (1991),0.0
387,9,168418,The Boss Baby (2017),0.0
387,10,5353,Butterflies Are Free (1972),0.0
388,1,14,Nixon (1995),0.0
388,2,750,Dr. Strangelove or: How I Learned to Stop Worrying and Love the Bomb (1964),0.0
388,3,605,One Fine Day (1996),0.0
388,4,3632,Monsieur Verdoux (1947),0.0
388,5,4217,4 Little Girls (1997),0.0
388,6,26736,Riki-Oh: The Story of Ricky (Lik Wong) (1991),0.0
388,7,115617,Big Hero 6 (2014),0.0
388,8,3882,Bring It On (2000),0.0
388,9,72479,"Messenger, The (2009)",0.0
388,10,140133,Hollywood Chainsaw Hookers (1988),0.0
389,1,157270,Barbershop: The Next Cut (2016),0.0
389,2,4636,"Punisher, The (1989)",0.0
389,3,58162,Run Fatboy Run (2007),0.0
389,4,4676,Troop Beverly Hills (1989),0.0
389,5,451,Flesh and Bone (1993),0.0
389,6,5181,Hangar 18 (1980),0.0
389,7,31700,Because of Winn-Dixie (2005),0.0
389,8,33679,Mr. & Mrs. Smith (2005),0.0
389,9,37495,Survive Style 5+ (2004),0.0
389,10,4975,Vanilla Sky (2001),0.0
390,1,7038,Things You Can Tell Just by Looking at Her (2000),0.0
390,2,74916,Greenberg (2010),0.0
390,3,432,City Slickers II: The Legend of Curly's Gold (1994),0.0
390,4,279,My Family (1995),0.0
390,5,528,"Scout, The (1994)",0.0
390,6,31545,"Trou, Le (Hole, The) (Night Watch, The) (1960)",0.0
390,7,3917,Hellraiser (1987),0.0
390,8,3704,Mad Max Beyond Thunderdome (1985),0.0
390,9,5944,Star Trek: Nemesis (2002),0.0
390,10,6062,Lost in La Mancha (2002),0.0
391,1,1123,"Perfect Candidate, A (1996)",0.0
391,2,119141,The Interview (2014),0.0
391,3,4695,Who'll Stop the Rain (1978),0.0
391,4,55061,Electroma (2006),0.0
391,5,3422,She's Gotta Have It (1986),0.0
391,6,97701,Paranormal Activity 4 (2012),0.0
391,7,56805,Walk Hard: The Dewey Cox Story (2007),0.0
391,8,2195,Dirty Work (1998),0.0
391,9,74342,"Captain Newman, M.D. (1963)",0.0
391,10,6643,Tokyo Story (Tôkyô monogatari) (1953),0.0
392,1,144606,Confessions of a Dangerous Mind (2002),0.0
392,2,100556,"Act of Killing, The (2012)",0.0
392,3,106491,47 Ronin (2013),0.0
392,4,30818,Beyond the Sea (2004),0.0
392,5,95004,Superman/Doomsday (2007) ,0.0
392,6,92507,Safe House (2012),0.0
392,7,5156,"Big Doll House, The (1971)",0.0
392,8,5666,"Rules of Attraction, The (2002)",0.0
392,9,127180,"Story of Film: An Odyssey, The (2011)",0.0
392,10,70994,Halloween II (2009),0.0
393,1,68952,Drag Me to Hell (2009),0.0
393,2,86298,Rio (2011),0.0
393,3,92008,Haywire (2011),0.0
393,4,162598,Deepwater Horizon (2016),0.0
393,5,3211,"Cry in the Dark, A (1988)",0.0
393,6,64497,"Day the Earth Stood Still, The (2008)",0.0
393,7,26317,Emmanuelle (1974),0.0
393,8,107945,Bad Karma (2012),0.0
393,9,33801,Godzilla: Final Wars (Gojira: Fainaru uôzu) (2004),0.0
393,10,96832,Holy Motors (2012),0.0
394,1,3338,For All Mankind (1989),0.0
394,2,2875,Sommersby (1993),0.0
394,3,69529,Home (2009),0.0
394,4,27434,Darkness (2002),0.0
394,5,2194,"Untouchables, The (1987)",0.0
394,6,130450,Pan (2015),0.0
394,7,170411,Dave Chappelle: Deep in the Heart of Texas (2017),0.0
394,8,70862,It Might Get Loud (2008),0.0
394,9,160848,The Red Turtle (2016),0.0
394,10,6927,"Human Stain, The (2003)",0.0
395,1,115569,Nightcrawler (2014),0.0
395,2,1231,"Right Stuff, The (1983)",0.0
395,3,2700,"South Park: Bigger, Longer and Uncut (1999)",0.0
395,4,110127,Noah (2014),0.0
395,5,93502,"Ledge, The (2011)",0.0
395,6,67618,Strictly Sexual (2008),0.0
395,7,7727,Protocol (1984),0.0
395,8,1493,Love and Other Catastrophes (1996),0.0
395,9,183,Mute Witness (1994),0.0
395,10,3303,Black Tar Heroin: The Dark End of the Street (2000),0.0
396,1,3703,"Road Warrior, The (Mad Max 2) (1981)",0.0
396,2,6724,Paper Moon (1973),0.0
396,3,4568,Best of the Best (1989),0.0
396,4,44195,Thank You for Smoking (2006),0.0
396,5,5007,Topkapi (1964),0.0
396,6,3430,Death Wish (1974),0.0
396,7,2091,Return from Witch Mountain (1978),0.0
396,8,7015,Only the Lonely (1991),0.0
396,9,6466,Mississippi Masala (1991),0.0
396,10,77414,"Last Song, The (2010)",0.0
397,1,697,Feeling Minnesota (1996),0.0
397,2,5538,"Care Bears Movie, The (1985)",0.0
397,3,5970,My Girl (1991),0.0
397,4,7727,Protocol (1984),0.0
397,5,101142,"Croods, The (2013)",0.0
397,6,89837,Kill List (2011),0.0
397,7,92954,Prayers for Bobby (2009),0.0
397,8,1136,Monty Python and the Holy Grail (1975),0.0
397,9,3230,"Odessa File, The (1974)",0.0
397,10,4104,Ernest Goes to Camp (1987),0.0
398,1,56176,Alvin and the Chipmunks (2007),0.0
398,2,90524,Abduction (2011),0.0
398,3,5485,Tadpole (2002),0.0
398,4,51937,"Hills Have Eyes II, The (2007)",0.0
398,5,7303,The Diary of Anne Frank (1959),0.0
398,6,96518,Prime Suspect 6: The Last Witness (2003),0.0
398,7,7137,"Cooler, The (2003)",0.0
398,8,161582,Hell or High Water (2016),0.0
398,9,6793,Beethoven (1992),0.0
398,10,4727,Captain Corelli's Mandolin (2001),0.0
399,1,8189,Zazie dans le métro (1960),0.0
399,2,4757,Rock Star (2001),0.0
399,3,143255,Narcopolis (2014),0.0
399,4,3676,Eraserhead (1977),0.0
399,5,141688,Legend (2015),0.0
399,6,2943,Indochine (1992),0.0
399,7,7147,Big Fish (2003),0.0
399,8,5841,Return to the Blue Lagoon (1991),0.0
399,9,58655,Drillbit Taylor (2008),0.0
399,10,102033,Pain & Gain (2013),0.0
400,1,1297,Real Genius (1985),0.0
400,2,4275,Krull (1983),0.0
400,3,2886,"Adventures of Elmo in Grouchland, The (1999)",0.0
400,4,58107,Step Up 2 the Streets (2008),0.0
400,5,1564,For Roseanna (Roseanna's Grave) (1997),0.0
400,6,26283,Charley Varrick (1973),0.0
400,7,105,"Bridges of Madison County, The (1995)",0.0
400,8,98697,"Money Money Money (L'aventure, c'est l'aventure) (1972)",0.0
400,9,266,Legends of the Fall (1994),0.0
400,10,2038,"Cat from Outer Space, The (1978)",0.0
401,1,3553,Gossip (2000),0.0
401,2,230,Dolores Claiborne (1995),0.0
401,3,4064,Coffy (1973),0.0
401,4,3552,Caddyshack (1980),0.0
401,5,2332,Belly (1998),0.0
401,6,7387,Dawn of the Dead (1978),0.0
401,7,984,"Pompatus of Love, The (1996)",0.0
401,8,2677,Buena Vista Social Club (1999),0.0
401,9,180,Mallrats (1995),0.0
401,10,1701,Deconstructing Harry (1997),0.0
402,1,116505,New Kids Nitro (2011),0.0
402,2,2916,Total Recall (1990),0.0
402,3,68597,Scorpio (1973),0.0
402,4,145994,Formula of Love (1984),0.0
402,5,91666,Last Holiday (1950),0.0
402,6,823,"Collector, The (La collectionneuse) (1967)",0.0
402,7,26471,Eddie Murphy Delirious (1983),0.0
402,8,103210,Fullmetal Alchemist: The Sacred Star of Milos (2011),0.0
402,9,26662,Kiki's Delivery Service (Majo no takkyûbin) (1989),0.0
402,10,1888,Hope Floats (1998),0.0
403,1,8611,"Farmer's Daughter, The (1947)",0.0
403,2,5812,Far from Heaven (2002),0.0
403,3,25959,Annie Get Your Gun (1950),0.0
403,4,92048,"Whistleblower, The (2010)",0.0
403,5,347,Bitter Moon (1992),0.0
403,6,103210,Fullmetal Alchemist: The Sacred Star of Milos (2011),0.0
403,7,82667,I Saw the Devil (Akmareul boatda) (2010),0.0
403,8,44597,Youth of the Beast (Yaju no seishun) (1963),0.0
403,9,1361,Paradise Lost: The Child Murders at Robin Hood Hills (1996),0.0
403,10,43289,"Bird People in China, The (Chûgoku no chôjin) (1998)",0.0
404,1,45442,Poseidon (2006),0.0
404,2,40955,Breakfast on Pluto (2005),0.0
404,3,26606,"Chinese Ghost Story, A (Sinnui yauwan) (1987)",0.0
404,4,5974,"Thief of Bagdad, The (1940)",0.0
404,5,37386,Aeon Flux (2005),0.0
404,6,88327,"New One-Armed Swordsman, The (Xin du bi dao) (1971)",0.0
404,7,144734,Freaks of Nature (2015),0.0
404,8,5788,All or Nothing (2002),0.0
404,9,42418,"New World, The (2005)",0.0
404,10,6966,Darkman (1990),0.0
405,1,47725,Angel-A (2005),0.0
405,2,3724,Coming Home (1978),0.0
405,3,4788,Moscow Does Not Believe in Tears (Moskva slezam ne verit) (1979),0.0
405,4,91470,Violet & Daisy (2011),0.0
405,5,6235,Europa Europa (Hitlerjunge Salomon) (1990),0.0
405,6,7832,"Thin Man Goes Home, The (1945)",0.0
405,7,110718,Fading Gigolo (2013),0.0
405,8,50274,Venus (2006),0.0
405,9,57536,Strange Wilderness (2008),0.0
405,10,80858,You Again (2010),0.0
406,1,8338,Black Narcissus (1947),0.0
406,2,3062,"Longest Day, The (1962)",0.0
406,3,3706,Angel Heart (1987),0.0
406,4,62586,"American Carol, An (2008)",0.0
406,5,7812,Babylon 5: Thirdspace (1998),0.0
406,6,5952,"Lord of the Rings: The Two Towers, The (2002)",0.0
406,7,3640,"King in New York, A (1957)",0.0
406,8,147196,The Girls (1961),0.0
406,9,7443,This So-Called Disaster (2003),0.0
406,10,935,"Band Wagon, The (1953)",0.0
407,1,1035,"Sound of Music, The (1965)",0.0
407,2,62836,Babylon 5: The Lost Tales - Voices in the Dark (2007),0.0
407,3,6800,Cobra (1986),0.0
407,4,316,Stargate (1994),0.0
407,5,6158,"Jungle Book 2, The (2003)",0.0
407,6,6215,Laurel Canyon (2002),0.0
407,7,54732,Balls of Fury (2007),0.0
407,8,1928,Cimarron (1931),0.0
407,9,183,Mute Witness (1994),0.0
407,10,94931,Take This Waltz (2011),0.0
408,1,37830,Final Fantasy VII: Advent Children (2004),0.0
408,2,6715,Children of the Night (1991),0.0
408,3,4939,"Final Countdown, The (1980)",0.0
408,4,2152,Air Bud: Golden Receiver (1998),0.0
408,5,103606,Stuck in Love (2012),0.0
408,6,1866,"Big Hit, The (1998)",0.0
408,7,53280,"Breed, The (2006)",0.0
408,8,26159,Tokyo Drifter (Tôkyô nagaremono) (1966),0.0
408,9,57,Home for the Holidays (1995),0.0
408,10,3342,Birdy (1984),0.0
409,1,5968,Miami Blues (1990),0.0
409,2,2745,"Mission, The (1986)",0.0
409,3,96488,Searching for Sugar Man (2012),0.0
409,4,19,Ace Ventura: When Nature Calls (1995),0.0
409,5,2085,101 Dalmatians (One Hundred and One Dalmatians) (1961),0.0
409,6,68552,Crossing Over (2009),0.0
409,7,1955,Kramer vs. Kramer (1979),0.0
409,8,158022,Kicking Off (2016),0.0
409,9,4866,"Last Castle, The (2001)",0.0
409,10,229,Death and the Maiden (1994),0.0
410,1,452,Widows' Peak (1994),0.0
410,2,7951,Nightbreed (1990),0.0
410,3,106487,The Hunger Games: Catching Fire (2013),0.0
410,4,176423,Icarus (2017),0.0
410,5,3429,Creature Comforts (1989),0.0
410,6,142056,Iron Man & Hulk: Heroes United (2013),0.0
410,7,1162,"Ruling Class, The (1972)",0.0
410,8,100882,Journey to the West: Conquering the Demons (Daai wa sai you chi Chui mo chun kei) (2013),0.0
410,9,6062,Lost in La Mancha (2002),0.0
410,10,27776,Red Lights (Feux rouges) (2004),0.0
411,1,74530,Percy Jackson & the Olympians: The Lightning Thief (2010),0.0
411,2,113849,Headshot (2011),0.0
411,3,8958,Ray (2004),0.0
411,4,155743,My Big Fat Greek Wedding 2 (2016),0.0
411,5,4189,"Greatest Story Ever Told, The (1965)",0.0
411,6,2620,This Is My Father (1998),0.0
411,7,1928,Cimarron (1931),0.0
411,8,5601,"Yearling, The (1946)",0.0
411,9,41716,"Matador, The (2005)",0.0
411,10,546,Super Mario Bros. (1993),0.0
412,1,60141,St. Trinian's (2007),0.0
412,2,6702,Dickie Roberts: Former Child Star (2003),0.0
412,3,117572,Hit by Lightning (2014),0.0
412,4,1274,Akira (1988),0.0
412,5,8410,Suddenly (1954),0.0
412,6,54686,"Last Legion, The (2007)",0.0
412,7,5110,Super Troopers (2001),0.0
412,8,95654,Geri's Game (1997),0.0
412,9,7587,"Samouraï, Le (Godson, The) (1967)",0.0
412,10,8959,Birth (2004),0.0
413,1,2336,Elizabeth (1998),0.0
413,2,51925,Premonition (2007),0.0
413,3,137857,The Jungle Book (2016),0.0
413,4,8970,Finding Neverland (2004),0.0
413,5,5563,City by the Sea (2002),0.0
413,6,7937,"Silence, The (Tystnaden) (1963)",0.0
413,7,5440,She Wore a Yellow Ribbon (1949),0.0
413,8,5294,Frailty (2001),0.0
413,9,3994,Unbreakable (2000),0.0
413,10,8832,Warriors of Heaven and Earth (Tian di ying xiong) (2003),0.0
414,1,33237,San Francisco (1936),0.0
414,2,1755,Shooting Fish (1997),0.0
414,3,111795,Million Dollar Arm (2014),0.0
414,4,3451,Guess Who's Coming to Dinner (1967),0.0
414,5,4130,Maid to Order (1987),0.0
414,6,5450,Lovely & Amazing (2001),0.0
414,7,43930,Just My Luck (2006),0.0
414,8,92938,Ghost Rider: Spirit of Vengeance (2012),0.0
414,9,147286,The Adventures of Sherlock Holmes and Doctor Watson: The Treasures of Agra (1983),0.0
414,10,1167,Dear God (1996),0.0
415,1,3477,Empire Records (1995),0.0
415,2,416,Bad Girls (1994),0.0
415,3,3827,Space Cowboys (2000),0.0
415,4,7302,"Thief of Bagdad, The (1924)",0.0
415,5,4591,Erik the Viking (1989),0.0
415,6,33966,Cop and ½ (1993),0.0
415,7,62434,Zack and Miri Make a Porno (2008),0.0
415,8,6480,Thoroughly Modern Millie (1967),0.0
415,9,49278,Déjà Vu (Deja Vu) (2006),0.0
415,10,912,Casablanca (1942),0.0
416,1,2338,I Still Know What You Did Last Summer (1998),0.0
416,2,34164,Happy Endings (2005),0.0
416,3,100487,Beautiful Creatures (2013),0.0
416,4,117533,Citizenfour (2014),0.0
416,5,74450,Valentine's Day (2010),0.0
416,6,4260,"Visit, The (2000)",0.0
416,7,2775,Head On (1998),0.0
416,8,2734,"Mosquito Coast, The (1986)",0.0
416,9,4234,"Tailor of Panama, The (2001)",0.0
416,10,2483,"Day of the Beast, The (Día de la Bestia, El) (1995)",0.0
417,1,76751,American Drug War: The Last White Hope (2007),0.0
417,2,65882,"Uninvited, The (2009)",0.0
417,3,31435,Rory O'Shea Was Here (Inside I'm Dancing) (2004),0.0
417,4,1425,Fierce Creatures (1997),0.0
417,5,179211,Christina P: Mother Inferior (2017),0.0
417,6,519,RoboCop 3 (1993),0.0
417,7,44022,Ice Age 2: The Meltdown (2006),0.0
417,8,889,1-900 (06) (1994),0.0
417,9,2617,"Mummy, The (1999)",0.0
417,10,150554,The Love Bug (1997),0.0
418,1,179813,LBJ (2017),0.0
418,2,1179,"Grifters, The (1990)",0.0
418,3,4577,Casualties of War (1989),0.0
418,4,5943,Maid in Manhattan (2002),0.0
418,5,1693,Amistad (1997),0.0
418,6,59731,"Bigger, Stronger, Faster* (2008)",0.0
418,7,4440,"Big Boss, The (Fists of Fury) (Tang shan da xiong) (1971)",0.0
418,8,1689,"Man Who Knew Too Little, The (1997)",0.0
418,9,142961,Life Eternal (2015),0.0
418,10,3587,Inferno (1980),0.0
419,1,996,Last Man Standing (1996),0.0
419,2,27491,Pulse (Kairo) (2001),0.0
419,3,1956,Ordinary People (1980),0.0
419,4,8117,In China They Eat Dogs (I Kina spiser de hunde) (1999),0.0
419,5,180045,Molly's Game (2017),0.0
419,6,67788,Confessions of a Shopaholic (2009),0.0
419,7,42761,Casper Meets Wendy (1998),0.0
419,8,2568,"Mod Squad, The (1999)",0.0
419,9,26903,Whisper of the Heart (Mimi wo sumaseba) (1995),0.0
419,10,2648,Frankenstein (1931),0.0
420,1,27731,"Cat Returns, The (Neko no ongaeshi) (2002)",0.0
420,2,2740,"Kindred, The (1986)",0.0
420,3,101,Bottle Rocket (1996),0.0
420,4,5008,Witness for the Prosecution (1957),0.0
420,5,3045,Peter's Friends (1992),0.0
420,6,6302,Beginning of the End (1957),0.0
420,7,2856,I Saw What You Did (1965),0.0
420,8,32160,Twentieth Century (1934),0.0
420,9,597,Pretty Woman (1990),0.0
420,10,1125,"Return of the Pink Panther, The (1975)",0.0
421,1,5947,Evelyn (2002),0.0
421,2,103137,"Bling Ring, The (2013)",0.0
421,3,172577,Last Year's Snow Was Falling (1983),0.0
421,4,68444,"Great Buck Howard, The (2008)",0.0
421,5,3088,Harvey (1950),0.0
421,6,4265,Driven (2001),0.0
421,7,80,"White Balloon, The (Badkonake sefid) (1995)",0.0
421,8,1034,Freeway (1996),0.0
421,9,117133,Painted Skin (2008),0.0
421,10,8772,"Spy Who Came in from the Cold, The (1965)",0.0
422,1,3148,"Cider House Rules, The (1999)",0.0
422,2,4815,Hearts in Atlantis (2001),0.0
422,3,5816,Harry Potter and the Chamber of Secrets (2002),0.0
422,4,106883,All is Bright (2013),0.0
422,5,3525,Bachelor Party (1984),0.0
422,6,67508,"Baader Meinhof Komplex, Der (2008)",0.0
422,7,2363,Godzilla (Gojira) (1954),0.0
422,8,48560,Running With Scissors (2006),0.0
422,9,3988,How the Grinch Stole Christmas (a.k.a. The Grinch) (2000),0.0
422,10,151653,Welcome to Happiness (2015),0.0
423,1,3141,"Two Jakes, The (1990)",0.0
423,2,142020,Oscar (1967),0.0
423,3,488,M. Butterfly (1993),0.0
423,4,8952,Falling Angels (2003),0.0
423,5,34542,Grizzly Man (2005),0.0
423,6,2467,"Name of the Rose, The (Name der Rose, Der) (1986)",0.0
423,7,3447,"Good Earth, The (1937)",0.0
423,8,3738,"Sugarland Express, The (1974)",0.0
423,9,2272,One True Thing (1998),0.0
423,10,184721,First Reformed (2017),0.0
424,1,1144,"Line King: The Al Hirschfeld Story, The (1996)",0.0
424,2,5833,Dog Soldiers (2002),0.0
424,3,126921,The Fox and the Hound 2 (2006),0.0
424,4,2916,Total Recall (1990),0.0
424,5,68952,Drag Me to Hell (2009),0.0
424,6,172887,Kid's Story (2003),0.0
424,7,4300,Bread and Roses (2000),0.0
424,8,4160,"Widow of St. Pierre, The (Veuve de Saint-Pierre, La) (2000)",0.0
424,9,2539,Analyze This (1999),0.0
424,10,5992,"Hours, The (2002)",0.0
425,1,132362,Patlabor 2: The Movie (1993),0.0
425,2,86345,Louis C.K.: Hilarious (2010),0.0
425,3,8042,Mean Streets (1973),0.0
425,4,49220,For Your Consideration (2006),0.0
425,5,7142,Honey (2003),0.0
425,6,4902,"Devil's Backbone, The (Espinazo del diablo, El) (2001)",0.0
425,7,34542,Grizzly Man (2005),0.0
425,8,2485,She's All That (1999),0.0
425,9,5505,"Good Girl, The (2002)",0.0
425,10,50923,"Astronaut Farmer, The (2007)",0.0
426,1,97785,Silent Hill: Revelation 3D (2012),0.0
426,2,104879,Prisoners (2013),0.0
426,3,475,In the Name of the Father (1993),0.0
426,4,60408,Welcome to the Sticks (Bienvenue chez les Ch'tis) (2008),0.0
426,5,78499,Toy Story 3 (2010),0.0
426,6,5102,Rookie of the Year (1993),0.0
426,7,127052,Operation 'Y' & Other Shurik's Adventures (1965),0.0
426,8,7845,Tremors II: Aftershocks (1996),0.0
426,9,6306,I Am Trying to Break Your Heart (2002),0.0
426,10,8458,To Each His Own (1946),0.0
427,1,68157,Inglourious Basterds (2009),0.0
427,2,4495,Crossing Delancey (1988),0.0
427,3,4404,Faust (1926),0.0
427,4,54745,Rocket Science (2007),0.0
427,5,2362,Glen or Glenda (1953),0.0
427,6,6336,Marooned in Iraq (Gomgashtei dar Aragh) (2002),0.0
427,7,155820,Keanu (2016),0.0
427,8,4879,High Heels and Low Lifes (2001),0.0
427,9,1061,Sleepers (1996),0.0
427,10,3447,"Good Earth, The (1937)",0.0
428,1,158830,The BFG (2016),0.0
428,2,5617,Secretary (2002),0.0
428,3,6235,Europa Europa (Hitlerjunge Salomon) (1990),0.0
428,4,3974,"Little Vampire, The (2000)",0.0
428,5,75416,Generation X (1996),0.0
428,6,166183,Junior and Karlson (1968),0.0
428,7,1613,Star Maps (1997),0.0
428,8,4231,Someone Like You (2001),0.0
428,9,93723,Damsels in Distress (2011),0.0
428,10,7301,Diary of a Country Priest (Journal d'un curé de campagne) (1951),0.0
429,1,117849,La Belle Verte (1996),0.0
429,2,3716,Fatal Beauty (1987),0.0
429,3,60363,Zombie Strippers! (2008),0.0
429,4,2408,Cocoon: The Return (1988),0.0
429,5,51024,The Odyssey (1997),0.0
429,6,83480,Season of the Witch (2011),0.0
429,7,72489,Ninja Assassin (2009),0.0
429,8,5424,Harvard Man (2001),0.0
429,9,133782,Maggie (2015),0.0
429,10,96150,"Queen of Versailles, The (2012)",0.0
430,1,697,Feeling Minnesota (1996),0.0
430,2,2058,"Negotiator, The (1998)",0.0
430,3,6530,"Tenant, The (Locataire, Le) (1976)",0.0
430,4,6251,Piglet's Big Movie (2003),0.0
430,5,5617,Secretary (2002),0.0
430,6,27032,Who Am I? (Wo shi shei) (1998),0.0
430,7,142997,Hotel Transylvania 2 (2015),0.0
430,8,49013,"Santa Clause 3: The Escape Clause, The (2006)",0.0
430,9,2183,"Man Who Knew Too Much, The (1956)",0.0
430,10,6220,Willard (2003),0.0
431,1,2027,Jane Austen's Mafia! (1998),0.0
431,2,3896,"Way of the Gun, The (2000)",0.0
431,3,54785,Halloween (2007),0.0
431,4,139130,Afro Samurai (2007),0.0
431,5,2344,Runaway Train (1985),0.0
431,6,8632,Secret Society (2002),0.0
431,7,941,"Mark of Zorro, The (1940)",0.0
431,8,37857,MirrorMask (2005),0.0
431,9,116823,The Hunger Games: Mockingjay - Part 1 (2014),0.0
431,10,256,Junior (1994),0.0
432,1,2005,"Goonies, The (1985)",0.0
432,2,2887,Simon Sez (1999),0.0
432,3,2634,"Mummy, The (1959)",0.0
432,4,41724,Wal-Mart: The High Cost of Low Price (2005),0.0
432,5,4447,Legally Blonde (2001),0.0
432,6,58972,Nim's Island (2008),0.0
432,7,31445,Employee of the Month (2004),0.0
432,8,4289,"City of Women, The (Città delle donne, La) (1980)",0.0
432,9,2820,Hamlet (1964),0.0
432,10,7840,Gunga Din (1939),0.0
433,1,4093,Cop (1988),0.0
433,2,131826,Iliza Shlesinger: Freezing Hot (2015),0.0
433,3,568,Bhaji on the Beach (1993),0.0
433,4,65088,Bedtime Stories (2008),0.0
433,5,30850,"Merchant of Venice, The (2004)",0.0
433,6,1237,"Seventh Seal, The (Sjunde inseglet, Det) (1957)",0.0
433,7,70286,District 9 (2009),0.0
433,8,55205,Interview (2007),0.0
433,9,135567,Independence Day: Resurgence (2016),0.0
433,10,162350,The Magnificent Seven (2016),0.0
434,1,7411,Munchies (1987),0.0
434,2,31660,Steamboy (Suchîmubôi) (2004),0.0
434,3,4581,Dad (1989),0.0
434,4,4799,"It's a Mad, Mad, Mad, Mad World (1963)",0.0
434,5,84601,Unknown (2011),0.0
434,6,113186,Felony (2013),0.0
434,7,112421,Frank (2014),0.0
434,8,163809,Over the Garden Wall (2013),0.0
434,9,3581,Human Traffic (1999),0.0
434,10,4259,"Luzhin Defence, The (2000)",0.0
435,1,5903,Equilibrium (2002),0.0
435,2,5553,Stakeout (1987),0.0
435,3,5241,Seems Like Old Times (1980),0.0
435,4,93819,Absentia (2011),0.0
435,5,6983,Jane Eyre (1944),0.0
435,6,185135,Sherlock - A Study in Pink (2010),0.0
435,7,464,Hard Target (1993),0.0
435,8,34482,"Browning Version, The (1951)",0.0
435,9,7926,High and Low (Tengoku to jigoku) (1963),0.0
435,10,2018,Bambi (1942),0.0
436,1,7786,Genghis Blues (1999),0.0
436,2,1753,Half Baked (1998),0.0
436,3,6124,Savannah Smiles (1982),0.0
436,4,1136,Monty Python and the Holy Grail (1975),0.0
436,5,2007,Polish Wedding (1998),0.0
436,6,7756,Alexander Nevsky (Aleksandr Nevskiy) (1938),0.0
436,7,1991,Child's Play (1988),0.0
436,8,4645,Cure (1997),0.0
436,9,254,Jefferson in Paris (1995),0.0
436,10,7477,Eye See You (D-Tox) (2002),0.0
437,1,434,Cliffhanger (1993),0.0
437,2,7844,"Legend, The (Legend of Fong Sai-Yuk, The) (Fong Sai Yuk) (1993)",0.0
437,3,6992,Guarding Tess (1994),0.0
437,4,3442,Band of the Hand (1986),0.0
437,5,718,"Visitors, The (Visiteurs, Les) (1993)",0.0
437,6,412,"Age of Innocence, The (1993)",0.0
437,7,5321,"Triumph of Love, The (2001)",0.0
437,8,867,Carpool (1996),0.0
437,9,6124,Savannah Smiles (1982),0.0
437,10,91571,Coriolanus (2011),0.0
438,1,7127,Run (1991),0.0
438,2,71902,Spread (2009),0.0
438,3,33132,State Property 2 (2005),0.0
438,4,688,Operation Dumbo Drop (1995),0.0
438,5,4518,The Lair of the White Worm (1988),0.0
438,6,6577,Kickboxer 2: The Road Back (1991),0.0
438,7,7178,"Great Gatsby, The (1974)",0.0
438,8,76,Screamers (1995),0.0
438,9,26131,"Battle of Algiers, The (La battaglia di Algeri) (1966)",0.0
438,10,6016,City of God (Cidade de Deus) (2002),0.0
439,1,361,It Could Happen to You (1994),0.0
439,2,109483,That Awkward Moment (2014),0.0
439,3,3673,Benji the Hunted (1987),0.0
439,4,4148,Hannibal (2001),0.0
439,5,5435,Hombre (1967),0.0
439,6,2144,Sixteen Candles (1984),0.0
439,7,8196,Beyond the Valley of the Dolls (1970),0.0
439,8,3244,"Goodbye Girl, The (1977)",0.0
439,9,45662,"Omen, The (2006)",0.0
439,10,45732,My Super Ex-Girlfriend (2006),0.0
440,1,162082,Train to Busan (2016),0.0
440,2,2605,Entrapment (1999),0.0
440,3,3862,About Adam (2000),0.0
440,4,63239,Cinderella (1997),0.0
440,5,66097,Coraline (2009),0.0
440,6,1678,"Joy Luck Club, The (1993)",0.0
440,7,89678,Northanger Abbey (2007),0.0
440,8,184721,First Reformed (2017),0.0
440,9,3947,Get Carter (1971),0.0
440,10,3302,Beautiful People (1999),0.0
441,1,84374,No Strings Attached (2011),0.0
441,2,69654,Prison Break: The Final Break (2009),0.0
441,3,1660,Eve's Bayou (1997),0.0
441,4,117364,Virunga (2014),0.0
441,5,4613,K-9 (1989),0.0
441,6,7108,Crime Story (Zhong an zu) (1993),0.0
441,7,2391,"Simple Plan, A (1998)",0.0
441,8,60979,Batman: Gotham Knight (2008),0.0
441,9,7045,"Witches, The (1990)",0.0
441,10,136778,The Squeeze (2015),0.0
442,1,3055,Felicia's Journey (1999),0.0
442,2,33815,"Perfect Man, The (2005)",0.0
442,3,129428,The Second Best Exotic Marigold Hotel (2015),0.0
442,4,5684,Naqoyqatsi (2002),0.0
442,5,183959,Tom Segura: Disgraceful (2018),0.0
442,6,7164,Peter Pan (2003),0.0
442,7,8978,Christmas with the Kranks (2004),0.0
442,8,69275,Dead Snow (Død snø) (2009),0.0
442,9,102058,Hulk Vs. (2009),0.0
442,10,1032,Alice in Wonderland (1951),0.0
443,1,2662,"War of the Worlds, The (1953)",0.0
443,2,1212,"Third Man, The (1949)",0.0
443,3,910,Some Like It Hot (1959),0.0
443,4,56389,My Blueberry Nights (2007),0.0
443,5,36527,Proof (2005),0.0
443,6,1304,Butch Cassidy and the Sundance Kid (1969),0.0
443,7,93723,Damsels in Distress (2011),0.0
443,8,1348,"Nosferatu (Nosferatu, eine Symphonie des Grauens) (1922)",0.0
443,9,104875,"History of Future Folk, The (2012)",0.0
443,10,125916,Fifty Shades of Grey (2015),0.0
444,1,80858,You Again (2010),0.0
444,2,898,"Philadelphia Story, The (1940)",0.0
444,3,6464,Good Burger (1997),0.0
444,4,2664,Invasion of the Body Snatchers (1956),0.0
444,5,4783,"Endurance: Shackleton's Legendary Antarctic Expedition, The (2000)",0.0
444,6,3435,Double Indemnity (1944),0.0
444,7,6440,Barton Fink (1991),0.0
444,8,61073,Hell Ride (2008),0.0
444,9,3113,End of Days (1999),0.0
444,10,74458,Shutter Island (2010),0.0
445,1,2496,Blast from the Past (1999),0.0
445,2,2382,Police Academy 5: Assignment: Miami Beach (1988),0.0
445,3,169,Free Willy 2: The Adventure Home (1995),0.0
445,4,3345,"Charlie, the Lonesome Cougar (1967)",0.0
445,5,4426,Kiss Me Deadly (1955),0.0
445,6,57669,In Bruges (2008),0.0
445,7,75416,Generation X (1996),0.0
445,8,4021,Before Night Falls (2000),0.0
445,9,170827,The Mummy (2017),0.0
445,10,6794,Beethoven's 2nd (1993),0.0
446,1,6870,Mystic River (2003),0.0
446,2,426,Body Snatchers (1993),0.0
446,3,163386,Winnie the Pooh and the Day of Concern (1972),0.0
446,4,74727,Gentlemen of Fortune (Dzhentlmeny udachi) (1972),0.0
446,5,26116,"Hush... Hush, Sweet Charlotte (1964)",0.0
446,6,2382,Police Academy 5: Assignment: Miami Beach (1988),0.0
446,7,3415,"Mirror, The (Zerkalo) (1975)",0.0
446,8,170957,Cars 3 (2017),0.0
446,9,5723,Continental Divide (1981),0.0
446,10,59369,Taken (2008),0.0
447,1,173925,Seven Sisters (2017),0.0
447,2,6718,Gotcha! (1985),0.0
447,3,94122,Comic-Con Episode IV: A Fan's Hope (2011),0.0
447,4,99813,"Batman: The Dark Knight Returns, Part 2 (2013)",0.0
447,5,50912,"Paris, I Love You (Paris, je t'aime) (2006)",0.0
447,6,45648,Game 6 (2005),0.0
447,7,88108,Monte Carlo (2011),0.0
447,8,8640,King Arthur (2004),0.0
447,9,43549,Helter Skelter (2004),0.0
447,10,112450,They Came Together (2014),0.0
448,1,3674,For the Love of Benji (1977),0.0
448,2,2585,"Lovers of the Arctic Circle, The (Los Amantes del Círculo Polar) (1998)",0.0
448,3,234,Exit to Eden (1994),0.0
448,4,30892,In the Realms of the Unreal (2004),0.0
448,5,104017,3 dev adam (Three Giant Men) (1973) ,0.0
448,6,86377,Louis C.K.: Shameless (2007),0.0
448,7,172887,Kid's Story (2003),0.0
448,8,4617,Let It Ride (1989),0.0
448,9,3736,"Ace in the Hole (Big Carnival, The) (1951)",0.0
448,10,4174,Avalon (1990),0.0
449,1,103483,V/H/S/2 (2013),0.0
449,2,140956,Ready Player One,0.0
449,3,26184,"Diamond Arm, The (Brilliantovaya ruka) (1968)",0.0
449,4,159510,Death Smiles on a Murderer (1973),0.0
449,5,7354,Mad Dog and Glory (1993),0.0
449,6,27592,Sympathy for Mr. Vengeance (Boksuneun naui geot) (2002),0.0
449,7,342,Muriel's Wedding (1994),0.0
449,8,6753,Secondhand Lions (2003),0.0
449,9,160954,Nerve (2016),0.0
449,10,3672,Benji (1974),0.0
450,1,4231,Someone Like You (2001),0.0
450,2,5961,Blue Steel (1990),0.0
450,3,90717,Tower Heist (2011),0.0
450,4,25906,Mr. Skeffington (1944),0.0
450,5,310,Rent-a-Kid (1995),0.0
450,6,79428,Dinner for Schmucks (2010),0.0
450,7,7743,Explorers (1985),0.0
450,8,7297,Kitchen Stories (Salmer fra kjøkkenet) (2003),0.0
450,9,95939,"Angels' Share, The (2012)",0.0
450,10,7564,Kwaidan (Kaidan) (1964),0.0
451,1,485,Last Action Hero (1993),0.0
451,2,127136,True Story (2015),0.0
451,3,108190,Divergent (2014),0.0
451,4,147380,Doctor Who: The Next Doctor (2008),0.0
451,5,5580,Aspen Extreme (1993),0.0
451,6,30793,Charlie and the Chocolate Factory (2005),0.0
451,7,7562,Dobermann (1997),0.0
451,8,3795,"Five Senses, The (1999)",0.0
451,9,115170,"Judge, The (2014)",0.0
451,10,61246,Hamlet 2 (2008),0.0
452,1,131237,What Men Talk About (2010),0.0
452,2,130970,George Carlin: Life Is Worth Losing (2005),0.0
452,3,2135,Doctor Dolittle (1967),0.0
452,4,134041,Afonya (1975),0.0
452,5,188301,Ant-Man and the Wasp (2018),0.0
452,6,27865,Azumi (2003),0.0
452,7,184015,When We First Met (2018),0.0
452,8,127212,The Stanford Prison Experiment (2015),0.0
452,9,144262,Slow Learners (2015),0.0
452,10,2929,Reds (1981),0.0
453,1,6664,Commando (1985),0.0
453,2,2822,Medicine Man (1992),0.0
453,3,8875,"Come Back, Little Sheba (1952)",0.0
453,4,8446,Sands of Iwo Jima (1949),0.0
453,5,32862,With Six You Get Eggroll (1968),0.0
453,6,95744,2 Days in New York (2012),0.0
453,7,5884,Chopper Chicks in Zombietown (1989),0.0
453,8,188833,The Man Who Killed Don Quixote (2018),0.0
453,9,2389,Psycho (1998),0.0
453,10,6023,Band of Outsiders (Bande à part) (1964),0.0
454,1,70159,Orphan (2009),0.0
454,2,148,"Awfully Big Adventure, An (1995)",0.0
454,3,9010,Love Me If You Dare (Jeux d'enfants) (2003),0.0
454,4,2355,"Bug's Life, A (1998)",0.0
454,5,1633,Ulee's Gold (1997),0.0
454,6,2633,"Mummy, The (1932)",0.0
454,7,4568,Best of the Best (1989),0.0
454,8,5347,Deuces Wild (2002),0.0
454,9,4649,Wet Hot American Summer (2001),0.0
454,10,84716,Castaway on the Moon (Kimssi pyoryugi) (2009),0.0
455,1,95690,Some Guy Who Kills People (2011),0.0
455,2,89470,Contagion (2011),0.0
455,3,96829,"Hunt, The (Jagten) (2012)",0.0
455,4,40583,Syriana (2005),0.0
455,5,6374,"In-Laws, The (2003)",0.0
455,6,31,Dangerous Minds (1995),0.0
455,7,3711,Sarafina! (1992),0.0
455,8,6365,"Matrix Reloaded, The (2003)",0.0
455,9,144714,The Perfect Guy (2015),0.0
455,10,87869,Horrible Bosses (2011),0.0
456,1,743,Spy Hard (1996),0.0
456,2,745,Wallace & Gromit: A Close Shave (1995),0.0
456,3,218,Boys on the Side (1995),0.0
456,4,39414,Shopgirl (2005),0.0
456,5,2655,Howling II: Your Sister Is a Werewolf (1985),0.0
456,6,122092,Guy X (2005),0.0
456,7,56176,Alvin and the Chipmunks (2007),0.0
456,8,8973,Bad Education (La mala educación) (2004),0.0
456,9,96417,Premium Rush (2012),0.0
456,10,4256,"Center of the World, The (2001)",0.0
457,1,866,Bound (1996),0.0
457,2,114762,Two Night Stand (2014),0.0
457,3,3409,Final Destination (2000),0.0
457,4,103171,Schlussmacher (2013),0.0
457,5,306,Three Colors: Red (Trois couleurs: Rouge) (1994),0.0
457,6,906,Gaslight (1944),0.0
457,7,6935,"Revolution Will Not Be Televised, The (a.k.a. Chavez: Inside the Coup) (2003)",0.0
457,8,56152,Enchanted (2007),0.0
457,9,4278,Triumph of the Will (Triumph des Willens) (1934),0.0
457,10,210,Wild Bill (1995),0.0
458,1,155820,Keanu (2016),0.0
458,2,1677,Critical Care (1997),0.0
458,3,57183,Like Stars on Earth (Taare Zameen Par) (2007),0.0
458,4,71160,"Hunt For Gollum, The (2009)",0.0
458,5,26712,35 Up (1991),0.0
458,6,1148,Wallace & Gromit: The Wrong Trousers (1993),0.0
458,7,8626,Dr. Terror's House of Horrors (1965),0.0
458,8,182299,Porky's Hare Hunt (1938),0.0
458,9,3078,Liberty Heights (1999),0.0
458,10,4599,Great Balls of Fire! (1989),0.0
459,1,191005,Gintama (2017),0.0
459,2,870,Gone Fishin' (1997),0.0
459,3,50356,The Little World of Don Camillo (1952),0.0
459,4,587,Ghost (1990),0.0
459,5,7147,Big Fish (2003),0.0
459,6,122912,Avengers: Infinity War - Part I (2018),0.0
459,7,59900,You Don't Mess with the Zohan (2008),0.0
459,8,27815,"Chorus, The (Choristes, Les) (2004)",0.0
459,9,59126,Religulous (2008),0.0
459,10,3086,Babes in Toyland (1934),0.0
460,1,32139,"Agony and the Ecstasy, The (1965)",0.0
460,2,172497,T2 3-D: Battle Across Time (1996),0.0
460,3,51575,Wild Hogs (2007),0.0
460,4,3130,Bonfire of the Vanities (1990),0.0
460,5,8714,Night and Day (1946),0.0
460,6,184015,When We First Met (2018),0.0
460,7,122912,Avengers: Infinity War - Part I (2018),0.0
460,8,74668,District 13: Ultimatum (Banlieue 13 - Ultimatum) (2009),0.0
460,9,142424,Into the Forest (2015),0.0
460,10,79091,Despicable Me (2010),0.0
461,1,148482,Truth (2015),0.0
461,2,1084,Bonnie and Clyde (1967),0.0
461,3,2169,Dead Man on Campus (1998),0.0
461,4,31083,Man Trouble (1992),0.0
461,5,409,Above the Rim (1994),0.0
461,6,5588,"Hills Have Eyes, The (1977)",0.0
461,7,7705,Pat and Mike (1952),0.0
461,8,1546,Schizopolis (1996),0.0
461,9,3715,Burglar (1987),0.0
461,10,116529,Stalingrad (2013),0.0
462,1,3024,Piranha (1978),0.0
462,2,4029,State and Main (2000),0.0
462,3,1426,Zeus and Roxanne (1997),0.0
462,4,304,Roommates (1995),0.0
462,5,8331,"Man Who Came to Dinner, The (1942)",0.0
462,6,160646,Goat (2016),0.0
462,7,86721,Idiots and Angels (2008),0.0
462,8,2918,Ferris Bueller's Day Off (1986),0.0
462,9,4333,Throw Momma from the Train (1987),0.0
462,10,6982,Forbidden Games (Jeux interdits) (1952),0.0
463,1,80363,Resident Evil: Afterlife (2010),0.0
463,2,7940,The Magician (1958),0.0
463,3,8609,Our Hospitality (1923),0.0
463,4,27692,And Starring Pancho Villa as Himself (2003),0.0
463,5,50005,Curse of the Golden Flower (Man cheng jin dai huang jin jia) (2006),0.0
463,6,3447,"Good Earth, The (1937)",0.0
463,7,3217,"Star Is Born, A (1937)",0.0
463,8,1592,Air Bud (1997),0.0
463,9,2609,"King of Masks, The (Bian Lian) (1996)",0.0
463,10,1962,Driving Miss Daisy (1989),0.0
464,1,92094,Einstein and Eddington (2008),0.0
464,2,2111,"Man with Two Brains, The (1983)",0.0
464,3,105355,Blue Is the Warmest Color (La vie d'Adèle) (2013),0.0
464,4,86922,Nothing to Declare (Rien à déclarer) (2010),0.0
464,5,32392,800 Bullets (800 Balas) (2002),0.0
464,6,7706,Animal Crackers (1930),0.0
464,7,232,Eat Drink Man Woman (Yin shi nan nu) (1994),0.0
464,8,56757,Sweeney Todd: The Demon Barber of Fleet Street (2007),0.0
464,9,76091,Mother (Madeo) (2009),0.0
464,10,86835,Priest (2011),0.0
465,1,5076,"Adventures of Huck Finn, The (1993)",0.0
465,2,74532,Cop Out (2010),0.0
465,3,48982,Flushed Away (2006),0.0
465,4,7255,Win a Date with Tad Hamilton! (2004),0.0
465,5,2186,Strangers on a Train (1951),0.0
465,6,605,One Fine Day (1996),0.0
465,7,67168,Dance of the Dead (2008),0.0
465,8,193581,Black Butler: Book of the Atlantic (2017),0.0
465,9,114847,Autómata (Automata) (2014),0.0
465,10,79590,"Rebound, The (2009)",0.0
466,1,7728,"Postman Always Rings Twice, The (1946)",0.0
466,2,161,Crimson Tide (1995),0.0
466,3,3715,Burglar (1987),0.0
466,4,7561,Paperhouse (1988),0.0
466,5,47382,Step Up (2006),0.0
466,6,55363,"Assassination of Jesse James by the Coward Robert Ford, The (2007)",0.0
466,7,2335,"Waterboy, The (1998)",0.0
466,8,3740,Big Trouble in Little China (1986),0.0
466,9,22,Copycat (1995),0.0
466,10,3950,Tigerland (2000),0.0
467,1,3075,Repulsion (1965),0.0
467,2,333,Tommy Boy (1995),0.0
467,3,1839,My Giant (1998),0.0
467,4,129514,George Carlin: It's Bad for Ya! (2008),0.0
467,5,162344,Tom Segura: Mostly Stories (2016),0.0
467,6,3745,Titan A.E. (2000),0.0
467,7,1913,Picnic at Hanging Rock (1975),0.0
467,8,26649,Lonesome Dove (1989),0.0
467,9,4032,"Everlasting Piece, An (2000)",0.0
467,10,93326,This Means War (2012),0.0
468,1,486,Life with Mikey (1993),0.0
468,2,3626,8 ½ Women (a.k.a. 8 1/2 Women) (a.k.a. Eight and a Half Women) (1999),0.0
468,3,3968,Bedazzled (2000),0.0
468,4,99437,John Dies at the End (2012),0.0
468,5,3077,42 Up (1998),0.0
468,6,4617,Let It Ride (1989),0.0
468,7,3897,Almost Famous (2000),0.0
468,8,6597,"Princess Blade, The (Shura Yukihime) (2001)",0.0
468,9,5238,Return of the Secaucus 7 (1980),0.0
468,10,4062,Mystic Pizza (1988),0.0
469,1,7884,Highway 61 (1991),0.0
469,2,60857,"Tracey Fragments, The (2007)",0.0
469,3,74677,"Yes Men Fix the World, The (2009)",0.0
469,4,5638,Godzilla vs. Mothra (Mosura tai Gojira) (1964),0.0
469,5,7727,Protocol (1984),0.0
469,6,105653,Escape Plan (2013),0.0
469,7,242,Farinelli: il castrato (1994),0.0
469,8,4161,"Mexican, The (2001)",0.0
469,9,1980,Friday the 13th Part VII: The New Blood (1988),0.0
469,10,27003,Beowulf (1999),0.0
470,1,573,"Ciao, Professore! (Io speriamo che me la cavo) (1992)",0.0
470,2,4473,Bat*21 (1988),0.0
470,3,71264,Cloudy with a Chance of Meatballs (2009),0.0
470,4,63082,Slumdog Millionaire (2008),0.0
470,5,98503,Half a Loaf of Kung Fu (Dian zhi gong fu gan chian chan) (1980),0.0
470,6,56757,Sweeney Todd: The Demon Barber of Fleet Street (2007),0.0
470,7,2046,Flight of the Navigator (1986),0.0
470,8,55094,In the Valley of Elah (2007),0.0
470,9,4092,Cherry 2000 (1987),0.0
470,10,27839,"Ring Two, The (2005)",0.0
471,1,31433,"Wedding Date, The (2005)",0.0
471,2,190221,Hommage à Zgougou (et salut à Sabine Mamou) (2002),0.0
471,3,4802,Operation Petticoat (1959),0.0
471,4,51037,Unknown (2006),0.0
471,5,2153,"Avengers, The (1998)",0.0
471,6,3041,Meatballs Part II (1984),0.0
471,7,1997,"Exorcist, The (1973)",0.0
471,8,181413,Too Funny to Fail: The Life and Death of The Dana Carvey Show (2017),0.0
471,9,126548,The DUFF (2015),0.0
471,10,110882,Locke (2013),0.0
472,1,1422,Murder at 1600 (1997),0.0
472,2,7217,Dark Passage (1947),0.0
472,3,50158,Stomp the Yard (2007),0.0
472,4,128099,Jim Jefferies: BARE (2014),0.0
472,5,99638,Fish Story (Fisshu sutôrî) (2009),0.0
472,6,48214,Land of Plenty (Angst and Alienation in America) (2004),0.0
472,7,3077,42 Up (1998),0.0
472,8,4953,"People That Time Forgot, The (1977)",0.0
472,9,8574,"Claymation Christmas Celebration, A (1987)",0.0
472,10,5955,Antwone Fisher (2002),0.0
473,1,2334,"Siege, The (1998)",0.0
473,2,110826,Brick Mansions (2014),0.0
473,3,37720,"Exorcism of Emily Rose, The (2005)",0.0
473,4,5463,Reign of Fire (2002),0.0
473,5,81788,"Next Three Days, The (2010)",0.0
473,6,85438,Jane Eyre (2011),0.0
473,7,3669,Stay Tuned (1992),0.0
473,8,3761,"Blood In, Blood Out (1993)",0.0
473,9,4304,Startup.com (2001),0.0
473,10,1416,Evita (1996),0.0
474,1,187595,Solo: A Star Wars Story (2018),0.0
474,2,5988,Quicksilver (1986),0.0
474,3,4406,"Man Who Shot Liberty Valance, The (1962)",0.0
474,4,93,Vampire in Brooklyn (1995),0.0
474,5,304,Roommates (1995),0.0
474,6,3617,Road Trip (2000),0.0
474,7,210,Wild Bill (1995),0.0
474,8,26796,"Heart in Winter, A (Un coeur en hiver) (1992)",0.0
474,9,1759,"Four Days in September (O Que É Isso, Companheiro?) (1997)",0.0
474,10,27793,Starship Troopers 2: Hero of the Federation (2004),0.0
475,1,5649,Horror of Dracula (Dracula) (1958),0.0
475,2,5428,Cheech & Chong's The Corsican Brothers (1984),0.0
475,3,6611,Umberto D. (1952),0.0
475,4,2428,"Faculty, The (1998)",0.0
475,5,109633,"Garden of Words, The (Koto no ha no niwa) (2013)",0.0
475,6,6586,American Wedding (American Pie 3) (2003),0.0
475,7,87,Dunston Checks In (1996),0.0
475,8,88785,"Change-Up, The (2011)",0.0
475,9,90746,"Adventures of Tintin, The (2011)",0.0
475,10,1690,Alien: Resurrection (1997),0.0
476,1,111659,Maleficent (2014),0.0
476,2,1552,Con Air (1997),0.0
476,3,6181,"Red Badge of Courage, The (1951)",0.0
476,4,115667,"Love, Rosie (2014)",0.0
476,5,31435,Rory O'Shea Was Here (Inside I'm Dancing) (2004),0.0
476,6,170297,Ultimate Avengers 2 (2006),0.0
476,7,48518,"Texas Chainsaw Massacre: The Beginning, The (2006)",0.0
476,8,3983,You Can Count on Me (2000),0.0
476,9,3024,Piranha (1978),0.0
476,10,1656,Swept from the Sea (1997),0.0
477,1,161290,Vigilante Diaries (2016),0.0
477,2,26777,"Stolen Children (Ladro di bambini, Il) (1992)",0.0
477,3,109317,Someone Marry Barry (2014),0.0
477,4,5974,"Thief of Bagdad, The (1940)",0.0
477,5,142456,The Brand New Testament (2015),0.0
477,6,75947,Mondo Cane (1962),0.0
477,7,88746,Terri (2011),0.0
477,8,556,"War Room, The (1993)",0.0
477,9,352,Crooklyn (1994),0.0
477,10,72982,Alice (2009),0.0
478,1,1179,"Grifters, The (1990)",0.0
478,2,1464,Lost Highway (1997),0.0
478,3,49957,"History Boys, The (2006)",0.0
478,4,34520,"Dukes of Hazzard, The (2005)",0.0
478,5,7324,Hidalgo (2004),0.0
478,6,4154,Recess: School's Out (2001),0.0
478,7,7007,"Last Boy Scout, The (1991)",0.0
478,8,233,Exotica (1994),0.0
478,9,108601,Drift (2013),0.0
478,10,7349,Broken Wings (Knafayim Shvurot) (2002),0.0
479,1,58783,Youth Without Youth (2007),0.0
479,2,5943,Maid in Manhattan (2002),0.0
479,3,7333,"Corbeau, Le (Raven, The) (1943)",0.0
479,4,1956,Ordinary People (1980),0.0
479,5,179427,Dane Cook: Troublemaker (2014),0.0
479,6,2488,Peeping Tom (1960),0.0
479,7,3690,Porky's Revenge (1985),0.0
479,8,336,"Walking Dead, The (1995)",0.0
479,9,8456,Investigation of a Citizen Above Suspicion (Indagine su un cittadino al di sopra di ogni sospetto) (1970),0.0
479,10,4864,Titanica (1992),0.0
480,1,3466,Heart and Souls (1993),0.0
480,2,64278,"Pervert's Guide to Cinema, The (2006)",0.0
480,3,7193,"Adventures of Ford Fairlane, The (1990)",0.0
480,4,976,"Farewell to Arms, A (1932)",0.0
480,5,7247,Chitty Chitty Bang Bang (1968),0.0
480,6,23,Assassins (1995),0.0
480,7,3249,"Hand That Rocks the Cradle, The (1992)",0.0
480,8,61986,Appaloosa (2008),0.0
480,9,2177,Family Plot (1976),0.0
480,10,4852,Bones (2001),0.0
481,1,104,Happy Gilmore (1996),0.0
481,2,3161,Onegin (1999),0.0
481,3,115122,What We Do in the Shadows (2014),0.0
481,4,187595,Solo: A Star Wars Story (2018),0.0
481,5,48385,Borat: Cultural Learnings of America for Make Benefit Glorious Nation of Kazakhstan (2006),0.0
481,6,179491,Mayhem (2017),0.0
481,7,1260,M (1931),0.0
481,8,95543,Ice Age 4: Continental Drift (2012),0.0
481,9,2125,Ever After: A Cinderella Story (1998),0.0
481,10,3608,Pee-wee's Big Adventure (1985),0.0
482,1,6264,"Core, The (2003)",0.0
482,2,1124,On Golden Pond (1981),0.0
482,3,2155,"Slums of Beverly Hills, The (1998)",0.0
482,4,27478,Ali G Indahouse (2002),0.0
482,5,99130,Ice Cream Man (1995),0.0
482,6,115667,"Love, Rosie (2014)",0.0
482,7,4002,"Planes, Trains & Automobiles (1987)",0.0
482,8,7360,Dawn of the Dead (2004),0.0
482,9,63393,Camp Rock (2008),0.0
482,10,4902,"Devil's Backbone, The (Espinazo del diablo, El) (2001)",0.0
483,1,58154,"Other Boleyn Girl, The (2008)",0.0
483,2,78041,Killers (2010),0.0
483,3,109578,Non-Stop (2014),0.0
483,4,1043,To Gillian on Her 37th Birthday (1996),0.0
483,5,58554,"Class, The (Klass) (2007)",0.0
483,6,32296,Miss Congeniality 2: Armed and Fabulous (2005),0.0
483,7,91976,"Grey, The (2012)",0.0
483,8,54617,"Brice Man, The (Brice de Nice) (2005)",0.0
483,9,174403,The Putin Interviews (2017),0.0
483,10,155812,Get a Job (2016),0.0
484,1,71902,Spread (2009),0.0
484,2,390,Faster Pussycat! Kill! Kill! (1965),0.0
484,3,7354,Mad Dog and Glory (1993),0.0
484,4,168266,T2: Trainspotting (2017),0.0
484,5,3109,"River, The (1984)",0.0
484,6,114662,American Sniper (2014),0.0
484,7,48678,Feast (2005),0.0
484,8,2456,"Fly II, The (1989)",0.0
484,9,107771,Only Lovers Left Alive (2013),0.0
484,10,118997,Into the Woods (2014),0.0
485,1,135536,Suicide Squad (2016),0.0
485,2,47566,Born to Kill (1947),0.0
485,3,139415,Irrational Man (2015),0.0
485,4,176601,Black Mirror,0.0
485,5,4380,"Princess and the Warrior, The (Krieger und die Kaiserin, Der) (2000)",0.0
485,6,4482,"Bright Lights, Big City (1988)",0.0
485,7,6550,Johnny English (2003),0.0
485,8,152,"Addiction, The (1995)",0.0
485,9,41527,Paradise Now (2005),0.0
485,10,5454,Mo' Money (1992),0.0
486,1,169034,Lemonade (2016),0.0
486,2,2877,Tommy (1975),0.0
486,3,6153,Zapped! (1982),0.0
486,4,4010,Brewster's Millions (1985),0.0
486,5,1407,Scream (1996),0.0
486,6,67788,Confessions of a Shopaholic (2009),0.0
486,7,2069,"Trip to Bountiful, The (1985)",0.0
486,8,1395,Tin Men (1987),0.0
486,9,1007,"Apple Dumpling Gang, The (1975)",0.0
486,10,111320,Mom's Night Out (2014),0.0
487,1,48412,"Guardian, The (2006)",0.0
487,2,47465,Tideland (2005),0.0
487,3,8918,Eulogy (2004),0.0
487,4,25865,"Letter, The (1940)",0.0
487,5,6934,"Matrix Revolutions, The (2003)",0.0
487,6,6365,"Matrix Reloaded, The (2003)",0.0
487,7,3691,Private School (1983),0.0
487,8,147376,Doctor Who: A Christmas Carol (2010),0.0
487,9,7706,Animal Crackers (1930),0.0
487,10,2788,Monty Python's And Now for Something Completely Different (1971),0.0
488,1,3624,Shanghai Noon (2000),0.0
488,2,105835,"Double, The (2013)",0.0
488,3,2050,Herbie Goes Bananas (1980),0.0
488,4,4954,Ocean's Eleven (a.k.a. Ocean's 11) (1960),0.0
488,5,3510,Frequency (2000),0.0
488,6,113207,Get on Up (2014),0.0
488,7,6998,House of Cards (1993),0.0
488,8,4420,"Barefoot Contessa, The (1954)",0.0
488,9,2377,Lifeforce (1985),0.0
488,10,2572,10 Things I Hate About You (1999),0.0
489,1,2492,20 Dates (1998),0.0
489,2,173235,Tokyo Idols (2017),0.0
489,3,2436,Tea with Mussolini (1999),0.0
489,4,2836,Outside Providence (1999),0.0
489,5,3086,Babes in Toyland (1934),0.0
489,6,948,Giant (1956),0.0
489,7,62434,Zack and Miri Make a Porno (2008),0.0
489,8,26317,Emmanuelle (1974),0.0
489,9,110281,King of Comedy (Hei kek ji wong) (1999),0.0
489,10,4777,"American Astronaut, The (2001)",0.0
490,1,136598,Vacation (2015),0.0
490,2,2598,Pushing Tin (1999),0.0
490,3,59016,Street Kings (2008),0.0
490,4,77206,Diary of a Wimpy Kid (2010),0.0
490,5,105801,Escape From Tomorrow (2013),0.0
490,6,183897,Isle of Dogs (2018),0.0
490,7,2492,20 Dates (1998),0.0
490,8,4032,"Everlasting Piece, An (2000)",0.0
490,9,2792,Airplane II: The Sequel (1982),0.0
490,10,6686,"Medallion, The (2003)",0.0
491,1,112788,Sex Tape (2014),0.0
491,2,1399,Marvin's Room (1996),0.0
491,3,117529,Jurassic World (2015),0.0
491,4,89939,Gigi (1949),0.0
491,5,1357,Shine (1996),0.0
491,6,2048,"Great Mouse Detective, The (1986)",0.0
491,7,26849,"Stand, The (1994)",0.0
491,8,6433,"Man with the Movie Camera, The (Chelovek s kino-apparatom) (1929)",0.0
491,9,183199,Quest (2017),0.0
491,10,5584,Ernest Goes to Jail (1990),0.0
492,1,147374,"Doctor Who: The Doctor, the Widow and the Wardrobe (2011)",0.0
492,2,115149,John Wick (2014),0.0
492,3,60471,Rogue (2007),0.0
492,4,27741,"Twilight Samurai, The (Tasogare Seibei) (2002)",0.0
492,5,95313,Jack-Jack Attack (2005),0.0
492,6,5461,Me Without You (2001),0.0
492,7,47937,Severance (2006),0.0
492,8,1457,Fools Rush In (1997),0.0
492,9,4615,Last Exit to Brooklyn (1989),0.0
492,10,5747,Gallipoli (1981),0.0
493,1,1928,Cimarron (1931),0.0
493,2,432,City Slickers II: The Legend of Curly's Gold (1994),0.0
493,3,55908,"Man from Earth, The (2007)",0.0
493,4,51931,Reign Over Me (2007),0.0
493,5,412,"Age of Innocence, The (1993)",0.0
493,6,62434,Zack and Miri Make a Porno (2008),0.0
493,7,5675,Swept Away (2002),0.0
493,8,1437,"Cement Garden, The (1993)",0.0
493,9,1005,D3: The Mighty Ducks (1996),0.0
493,10,1759,"Four Days in September (O Que É Isso, Companheiro?) (1997)",0.0
494,1,4624,Meet the Feebles (1989),0.0
494,2,3683,Blood Simple (1984),0.0
494,3,84954,"Adjustment Bureau, The (2011)",0.0
494,4,5899,Zulu (1964),0.0
494,5,4353,Uncommon Valor (1983),0.0
494,6,185473,Blockers (2018),0.0
494,7,72226,Fantastic Mr. Fox (2009),0.0
494,8,275,Mixed Nuts (1994),0.0
494,9,3735,Serpico (1973),0.0
494,10,6535,"Legally Blonde 2: Red, White & Blonde (2003)",0.0
495,1,90717,Tower Heist (2011),0.0
495,2,5833,Dog Soldiers (2002),0.0
495,3,107447,Wrong Cops (2013),0.0
495,4,5470,The Importance of Being Earnest (1952),0.0
495,5,2196,Knock Off (1998),0.0
495,6,6958,"Haunted Mansion, The (2003)",0.0
495,7,53435,Hostel: Part II (2007),0.0
495,8,5476,Halloween: Resurrection (Halloween 8) (2002),0.0
495,9,5165,Zombie (a.k.a. Zombie 2: The Dead Are Among Us) (Zombi 2) (1979),0.0
495,10,6025,CB4 - The Movie (1993),0.0
496,1,7310,Raw Deal (1986),0.0
496,2,3868,"Naked Gun: From the Files of Police Squad!, The (1988)",0.0
496,3,95449,Magic Mike (2012),0.0
496,4,1107,Loser (1991),0.0
496,5,103449,Passion (2012),0.0
496,6,4991,Joe Somebody (2001),0.0
496,7,4511,High Spirits (1988),0.0
496,8,116044,Christmas in Connecticut (1992),0.0
496,9,3362,Dog Day Afternoon (1975),0.0
496,10,1747,Wag the Dog (1997),0.0
497,1,105746,UnHung Hero (2013),0.0
497,2,4580,Cyborg (1989),0.0
497,3,801,Harriet the Spy (1996),0.0
497,4,34528,Junebug (2005),0.0
497,5,2524,"Towering Inferno, The (1974)",0.0
497,6,6201,Lady Jane (1986),0.0
497,7,128968,Stitch! The Movie (2003),0.0
497,8,3436,Dying Young (1991),0.0
497,9,26562,White Nights (1985),0.0
497,10,6270,Akira Kurosawa's Dreams (Dreams) (1990),0.0
498,1,36289,Asterix & Obelix vs. Caesar (Astérix et Obélix contre César) (1999),0.0
498,2,82459,True Grit (2010),0.0
498,3,932,"Affair to Remember, An (1957)",0.0
498,4,74685,"Crazies, The (2010)",0.0
498,5,84844,Brother 2 (Brat 2) (2000),0.0
498,6,165347,Jack Reacher: Never Go Back (2016),0.0
498,7,8782,Thunderbirds (2004),0.0
498,8,64957,"Curious Case of Benjamin Button, The (2008)",0.0
498,9,3512,Return to Me (2000),0.0
498,10,4465,"Accused, The (1988)",0.0
499,1,45668,"Lake House, The (2006)",0.0
499,2,3062,"Longest Day, The (1962)",0.0
499,3,4541,"Serpent and the Rainbow, The (1988)",0.0
499,4,74696,Last Train Home (2009),0.0
499,5,5116,Designing Woman (1957),0.0
499,6,1608,Air Force One (1997),0.0
499,7,5524,Blue Crush (2002),0.0
499,8,135787,Bruce Lee: A Warrior's Journey (2000),0.0
499,9,118702,Unbroken (2014),0.0
499,10,133365,Partisan (2015),0.0
500,1,3801,Anatomy of a Murder (1959),0.0
500,2,193609,Andrew Dice Clay: Dice Rules (1991),0.0
500,3,2983,"Ipcress File, The (1965)",0.0
500,4,4956,"Stunt Man, The (1980)",0.0
500,5,209,White Man's Burden (1995),0.0
500,6,25771,"Andalusian Dog, An (Chien andalou, Un) (1929)",0.0
500,7,940,"Adventures of Robin Hood, The (1938)",0.0
500,8,6609,"Gospel According to St. Matthew, The (Vangelo secondo Matteo, Il) (1964)",0.0
500,9,86833,Bridesmaids (2011),0.0
500,10,2774,Better Than Chocolate (1999),0.0
501,1,2558,Forces of Nature (1999),0.0
501,2,4890,Shallow Hal (2001),0.0
501,3,136838,Kiss me Kismet (2006),0.0
501,4,2582,Twin Dragons (Shuang long hui) (1992),0.0
501,5,95839,"Christmas Carol, A (1999)",0.0
501,6,7041,Trapped in Paradise (1994),0.0
501,7,140110,The Intern (2015),0.0
501,8,8382,Hello Again (1987),0.0
501,9,356,Forrest Gump (1994),0.0
501,10,3263,White Men Can't Jump (1992),0.0
502,1,4243,Brigham City (2001),0.0
502,2,2122,Children of the Corn (1984),0.0
502,3,7016,Over the Top (1987),0.0
502,4,99750,"Iceman, The (2012)",0.0
502,5,142536,Burnt (2015),0.0
502,6,7487,Henry & June (1990),0.0
502,7,110350,Free to Play (2014),0.0
502,8,7340,Just One of the Guys (1985),0.0
502,9,138610,The Gallows (2015),0.0
502,10,7375,"Prince & Me, The (2004)",0.0
503,1,3418,Thelma & Louise (1991),0.0
503,2,47736,"Chump at Oxford, A (1940)",0.0
503,3,46,How to Make an American Quilt (1995),0.0
503,4,64278,"Pervert's Guide to Cinema, The (2006)",0.0
503,5,5465,All About Lily Chou-Chou (Riri Shushu no subete) (2001),0.0
503,6,501,Naked (1993),0.0
503,7,193,Showgirls (1995),0.0
503,8,48678,Feast (2005),0.0
503,9,8928,"Fearless Vampire Killers, The (1967)",0.0
503,10,6395,"Crazies, The (a.k.a. Code Name: Trixie) (1973)",0.0
504,1,4037,House of Games (1987),0.0
504,2,136305,Sharknado 3: Oh Hell No! (2015),0.0
504,3,50954,It's a Boy Girl Thing (2006),0.0
504,4,84512,Girls About Town (1931),0.0
504,5,3608,Pee-wee's Big Adventure (1985),0.0
504,6,2860,Blue Streak (1999),0.0
504,7,188797,Tag (2018),0.0
504,8,139717,10 Cent Pistol (2015),0.0
504,9,25753,Greed (1924),0.0
504,10,50160,Miss Potter (2006),0.0
505,1,7132,"Night at the Opera, A (1935)",0.0
505,2,95858,For the Birds (2000),0.0
505,3,193,Showgirls (1995),0.0
505,4,57526,Untraceable (2008),0.0
505,5,4649,Wet Hot American Summer (2001),0.0
505,6,1812,Wide Awake (1998),0.0
505,7,1816,Two Girls and a Guy (1997),0.0
505,8,6542,"Cuckoo, The (Kukushka) (2002)",0.0
505,9,78574,Winter's Bone (2010),0.0
505,10,3591,Mr. Mom (1983),0.0
506,1,55620,For the Bible Tells Me So (2007),0.0
506,2,6181,"Red Badge of Courage, The (1951)",0.0
506,3,6057,Biker Boyz (2003),0.0
506,4,2698,Zone 39 (1997),0.0
506,5,26366,Harlan County U.S.A. (1976),0.0
506,6,79428,Dinner for Schmucks (2010),0.0
506,7,2066,Out of the Past (1947),0.0
506,8,25795,Dinner at Eight (1933),0.0
506,9,103384,"Lone Ranger, The (2013)",0.0
506,10,6945,My Architect: A Son's Journey (2003),0.0
507,1,31692,Uncle Nino (2003),0.0
507,2,56379,"Maxed Out: Hard Times, Easy Credit and the Era of Predatory Lenders (2006)",0.0
507,3,27434,Darkness (2002),0.0
507,4,70703,Christopher Columbus: The Discovery (1992),0.0
507,5,6593,Freaky Friday (2003),0.0
507,6,7894,"Duck, You Sucker (1971)",0.0
507,7,2354,"Rugrats Movie, The (1998)",0.0
507,8,6213,Tears of the Sun (2003),0.0
507,9,5585,Ernest Scared Stupid (1991),0.0
507,10,2692,Run Lola Run (Lola rennt) (1998),0.0
508,1,193573,Love Live! The School Idol Movie (2015),0.0
508,2,8981,Closer (2004),0.0
508,3,3067,Women on the Verge of a Nervous Breakdown (Mujeres al borde de un ataque de nervios) (1988),0.0
508,4,68650,Powder Blue (2009),0.0
508,5,4786,"Legend of Hell House, The (1973)",0.0
508,6,66198,"International, The (2009)",0.0
508,7,6440,Barton Fink (1991),0.0
508,8,130073,Cinderella (2015),0.0
508,9,8677,Flash Gordon Conquers the Universe (1940),0.0
508,10,7316,Confessions of a Teenage Drama Queen (2004),0.0
509,1,2403,First Blood (Rambo: First Blood) (1982),0.0
509,2,2342,Hard Core Logo (1996),0.0
509,3,88448,Paper Birds (Pájaros de papel) (2010),0.0
509,4,134528,Aloha (2015),0.0
509,5,89427,Shark Night 3D (2011),0.0
509,6,5630,Red Dragon (2002),0.0
509,7,104211,We're the Millers (2013),0.0
509,8,30745,Gozu (Gokudô kyôfu dai-gekijô: Gozu) (2003),0.0
509,9,170399,CHiPS (2017),0.0
509,10,103339,White House Down (2013),0.0
510,1,1635,"Ice Storm, The (1997)",0.0
510,2,955,Bringing Up Baby (1938),0.0
510,3,99114,Django Unchained (2012),0.0
510,4,96832,Holy Motors (2012),0.0
510,5,97938,Life of Pi (2012),0.0
510,6,118997,Into the Woods (2014),0.0
510,7,125,Flirting With Disaster (1996),0.0
510,8,183,Mute Witness (1994),0.0
510,9,5584,Ernest Goes to Jail (1990),0.0
510,10,2091,Return from Witch Mountain (1978),0.0
511,1,1797,Everest (1998),0.0
511,2,1821,"Object of My Affection, The (1998)",0.0
511,3,5992,"Hours, The (2002)",0.0
511,4,74696,Last Train Home (2009),0.0
511,5,1515,Volcano (1997),0.0
511,6,85020,"Mechanic, The (2011)",0.0
511,7,49917,When the Levees Broke: A Requiem in Four Acts (2006),0.0
511,8,30825,Meet the Fockers (2004),0.0
511,9,3929,"Bank Dick, The (1940)",0.0
511,10,66,Lawnmower Man 2: Beyond Cyberspace (1996),0.0
512,1,44197,Find Me Guilty (2006),0.0
512,2,7993,"Bucket Of Blood, A (1959)",0.0
512,3,8998,That's Entertainment (1974),0.0
512,4,278,Miami Rhapsody (1995),0.0
512,5,1739,3 Ninjas: High Noon On Mega Mountain (1998),0.0
512,6,58425,Heima (2007),0.0
512,7,1185,My Left Foot (1989),0.0
512,8,6720,Kuffs (1992),0.0
512,9,37380,Doom (2005),0.0
512,10,155358,Camino (2016),0.0
513,1,32598,Fever Pitch (2005),0.0
513,2,109317,Someone Marry Barry (2014),0.0
513,3,2686,"Red Violin, The (Violon rouge, Le) (1998)",0.0
513,4,3093,McCabe & Mrs. Miller (1971),0.0
513,5,52287,Meet the Robinsons (2007),0.0
513,6,5470,The Importance of Being Earnest (1952),0.0
513,7,1495,Turbo: A Power Rangers Movie (1997),0.0
513,8,133780,Güeros (2014),0.0
513,9,3841,Air America (1990),0.0
513,10,6322,Confidence (2003),0.0
514,1,91094,"Muppets, The (2011)",0.0
514,2,64969,Yes Man (2008),0.0
514,3,4380,"Princess and the Warrior, The (Krieger und die Kaiserin, Der) (2000)",0.0
514,4,57499,Heaven and Earth (Ten to Chi to) (1990),0.0
514,5,3000,Princess Mononoke (Mononoke-hime) (1997),0.0
514,6,30892,In the Realms of the Unreal (2004),0.0
514,7,26159,Tokyo Drifter (Tôkyô nagaremono) (1966),0.0
514,8,8199,Ugetsu (Ugetsu monogatari) (1953),0.0
514,9,27592,Sympathy for Mr. Vengeance (Boksuneun naui geot) (2002),0.0
514,10,3955,"Ladies Man, The (2000)",0.0
515,1,1653,Gattaca (1997),0.0
515,2,61123,High School Musical 2 (2007),0.0
515,3,4717,"Battle Creek Brawl (Big Brawl, The) (1980)",0.0
515,4,59947,"Protector, The (1985)",0.0
515,5,1380,Grease (1978),0.0
515,6,4478,Biloxi Blues (1988),0.0
515,7,99750,"Iceman, The (2012)",0.0
515,8,103984,"Great Beauty, The (Grande Bellezza, La) (2013)",0.0
515,9,109241,On the Other Side of the Tracks (De l'autre côté du périph) (2012),0.0
515,10,1371,Star Trek: The Motion Picture (1979),0.0
516,1,3511,Ready to Rumble (2000),0.0
516,2,6303,"Andromeda Strain, The (1971)",0.0
516,3,2876,Thumbelina (1994),0.0
516,4,8119,Crossroads (1986),0.0
516,5,55908,"Man from Earth, The (2007)",0.0
516,6,7009,Lorenzo's Oil (1992),0.0
516,7,59333,Made of Honor (2008),0.0
516,8,678,Some Folks Call It a Sling Blade (1993),0.0
516,9,177285,Sword Art Online The Movie: Ordinal Scale (2017),0.0
516,10,2605,Entrapment (1999),0.0
517,1,179813,LBJ (2017),0.0
517,2,117849,La Belle Verte (1996),0.0
517,3,122918,Guardians of the Galaxy 2 (2017),0.0
517,4,117176,The Theory of Everything (2014),0.0
517,5,27156,"Neon Genesis Evangelion: The End of Evangelion (Shin seiki Evangelion Gekijô-ban: Air/Magokoro wo, kimi ni) (1997)",0.0
517,6,119141,The Interview (2014),0.0
517,7,1992,Child's Play 2 (1990),0.0
517,8,4636,"Punisher, The (1989)",0.0
517,9,2465,Deadly Friend (1986),0.0
517,10,66090,Eden Lake (2008),0.0
518,1,133545,Just Before I Go (2014),0.0
518,2,4262,Scarface (1983),0.0
518,3,5288,"Atomic Cafe, The (1982)",0.0
518,4,95780,Dragon Ball Z: Bio-Broly (Doragon bôru Z 11: Sûpâ senshi gekiha! Katsu no wa ore da) (1994),0.0
518,5,6748,"Brood, The (1979)",0.0
518,6,5012,Yentl (1983),0.0
518,7,148667,John Mulaney: The Comeback Kid (2015),0.0
518,8,113394,"Pretty One, The (2013)",0.0
518,9,442,Demolition Man (1993),0.0
518,10,806,American Buffalo (1996),0.0
519,1,70301,Obsessed (2009),0.0
519,2,26764,Captain America (1990),0.0
519,3,50842,"Boss of It All, The (Direktøren for det hele) (2006)",0.0
519,4,6884,Veronica Guerin (2003),0.0
519,5,51698,"Last Mimzy, The (2007)",0.0
519,6,4502,Ernest Saves Christmas (1988),0.0
519,7,3593,Battlefield Earth (2000),0.0
519,8,116738,DeadHeads (2011),0.0
519,9,2104,Tex (1982),0.0
519,10,2460,"Texas Chainsaw Massacre 2, The (1986)",0.0
520,1,53280,"Breed, The (2006)",0.0
520,2,80553,Howl (2010),0.0
520,3,49265,Shooting Dogs (a.k.a. Beyond the Gates) (2005),0.0
520,4,45186,Mission: Impossible III (2006),0.0
520,5,3593,Battlefield Earth (2000),0.0
520,6,90057,Take Shelter (2011),0.0
520,7,3347,Never Cry Wolf (1983),0.0
520,8,44851,Go for Zucker! (Alles auf Zucker!) (2004),0.0
520,9,7108,Crime Story (Zhong an zu) (1993),0.0
520,10,111732,"Dance of Reality, The (Danza de la realidad, La) (2013)",0.0
521,1,143969,Er ist wieder da (2015),0.0
521,2,8458,To Each His Own (1946),0.0
521,3,108981,Nymphomaniac: Volume II (2013),0.0
521,4,43917,Eight Below (2006),0.0
521,5,635,"Family Thing, A (1996)",0.0
521,6,5212,"Octagon, The (1980)",0.0
521,7,3208,Loaded Weapon 1 (National Lampoon's Loaded Weapon 1) (1993),0.0
521,8,5480,Stuart Little 2 (2002),0.0
521,9,175293,Gena the Crocodile (1969),0.0
521,10,31925,Royal Flash (1975),0.0
522,1,116849,Sex Ed (2014),0.0
522,2,73681,"Concert, Le (2009)",0.0
522,3,3108,"Fisher King, The (1991)",0.0
522,4,59022,Harold & Kumar Escape from Guantanamo Bay (2008),0.0
522,5,42018,Mrs. Henderson Presents (2005),0.0
522,6,38159,"Short Film About Love, A (Krótki film o milosci) (1988)",0.0
522,7,3739,Trouble in Paradise (1932),0.0
522,8,27441,Blood: The Last Vampire (2000),0.0
522,9,173255,"Norm Macdonald: Hitler's Dog, Gossip & Trickery (2017)",0.0
522,10,2988,Melvin and Howard (1980),0.0
523,1,7052,Mary of Scotland (1936),0.0
523,2,61246,Hamlet 2 (2008),0.0
523,3,2082,"Mighty Ducks, The (1992)",0.0
523,4,2087,Peter Pan (1953),0.0
523,5,65682,Underworld: Rise of the Lycans (2009),0.0
523,6,803,Walking and Talking (1996),0.0
523,7,54372,Tell No One (Ne le dis à personne) (2006),0.0
523,8,26696,Lionheart (1990),0.0
523,9,3145,Cradle Will Rock (1999),0.0
523,10,2882,Jakob the Liar (1999),0.0
524,1,95165,Dragon Ball Z the Movie: The World's Strongest (a.k.a. Dragon Ball Z: The Strongest Guy in The World) (Doragon bôru Z: Kono yo de ichiban tsuyoi yatsu) (1990),0.0
524,2,2349,Mona Lisa (1986),0.0
524,3,27368,Asterix & Obelix: Mission Cleopatra (Astérix & Obélix: Mission Cléopâtre) (2002),0.0
524,4,40815,Harry Potter and the Goblet of Fire (2005),0.0
524,5,387,"Low Down Dirty Shame, A (1994)",0.0
524,6,1009,Escape to Witch Mountain (1975),0.0
524,7,42018,Mrs. Henderson Presents (2005),0.0
524,8,44022,Ice Age 2: The Meltdown (2006),0.0
524,9,59315,Iron Man (2008),0.0
524,10,4278,Triumph of the Will (Triumph des Willens) (1934),0.0
525,1,83270,Made in Dagenham (2010),0.0
525,2,135887,Minions (2015),0.0
525,3,1393,Jerry Maguire (1996),0.0
525,4,83613,Cowboys & Aliens (2011),0.0
525,5,134528,Aloha (2015),0.0
525,6,4090,"Brave Little Toaster, The (1987)",0.0
525,7,3965,"Strange Love of Martha Ivers, The (1946)",0.0
525,8,49276,Let's Go to Prison (2006),0.0
525,9,95499,Dragon Ball Z: Broly - The Legendary Super Saiyan (Doragon bôru Z 8: Moetsukiro!! Nessen retsusen-chô gekisen) (1993),0.0
525,10,2935,"Lady Eve, The (1941)",0.0
526,1,74,Bed of Roses (1996),0.0
526,2,6534,Hulk (2003),0.0
526,3,3496,Madame Sousatzka (1988),0.0
526,4,2462,Texas Chainsaw Massacre: The Next Generation (a.k.a. The Return of the Texas Chainsaw Massacre) (1994),0.0
526,5,2623,Trippin' (1999),0.0
526,6,3266,Man Bites Dog (C'est arrivé près de chez vous) (1992),0.0
526,7,107565,"Fuck You, Goethe (Fack Ju Göhte) (2013)",0.0
526,8,136664,Wild Horses (2015),0.0
526,9,1321,"American Werewolf in London, An (1981)",0.0
526,10,4526,My Stepmother Is an Alien (1988),0.0
527,1,26792,Sidekicks (1992),0.0
527,2,4830,Brubaker (1980),0.0
527,3,8270,"Hairdresser's Husband, The (Le mari de la coiffeuse) (1990)",0.0
527,4,53883,"Power of Nightmares, The: The Rise of the Politics of Fear (2004)",0.0
527,5,160954,Nerve (2016),0.0
527,6,2930,Return with Honor (1998),0.0
527,7,6979,WarGames (1983),0.0
527,8,40581,Just Friends (2005),0.0
527,9,4615,Last Exit to Brooklyn (1989),0.0
527,10,185435,"Game Over, Man! (2018)",0.0
528,1,2633,"Mummy, The (1932)",0.0
528,2,48877,Saw III (2006),0.0
528,3,34528,Junebug (2005),0.0
528,4,3043,Meatballs 4 (1992),0.0
528,5,103235,"Best Offer, The (Migliore offerta, La) (2013)",0.0
528,6,61323,Burn After Reading (2008),0.0
528,7,5525,Mostly Martha (Bella Martha) (2001),0.0
528,8,58191,Taxi to the Dark Side (2007),0.0
528,9,84944,Rango (2011),0.0
528,10,95633,Spirit Camp (2009),0.0
529,1,32659,Tanguy (2001),0.0
529,2,108078,Chinese Puzzle (Casse-tête chinois) (2013),0.0
529,3,31973,Germany Year Zero (Germania anno zero) (Deutschland im Jahre Null) (1948),0.0
529,4,7448,Envy (2004),0.0
529,5,136838,Kiss me Kismet (2006),0.0
529,6,88108,Monte Carlo (2011),0.0
529,7,160684,Marauders (2016),0.0
529,8,7123,Naked Lunch (1991),0.0
529,9,6238,Green Card (1990),0.0
529,10,7073,"Shot in the Dark, A (1964)",0.0
530,1,4239,Blow (2001),0.0
530,2,89343,Red State (2011),0.0
530,3,71106,Frequently Asked Questions About Time Travel (2009),0.0
530,4,6193,Poolhall Junkies (2002),0.0
530,5,6044,Blind Date (1984),0.0
530,6,291,Poison Ivy II (1996),0.0
530,7,1422,Murder at 1600 (1997),0.0
530,8,31410,"Downfall (Untergang, Der) (2004)",0.0
530,9,7846,Tremors 3: Back to Perfection (2001),0.0
530,10,34162,Wedding Crashers (2005),0.0
531,1,126482,Strange Magic (2015),0.0
531,2,3063,Poison Ivy (1992),0.0
531,3,82093,London Boulevard (2010),0.0
531,4,157130,Despite the Falling Snow (2016),0.0
531,5,2474,"Color of Money, The (1986)",0.0
531,6,26242,Duel (1971),0.0
531,7,118696,The Hobbit: The Battle of the Five Armies (2014),0.0
531,8,80969,Never Let Me Go (2010),0.0
531,9,4917,MacArthur (1977),0.0
531,10,2571,"Matrix, The (1999)",0.0
532,1,2114,"Outsiders, The (1983)",0.0
532,2,3219,Pacific Heights (1990),0.0
532,3,32587,Sin City (2005),0.0
532,4,3006,"Insider, The (1999)",0.0
532,5,95004,Superman/Doomsday (2007) ,0.0
532,6,190183,The Darkest Minds (2018),0.0
532,7,100306,Angst  (1983),0.0
532,8,2018,Bambi (1942),0.0
532,9,165639,While You Were Fighting: A Thor Mockumentary (2016),0.0
532,10,46965,Snakes on a Plane (2006),0.0
533,1,61818,"Crow, The: Wicked Prayer (2005)",0.0
533,2,8905,1492: Conquest of Paradise (1992),0.0
533,3,32906,"Ascent, The (Voskhozhdeniye) (1977)",0.0
533,4,3590,"Lords of Flatbush, The (1974)",0.0
533,5,172589,Winter in Prostokvashino (1984),0.0
533,6,8921,"Rose Tattoo, The (1955)",0.0
533,7,96007,Dragon Ball GT: A Hero's Legacy (Doragon bôru GT: Gokû gaiden! Yûki no akashi wa sû-shin-chû) (1997),0.0
533,8,649,Cold Fever (Á köldum klaka) (1995),0.0
533,9,8607,Tokyo Godfathers (2003),0.0
533,10,8916,Shall We Dance? (2004),0.0
534,1,3682,Magnum Force (1973),0.0
534,2,474,In the Line of Fire (1993),0.0
534,3,1936,Mrs. Miniver (1942),0.0
534,4,173925,Seven Sisters (2017),0.0
534,5,35807,"Teahouse of the August Moon, The (1956)",0.0
534,6,2732,Jules and Jim (Jules et Jim) (1961),0.0
534,7,4688,Black Robe (1991),0.0
534,8,7371,Dogville (2003),0.0
534,9,5147,Wild Strawberries (Smultronstället) (1957),0.0
534,10,140267,The Witch (2015),0.0
535,1,32234,Julia (1977),0.0
535,2,36527,Proof (2005),0.0
535,3,6934,"Matrix Revolutions, The (2003)",0.0
535,4,1975,Friday the 13th Part 2 (1981),0.0
535,5,148978,Blue Exorcist: The Movie (2012),0.0
535,6,5475,Z (1969),0.0
535,7,2919,"Year of Living Dangerously, The (1982)",0.0
535,8,7092,Anna Karenina (1935),0.0
535,9,175293,Gena the Crocodile (1969),0.0
535,10,7439,"Punisher, The (2004)",0.0
536,1,635,"Family Thing, A (1996)",0.0
536,2,108689,"I, Frankenstein (2014)",0.0
536,3,5817,Ararat (2002),0.0
536,4,88125,Harry Potter and the Deathly Hallows: Part 2 (2011),0.0
536,5,176751,American Made (2017),0.0
536,6,4818,Extreme Days (2001),0.0
536,7,1082,"Candidate, The (1972)",0.0
536,8,7934,Zelig (1983),0.0
536,9,5755,Happy Birthday to Me (1981),0.0
536,10,143355,Wonder Woman (2017),0.0
537,1,4835,Coal Miner's Daughter (1980),0.0
537,2,6424,Oscar (1991),0.0
537,3,4519,"Land Before Time, The (1988)",0.0
537,4,101577,"Host, The (2013)",0.0
537,5,25752,"Freshman, The (1925)",0.0
537,6,255,"Jerky Boys, The (1995)",0.0
537,7,172,Johnny Mnemonic (1995),0.0
537,8,1488,"Devil's Own, The (1997)",0.0
537,9,184053,Battle Planet (2008),0.0
537,10,58425,Heima (2007),0.0
538,1,6460,"Trial, The (Procès, Le) (1962)",0.0
538,2,3844,Steel Magnolias (1989),0.0
538,3,109313,Chouchou (2003),0.0
538,4,98503,Half a Loaf of Kung Fu (Dian zhi gong fu gan chian chan) (1980),0.0
538,5,73881,3 Idiots (2009),0.0
538,6,115617,Big Hero 6 (2014),0.0
538,7,36533,Cry_Wolf (a.k.a. Cry Wolf) (2005),0.0
538,8,258,"Kid in King Arthur's Court, A (1995)",0.0
538,9,2843,"Black Cat, White Cat (Crna macka, beli macor) (1998)",0.0
538,10,55205,Interview (2007),0.0
539,1,4492,Critters (1986),0.0
539,2,77177,Wild China (2008),0.0
539,3,78105,Prince of Persia: The Sands of Time (2010),0.0
539,4,140816,Tangerine (2015),0.0
539,5,5922,Attila (Attila Flagello di Dio) (1982),0.0
539,6,1497,Double Team (1997),0.0
539,7,280,Murder in the First (1995),0.0
539,8,1068,Crossfire (1947),0.0
539,9,145724,Idaho Transfer (1973),0.0
539,10,34542,Grizzly Man (2005),0.0
540,1,25782,Boudu Saved From Drowning (Boudu sauvé des eaux) (1932),0.0
540,2,4014,Chocolat (2000),0.0
540,3,8987,Bush's Brain (2004),0.0
540,4,6119,Santa Claus Is a Stinker (Le Père Noël est une ordure) (1982),0.0
540,5,91622,Young Adult (2011),0.0
540,6,26150,Andrei Rublev (Andrey Rublyov) (1969),0.0
540,7,27751,'Salem's Lot (2004),0.0
540,8,1354,Breaking the Waves (1996),0.0
540,9,3402,Turtle Diary (1985),0.0
540,10,40966,"Libertine, The (2004)",0.0
541,1,2928,"Razor's Edge, The (1984)",0.0
541,2,142115,The Blue Planet (2001),0.0
541,3,7012,Mr. Destiny (1990),0.0
541,4,2373,Red Sonja (1985),0.0
541,5,4441,Game of Death (1978),0.0
541,6,3987,Bounce (2000),0.0
541,7,2421,"Karate Kid, Part II, The (1986)",0.0
541,8,4876,Thirteen Ghosts (a.k.a. Thir13en Ghosts) (2001),0.0
541,9,51939,TMNT (Teenage Mutant Ninja Turtles) (2007),0.0
541,10,114818,Stretch (2014),0.0
542,1,74946,She's Out of My League (2010),0.0
542,2,142196,Cornered! (2009),0.0
542,3,26471,Eddie Murphy Delirious (1983),0.0
542,4,66427,My Name Is Bruce (2007),0.0
542,5,3400,We're Back! A Dinosaur's Story (1993),0.0
542,6,26350,"Passenger, The (Professione: reporter) (1975)",0.0
542,7,103772,"Wolverine, The (2013)",0.0
542,8,4202,Fuzz (1972),0.0
542,9,41724,Wal-Mart: The High Cost of Low Price (2005),0.0
542,10,434,Cliffhanger (1993),0.0
543,1,51167,My Father and My Son (Babam ve oglum) (2005),0.0
543,2,173941,Atomic Blonde (2017),0.0
543,3,1955,Kramer vs. Kramer (1979),0.0
543,4,1136,Monty Python and the Holy Grail (1975),0.0
543,5,2841,Stir of Echoes (1999),0.0
543,6,6912,You'll Never Get Rich (1941),0.0
543,7,49278,Déjà Vu (Deja Vu) (2006),0.0
543,8,574,Spanking the Monkey (1994),0.0
543,9,83374,"Warrior's Way, The (2010)",0.0
543,10,3638,Moonraker (1979),0.0
544,1,7326,"Reckoning, The (2004)",0.0
544,2,171867,Rough Night (2017),0.0
544,3,6559,Little Giants (1994),0.0
544,4,1017,Swiss Family Robinson (1960),0.0
544,5,147384,Doctor Who: The Runaway Bride (2007),0.0
544,6,112334,"Internet's Own Boy: The Story of Aaron Swartz, The (2014)",0.0
544,7,3957,Billy Jack (1971),0.0
544,8,1650,Washington Square (1997),0.0
544,9,7062,Birdman of Alcatraz (1962),0.0
544,10,180263,The Shining (1997),0.0
545,1,117368,The Madagascar Penguins in a Christmas Caper (2005),0.0
545,2,102735,Captain America (1979),0.0
545,3,4378,Sexy Beast (2000),0.0
545,4,46723,Babel (2006),0.0
545,5,63826,Splinter (2008),0.0
545,6,42191,Luxo Jr. (1986),0.0
545,7,1608,Air Force One (1997),0.0
545,8,66785,"Good, the Bad, the Weird, The (Joheunnom nabbeunnom isanghannom) (2008)",0.0
545,9,3249,"Hand That Rocks the Cradle, The (1992)",0.0
545,10,102445,Star Trek Into Darkness (2013),0.0
546,1,198,Strange Days (1995),0.0
546,2,51498,2001 Maniacs (2005),0.0
546,3,8375,"Hunting of the President, The (2004)",0.0
546,4,168248,John Wick: Chapter Two (2017),0.0
546,5,25746,"Hunchback of Notre Dame, The (1923)",0.0
546,6,31086,Battles Without Honor & Humanity (Jingi naki tatakai) (1973),0.0
546,7,5296,"Sweetest Thing, The (2002)",0.0
546,8,6410,Car Wash (1976),0.0
546,9,7443,This So-Called Disaster (2003),0.0
546,10,45,To Die For (1995),0.0
547,1,125970,Halloweentown (1998),0.0
547,2,56715,Wristcutters: A Love Story (2006),0.0
547,3,6482,Dumb and Dumberer: When Harry Met Lloyd (2003),0.0
547,4,26819,Fortress (1992),0.0
547,5,74508,Persuasion (2007),0.0
547,6,70492,Winds of the Wasteland (1936),0.0
547,7,4116,Hollywood Shuffle (1987),0.0
547,8,2710,"Blair Witch Project, The (1999)",0.0
547,9,8375,"Hunting of the President, The (2004)",0.0
547,10,34072,"March of the Penguins (Marche de l'empereur, La) (2005)",0.0
548,1,2710,"Blair Witch Project, The (1999)",0.0
548,2,75416,Generation X (1996),0.0
548,3,78034,Cemetery Junction (2010),0.0
548,4,6305,Fahrenheit 451 (1966),0.0
548,5,3357,East-West (Est-ouest) (1999),0.0
548,6,8754,"Prime of Miss Jean Brodie, The (1969)",0.0
548,7,4558,Twins (1988),0.0
548,8,59725,Sex and the City (2008),0.0
548,9,182749,Judd Apatow: The Return (2017),0.0
548,10,3500,Mr. Saturday Night (1992),0.0
549,1,174141,Belladonna of Sadness (1973),0.0
549,2,6476,Shattered (1991),0.0
549,3,141866,Green Room (2015),0.0
549,4,936,Ninotchka (1939),0.0
549,5,934,Father of the Bride (1950),0.0
549,6,2050,Herbie Goes Bananas (1980),0.0
549,7,74154,When in Rome (2010),0.0
549,8,594,Snow White and the Seven Dwarfs (1937),0.0
549,9,4403,"Fall of the House of Usher, The (House of Usher) (1960)",0.0
549,10,128594,Boy Meets Girl (2015),0.0
550,1,904,Rear Window (1954),0.0
550,2,1591,Spawn (1997),0.0
550,3,7181,Ship of Fools (1965),0.0
550,4,4420,"Barefoot Contessa, The (1954)",0.0
550,5,5009,Ali (2001),0.0
550,6,6377,Finding Nemo (2003),0.0
550,7,3810,White Sands (1992),0.0
550,8,426,Body Snatchers (1993),0.0
550,9,33779,Eddie Izzard: Dress to Kill (1999),0.0
550,10,3125,"End of the Affair, The (1999)",0.0
551,1,1189,"Thin Blue Line, The (1988)",0.0
551,2,609,Homeward Bound II: Lost in San Francisco (1996),0.0
551,3,1827,"Big One, The (1997)",0.0
551,4,46,How to Make an American Quilt (1995),0.0
551,5,144714,The Perfect Guy (2015),0.0
551,6,6280,"Man Apart, A (2003)",0.0
551,7,4732,Bubble Boy (2001),0.0
551,8,91571,Coriolanus (2011),0.0
551,9,2501,October Sky (1999),0.0
551,10,3045,Peter's Friends (1992),0.0
552,1,71268,Tyler Perry's I Can Do Bad All by Myself (2009),0.0
552,2,2435,Hurlyburly (1998),0.0
552,3,6376,Respiro (2002),0.0
552,4,47566,Born to Kill (1947),0.0
552,5,67168,Dance of the Dead (2008),0.0
552,6,64197,Hunger (2008),0.0
552,7,1394,Raising Arizona (1987),0.0
552,8,32649,"Special Day, A (Giornata particolare, Una) (1977)",0.0
552,9,44694,Volver (2006),0.0
552,10,5572,Barbershop (2002),0.0
553,1,7620,Monster in a Box (1992),0.0
553,2,110330,Me and you (io e te) (2012),0.0
553,3,500,Mrs. Doubtfire (1993),0.0
553,4,6665,Dracula (1979),0.0
553,5,8964,Callas Forever (2002),0.0
553,6,1326,Amityville II: The Possession (1982),0.0
553,7,50005,Curse of the Golden Flower (Man cheng jin dai huang jin jia) (2006),0.0
553,8,176389,The Nut Job 2: Nutty by Nature (2017),0.0
553,9,2630,Besieged (a.k.a. L' Assedio) (1998),0.0
553,10,5817,Ararat (2002),0.0
554,1,187593,Deadpool 2 (2018),0.0
554,2,93363,John Carter (2012),0.0
554,3,6003,Confessions of a Dangerous Mind (2002),0.0
554,4,78041,Killers (2010),0.0
554,5,4765,L.I.E. (2001),0.0
554,6,30898,"Upside of Anger, The (2005)",0.0
554,7,33495,Kicking & Screaming (2005),0.0
554,8,6410,Car Wash (1976),0.0
554,9,98961,Zero Dark Thirty (2012),0.0
554,10,115151,Plastic (2014),0.0
555,1,117368,The Madagascar Penguins in a Christmas Caper (2005),0.0
555,2,4902,"Devil's Backbone, The (Espinazo del diablo, El) (2001)",0.0
555,3,74791,"Town Called Panic, A (Panique au village) (2009)",0.0
555,4,640,Diabolique (1996),0.0
555,5,3893,Nurse Betty (2000),0.0
555,6,103810,Red 2 (2013),0.0
555,7,5563,City by the Sea (2002),0.0
555,8,115680,Time Lapse (2014),0.0
555,9,128089,Kevin Hart: I'm a Grown Little Man (2009),0.0
555,10,122896,Pirates of the Caribbean: Dead Men Tell No Tales (2017),0.0
556,1,141836,It Can't Be! (1975),0.0
556,2,109317,Someone Marry Barry (2014),0.0
556,3,98154,Lincoln (2012),0.0
556,4,175435,The Magic Ring (1982),0.0
556,5,27075,Addams Family Reunion (1998),0.0
556,6,5116,Designing Woman (1957),0.0
556,7,5640,"Godzilla, King of the Monsters! (Kaijû-ô Gojira) (1956)",0.0
556,8,106489,"Hobbit: The Desolation of Smaug, The (2013)",0.0
556,9,79006,Empire of Dreams: The Story of the 'Star Wars' Trilogy (2004),0.0
556,10,136355,Big Top Scooby-Doo! (2012),0.0
557,1,2348,Sid and Nancy (1986),0.0
557,2,175743,Self-criticism of a Bourgeois Dog (2017),0.0
557,3,166568,Miss Sloane (2016),0.0
557,4,1437,"Cement Garden, The (1993)",0.0
557,5,2597,Lost & Found (1999),0.0
557,6,5102,Rookie of the Year (1993),0.0
557,7,2362,Glen or Glenda (1953),0.0
557,8,88272,"Woman, The (2011)",0.0
557,9,152591,Ip Man 3 (2015),0.0
557,10,87520,Transformers: Dark of the Moon (2011),0.0
558,1,5433,Silver Bullet (Stephen King's Silver Bullet) (1985),0.0
558,2,27808,Spanglish (2004),0.0
558,3,80969,Never Let Me Go (2010),0.0
558,4,6452,"Long, Hot Summer, The (1958)",0.0
558,5,54004,I Now Pronounce You Chuck and Larry (2007),0.0
558,6,179053,2048: Nowhere to Run (2017),0.0
558,7,110541,"Brain Smasher... A Love Story (Bouncer and the Lady, The) (1993)",0.0
558,8,8781,"Manchurian Candidate, The (2004)",0.0
558,9,149144,Parasyte: Part 1 (2014),0.0
558,10,3695,"Toxic Avenger Part III: The Last Temptation of Toxie, The (1989)",0.0
559,1,38388,Goal! The Dream Begins (Goal!) (2005),0.0
559,2,2298,Strangeland (1998),0.0
559,3,172,Johnny Mnemonic (1995),0.0
559,4,70663,"I Love You, Beth Cooper (2009)",0.0
559,5,45499,X-Men: The Last Stand (2006),0.0
559,6,4558,Twins (1988),0.0
559,7,78959,Endgame (2009),0.0
559,8,8494,"Cincinnati Kid, The (1965)",0.0
559,9,4921,Little Women (1933),0.0
559,10,1096,Sophie's Choice (1982),0.0
560,1,1762,Deep Rising (1998),0.0
560,2,4562,Without a Clue (1988),0.0
560,3,3251,Agnes of God (1985),0.0
560,4,184015,When We First Met (2018),0.0
560,5,45499,X-Men: The Last Stand (2006),0.0
560,6,3706,Angel Heart (1987),0.0
560,7,60333,Encounters at the End of the World (2008),0.0
560,8,5947,Evelyn (2002),0.0
560,9,4587,Earth Girls Are Easy (1988),0.0
560,10,169982,Power Rangers (2017),0.0
561,1,91653,We Bought a Zoo (2011),0.0
561,2,7312,"Follow Me, Boys! (1966)",0.0
561,3,2004,Gremlins 2: The New Batch (1990),0.0
561,4,45648,Game 6 (2005),0.0
561,5,4792,13 Ghosts (1960),0.0
561,6,4725,Session 9 (2001),0.0
561,7,107723,Highlander: The Search for Vengeance (2007),0.0
561,8,478,Jimmy Hollywood (1994),0.0
561,9,1140,Entertaining Angels: The Dorothy Day Story (1996),0.0
561,10,112316,Jersey Boys (2014),0.0
562,1,3755,"Perfect Storm, The (2000)",0.0
562,2,27904,"Scanner Darkly, A (2006)",0.0
562,3,4630,No Holds Barred (1989),0.0
562,4,6503,Charlie's Angels: Full Throttle (2003),0.0
562,5,5644,"Pride of the Yankees, The (1942)",0.0
562,6,74685,"Crazies, The (2010)",0.0
562,7,2141,"American Tail, An (1986)",0.0
562,8,3272,Bad Lieutenant (1992),0.0
562,9,83086,Burlesque (2010),0.0
562,10,3483,"Road to El Dorado, The (2000)",0.0
563,1,3590,"Lords of Flatbush, The (1974)",0.0
563,2,34153,Murderball (2005),0.0
563,3,27255,"Wind Will Carry Us, The (Bad ma ra khahad bord) (1999)",0.0
563,4,469,"House of the Spirits, The (1993)",0.0
563,5,112727,Deliver Us from Evil (2014),0.0
563,6,59604,"Girl Next Door, The (2007)",0.0
563,7,3041,Meatballs Part II (1984),0.0
563,8,4445,T-Rex: Back to the Cretaceous (1998),0.0
563,9,114795,Dracula Untold (2014),0.0
563,10,62586,"American Carol, An (2008)",0.0
564,1,79879,Piranha (Piranha 3D) (2010),0.0
564,2,134393,Trainwreck (2015),0.0
564,3,51562,Babylon 5: The Gathering (1993),0.0
564,4,40278,Jarhead (2005),0.0
564,5,6818,Come and See (Idi i smotri) (1985),0.0
564,6,5640,"Godzilla, King of the Monsters! (Kaijû-ô Gojira) (1956)",0.0
564,7,2613,Night of the Comet (1984),0.0
564,8,49314,Harsh Times (2006),0.0
564,9,8143,Lola Montès (1955),0.0
564,10,76077,Hot Tub Time Machine (2010),0.0
565,1,47810,"Wicker Man, The (2006)",0.0
565,2,1928,Cimarron (1931),0.0
565,3,4871,Focus (2001),0.0
565,4,49284,10 Items or Less (2006),0.0
565,5,5785,Jackass: The Movie (2002),0.0
565,6,3763,F/X (1986),0.0
565,7,360,I Love Trouble (1994),0.0
565,8,96610,Looper (2012),0.0
565,9,105213,Don Jon (2013),0.0
565,10,1019,"20,000 Leagues Under the Sea (1954)",0.0
566,1,550,Threesome (1994),0.0
566,2,188189,Sorry to Bother You (2018),0.0
566,3,2001,Lethal Weapon 2 (1989),0.0
566,4,7164,Peter Pan (2003),0.0
566,5,99638,Fish Story (Fisshu sutôrî) (2009),0.0
566,6,298,Pushing Hands (Tui shou) (1992),0.0
566,7,98124,"Batman: The Dark Knight Returns, Part 1 (2012)",0.0
566,8,4200,Double Impact (1991),0.0
566,9,32296,Miss Congeniality 2: Armed and Fabulous (2005),0.0
566,10,88163,"Crazy, Stupid, Love. (2011)",0.0
567,1,2740,"Kindred, The (1986)",0.0
567,2,26782,"Mambo Kings, The (1992)",0.0
567,3,2077,"Journey of Natty Gann, The (1985)",0.0
567,4,68194,"Damned United, The (2009)",0.0
567,5,95875,Total Recall (2012),0.0
567,6,2551,Dead Ringers (1988),0.0
567,7,62644,"Wave, The (Welle, Die) (2008)",0.0
567,8,90717,Tower Heist (2011),0.0
567,9,2775,Head On (1998),0.0
567,10,56286,I'm Not There (2007),0.0
568,1,3773,House Party (1990),0.0
568,2,6560,Loose Cannons (1990),0.0
568,3,6239,Journey to the Center of the Earth (1959),0.0
568,4,2567,EDtv (1999),0.0
568,5,142115,The Blue Planet (2001),0.0
568,6,2476,Heartbreak Ridge (1986),0.0
568,7,1105,Children of the Corn IV: The Gathering (1996),0.0
568,8,26242,Duel (1971),0.0
568,9,2763,"Thomas Crown Affair, The (1999)",0.0
568,10,5528,One Hour Photo (2002),0.0
569,1,1252,Chinatown (1974),0.0
569,2,4290,For the Boys (1991),0.0
569,3,7846,Tremors 3: Back to Perfection (2001),0.0
569,4,58347,Penelope (2006),0.0
569,5,4039,Annie (1982),0.0
569,6,471,"Hudsucker Proxy, The (1994)",0.0
569,7,56775,National Treasure: Book of Secrets (2007),0.0
569,8,5016,"Shipping News, The (2001)",0.0
569,9,4084,Beverly Hills Cop II (1987),0.0
569,10,3930,"Creature from the Black Lagoon, The (1954)",0.0
570,1,2207,Jamaica Inn (1939),0.0
570,2,80139,Jackass 2.5 (2007),0.0
570,3,7615,Desert Hearts (1985),0.0
570,4,97230,Side by Side (2012),0.0
570,5,128695,The Dark Valley (2014),0.0
570,6,7748,Pierrot le fou (1965),0.0
570,7,2272,One True Thing (1998),0.0
570,8,3066,Tora! Tora! Tora! (1970),0.0
570,9,71500,Trick 'r Treat (2007),0.0
570,10,4850,Spriggan (Supurigan) (1998),0.0
571,1,4500,Drowning by Numbers (1988),0.0
571,2,6881,Pieces of April (2003),0.0
571,3,161127,The Infiltrator (2016),0.0
571,4,4005,"Living Daylights, The (1987)",0.0
571,5,6662,"Pink Panther, The (1963)",0.0
571,6,1681,Mortal Kombat: Annihilation (1997),0.0
571,7,496,What Happened Was... (1994),0.0
571,8,2007,Polish Wedding (1998),0.0
571,9,348,Bullets Over Broadway (1994),0.0
571,10,4801,"Little Foxes, The (1941)",0.0
572,1,1863,Major League: Back to the Minors (1998),0.0
572,2,140038,Madly in Love (1981),0.0
572,3,2046,Flight of the Navigator (1986),0.0
572,4,4008,Born on the Fourth of July (1989),0.0
572,5,156726,Hush (2016),0.0
572,6,49276,Let's Go to Prison (2006),0.0
572,7,141830,Unbelievable Adventures of Italians in Russia (1974),0.0
572,8,49132,Shut Up & Sing (2006),0.0
572,9,143257,Ashby (2015),0.0
572,10,96821,"Perks of Being a Wallflower, The (2012)",0.0
573,1,528,"Scout, The (1994)",0.0
573,2,1227,Once Upon a Time in America (1984),0.0
573,3,101525,"Place Beyond the Pines, The (2012)",0.0
573,4,6990,The Great Train Robbery (1978),0.0
573,5,7573,Never Say Never Again (1983),0.0
573,6,3521,Mystery Train (1989),0.0
573,7,151759,Requiem for the American Dream (2015),0.0
573,8,4963,Ocean's Eleven (2001),0.0
573,9,72129,Saw VI (2009),0.0
573,10,2708,"Autumn Tale, An (Conte d'automne) (1998)",0.0
574,1,3546,What Ever Happened to Baby Jane? (1962),0.0
574,2,5538,"Care Bears Movie, The (1985)",0.0
574,3,3701,Alien Nation (1988),0.0
574,4,161044,Webmaster (1998),0.0
574,5,4690,"Cotton Club, The (1984)",0.0
574,6,98836,Hyde Park on Hudson (2012),0.0
574,7,72605,Brothers (2009),0.0
574,8,6939,Gloomy Sunday (Ein Lied von Liebe und Tod) (1999),0.0
574,9,72104,Balance (1989),0.0
574,10,3159,Fantasia 2000 (1999),0.0
575,1,2324,Life Is Beautiful (La Vita è bella) (1997),0.0
575,2,48262,"Bridge, The (2006)",0.0
575,3,2304,Love Is the Devil (1998),0.0
575,4,159858,The Conjuring 2 (2016),0.0
575,5,8387,Police Academy: Mission to Moscow (1994),0.0
575,6,142507,Pawn Sacrifice (2015),0.0
575,7,124859,The Gambler (2014),0.0
575,8,213,Burnt by the Sun (Utomlyonnye solntsem) (1994),0.0
575,9,2278,Ronin (1998),0.0
575,10,37739,"Greatest Game Ever Played, The (2005)",0.0
576,1,3855,"Affair of Love, An (Liaison pornographique, Une) (1999)",0.0
576,2,4204,Losin' It (1983),0.0
576,3,94867,"Pact, The (2012)",0.0
576,4,72874,"Peacekeeper, The (1997)",0.0
576,5,6702,Dickie Roberts: Former Child Star (2003),0.0
576,6,1354,Breaking the Waves (1996),0.0
576,7,1927,All Quiet on the Western Front (1930),0.0
576,8,636,Frisk (1995),0.0
576,9,91353,Asterix in America (a.k.a Asterix Conquers America) (Astérix et les Indiens) (1994),0.0
576,10,77414,"Last Song, The (2010)",0.0
577,1,151455,Eddie the Eagle (2016),0.0
577,2,89580,Neds (2010),0.0
577,3,2865,Sugar Town (1999),0.0
577,4,58306,Mongol (2007),0.0
577,5,695,True Crime (1996),0.0
577,6,2837,Bedrooms & Hallways (1998),0.0
577,7,1783,Palmetto (1998),0.0
577,8,138966,Nasu: Summer in Andalusia (2003),0.0
577,9,134849,Duck Amuck (1953),0.0
577,10,34319,"Island, The (2005)",0.0
578,1,118270,Hellbenders (2012),0.0
578,2,4,Waiting to Exhale (1995),0.0
578,3,85261,Mars Needs Moms (2011),0.0
578,4,339,While You Were Sleeping (1995),0.0
578,5,143385,Bridge of Spies (2015),0.0
578,6,4632,"Package, The (1989)",0.0
578,7,4874,K-PAX (2001),0.0
578,8,5391,Thirteen Conversations About One Thing (a.k.a. 13 Conversations) (2001),0.0
578,9,3392,She-Devil (1989),0.0
578,10,134515,BMX Bandits (1983),0.0
579,1,3111,Places in the Heart (1984),0.0
579,2,4310,Pearl Harbor (2001),0.0
579,3,102800,Frances Ha (2012),0.0
579,4,6702,Dickie Roberts: Former Child Star (2003),0.0
579,5,135887,Minions (2015),0.0
579,6,52952,This Is England (2006),0.0
579,7,109895,Bad Words (2013),0.0
579,8,118896,Mommy (2014),0.0
579,9,4784,"French Lieutenant's Woman, The (1981)",0.0
579,10,3317,Wonder Boys (2000),0.0
580,1,6974,"Freshman, The (1990)",0.0
580,2,4672,"Tall Guy, The (1989)",0.0
580,3,116941,Jetsons: The Movie (1990),0.0
580,4,46772,Strangers with Candy (2005),0.0
580,5,1554,"Pillow Book, The (1996)",0.0
580,6,7938,Winter Light (Nattvardsgästerna) (1963),0.0
580,7,8772,"Spy Who Came in from the Cold, The (1965)",0.0
580,8,48783,Flags of Our Fathers (2006),0.0
580,9,2356,Celebrity (1998),0.0
580,10,42285,"Dentist, The (1996)",0.0
581,1,6780,"Brief History of Time, A (1991)",0.0
581,2,8578,Undead (2003),0.0
581,3,4293,Summer Rental (1985),0.0
581,4,71211,"Informant!, The (2009)",0.0
581,5,6542,"Cuckoo, The (Kukushka) (2002)",0.0
581,6,1391,Mars Attacks! (1996),0.0
581,7,1284,"Big Sleep, The (1946)",0.0
581,8,1121,Glory Daze (1995),0.0
581,9,4741,Together (Tillsammans) (2000),0.0
581,10,53022,Wheels on Meals (Kuai can che) (1984),0.0
582,1,590,Dances with Wolves (1990),0.0
582,2,2774,Better Than Chocolate (1999),0.0
582,3,3711,Sarafina! (1992),0.0
582,4,3219,Pacific Heights (1990),0.0
582,5,26562,White Nights (1985),0.0
582,6,43919,Date Movie (2006),0.0
582,7,5999,Heavy Metal 2000 (2000),0.0
582,8,54617,"Brice Man, The (Brice de Nice) (2005)",0.0
582,9,6422,Shenandoah (1965),0.0
582,10,6288,Better Luck Tomorrow (2002),0.0
583,1,95690,Some Guy Who Kills People (2011),0.0
583,2,102684,Only God Forgives (2013),0.0
583,3,4608,"Innocent Man, An (1989)",0.0
583,4,117887,Paddington (2014),0.0
583,5,94959,Moonrise Kingdom (2012),0.0
583,6,70697,G-Force (2009),0.0
583,7,103253,Elysium (2013),0.0
583,8,4537,Running on Empty (1988),0.0
583,9,7926,High and Low (Tengoku to jigoku) (1963),0.0
583,10,6920,"Cercle Rouge, Le (Red Circle, The) (1970)",0.0
584,1,8981,Closer (2004),0.0
584,2,6250,Dreamcatcher (2003),0.0
584,3,13,Balto (1995),0.0
584,4,1272,Patton (1970),0.0
584,5,32728,"Little Girl Who Lives Down the Lane, The (1976)",0.0
584,6,74342,"Captain Newman, M.D. (1963)",0.0
584,7,189,Reckless (1995),0.0
584,8,162478,Masterminds (2016),0.0
584,9,5009,Ali (2001),0.0
584,10,53125,Pirates of the Caribbean: At World's End (2007),0.0
585,1,1779,Sphere (1998),0.0
585,2,3766,Missing in Action (1984),0.0
585,3,82242,Rare Exports: A Christmas Tale (Rare Exports) (2010),0.0
585,4,6563,Masked & Anonymous (2003),0.0
585,5,4671,Sweetie (1989),0.0
585,6,804,She's the One (1996),0.0
585,7,121007,Space Buddies (2009),0.0
585,8,4374,Let It Snow (1999),0.0
585,9,54686,"Last Legion, The (2007)",0.0
585,10,168418,The Boss Baby (2017),0.0
586,1,1990,Prom Night IV: Deliver Us From Evil (1992),0.0
586,2,4830,Brubaker (1980),0.0
586,3,3391,Who's That Girl? (1987),0.0
586,4,4372,Crazy/Beautiful (2001),0.0
586,5,3822,"Girl on the Bridge, The (Fille sur le pont, La) (1999)",0.0
586,6,3388,Harry and the Hendersons (1987),0.0
586,7,141830,Unbelievable Adventures of Italians in Russia (1974),0.0
586,8,42002,"Producers, The (2005)",0.0
586,9,53123,Once (2006),0.0
586,10,4544,Short Circuit 2 (1988),0.0
587,1,95965,Dragon Ball Z: Bardock - The Father of Goku (Doragon bôru Z: Tatta hitori no saishuu kessen - Furiiza ni itonda Z senshi Kakarotto no chichi) (1990),0.0
587,2,2037,Candleshoe (1977),0.0
587,3,2625,Black Mask (Hak hap) (1996),0.0
587,4,113225,Magic in the Moonlight (2014),0.0
587,5,2131,Autumn Sonata (Höstsonaten) (1978),0.0
587,6,117109,Too Many Cooks (2014),0.0
587,7,220,Castle Freak (1995),0.0
587,8,72921,Snow White (1916),0.0
587,9,27003,Beowulf (1999),0.0
587,10,800,Lone Star (1996),0.0
588,1,173355,Travels of an Ant (1983),0.0
588,2,61024,Pineapple Express (2008),0.0
588,3,32294,Milk and Honey (2003),0.0
588,4,6816,Three O'Clock High (1987),0.0
588,5,8840,Who's That Knocking at My Door? (1967),0.0
588,6,106144,"Selfish Giant, The (2013)",0.0
588,7,78039,Blue Valentine (2010),0.0
588,8,55577,Saw IV (2007),0.0
588,9,69278,Land of the Lost (2009),0.0
588,10,3036,"Quest for Fire (Guerre du feu, La) (1981)",0.0
589,1,5700,The Pumaman (1980),0.0
589,2,6021,"American Friend, The (Amerikanische Freund, Der) (1977)",0.0
589,3,26693,It (1990),0.0
589,4,7124,Grass (1999),0.0
589,5,2732,Jules and Jim (Jules et Jim) (1961),0.0
589,6,3871,Shane (1953),0.0
589,7,27008,From Dusk Till Dawn 2: Texas Blood Money (1999) ,0.0
589,8,926,All About Eve (1950),0.0
589,9,36931,New Police Story (Xin jing cha gu shi) (2004),0.0
589,10,148709,Mojave (2015),0.0
590,1,8197,Hiroshima Mon Amour (1959),0.0
590,2,6263,Basic (2003),0.0
590,3,60857,"Tracey Fragments, The (2007)",0.0
590,4,7307,Flesh & Blood (1985),0.0
590,5,31973,Germany Year Zero (Germania anno zero) (Deutschland im Jahre Null) (1948),0.0
590,6,174815,The House (2017),0.0
590,7,137857,The Jungle Book (2016),0.0
590,8,50160,Miss Potter (2006),0.0
590,9,410,Addams Family Values (1993),0.0
590,10,2594,Open Your Eyes (Abre los ojos) (1997),0.0
591,1,838,Emma (1996),0.0
591,2,3882,Bring It On (2000),0.0
591,3,32460,Knockin' on Heaven's Door (1997),0.0
591,4,6095,Dragon Lord (a.k.a. Dragon Strike) (Long Xiao Ye) (1982),0.0
591,5,25996,"Star Is Born, A (1954)",0.0
591,6,64614,Gran Torino (2008),0.0
591,7,6961,Damage (Fatale) (1992),0.0
591,8,679,"Run of the Country, The (1995)",0.0
591,9,6107,"Night of the Shooting Stars (Notte di San Lorenzo, La) (1982)",0.0
591,10,8979,Guerrilla: The Taking of Patty Hearst (2004),0.0
592,1,167790,The Good Boy (2016),0.0
592,2,34143,Dark Water (2005),0.0
592,3,172881,Final Flight of the Osiris (2003),0.0
592,4,6338,Daddy Day Care (2003),0.0
592,5,3022,"General, The (1926)",0.0
592,6,102194,Mud (2012),0.0
592,7,113416,Revenge of the Green Dragons (2014),0.0
592,8,2076,Blue Velvet (1986),0.0
592,9,1199,Brazil (1985),0.0
592,10,43908,London (2005),0.0
593,1,731,Heaven's Prisoners (1996),0.0
593,2,72330,"Private Lives of Pippa Lee, The (2009)",0.0
593,3,83827,Marwencol (2010),0.0
593,4,34332,Sky High (2005),0.0
593,5,140725,Cop Car (2015),0.0
593,6,4577,Casualties of War (1989),0.0
593,7,1061,Sleepers (1996),0.0
593,8,119,"Steal Big, Steal Little (1995)",0.0
593,9,116505,New Kids Nitro (2011),0.0
593,10,40412,Dead Man's Shoes (2004),0.0
594,1,1441,Benny & Joon (1993),0.0
594,2,8042,Mean Streets (1973),0.0
594,3,3528,"Prince of Tides, The (1991)",0.0
594,4,5984,"Story of O, The (Histoire d'O) (1975)",0.0
594,5,7294,Welcome to Mooseport (2004),0.0
594,6,1541,Addicted to Love (1997),0.0
594,7,67408,Monsters vs. Aliens (2009),0.0
594,8,55269,"Darjeeling Limited, The (2007)",0.0
594,9,109569,3 Days to Kill (2014),0.0
594,10,968,Night of the Living Dead (1968),0.0
595,1,98083,Jackass 3.5 (2011),0.0
595,2,27584,Dead End (2003),0.0
595,3,83134,Tucker & Dale vs Evil (2010),0.0
595,4,595,Beauty and the Beast (1991),0.0
595,5,97225,Hotel Transylvania (2012),0.0
595,6,2964,Julien Donkey-Boy (1999),0.0
595,7,5048,Snow Dogs (2002),0.0
595,8,3503,Solaris (Solyaris) (1972),0.0
595,9,40955,Breakfast on Pluto (2005),0.0
595,10,1037,"Lawnmower Man, The (1992)",0.0
596,1,4803,Play Misty for Me (1971),0.0
596,2,27866,In My Father's Den (2004),0.0
596,3,2655,Howling II: Your Sister Is a Werewolf (1985),0.0
596,4,90469,Paranormal Activity 3 (2011),0.0
596,5,4925,"Cheap Detective, The (1978)",0.0
596,6,3784,"Kid, The (2000)",0.0
596,7,161024,Jim Jefferies: Freedumb (2016),0.0
596,8,134158,Return to Sender (2015),0.0
596,9,2469,Peggy Sue Got Married (1986),0.0
596,10,62208,"Sound of the Mountain (Thunder of the Mountain, The) (Yama no oto) (1954)",0.0
597,1,4228,Heartbreakers (2001),0.0
597,2,64197,Hunger (2008),0.0
597,3,8917,Team America: World Police (2004),0.0
597,4,1995,Poltergeist II: The Other Side (1986),0.0
597,5,3787,Shower (Xizao) (1999),0.0
597,6,182793,The Purple Sea (2009),0.0
597,7,551,"Nightmare Before Christmas, The (1993)",0.0
597,8,1937,Going My Way (1944),0.0
597,9,156605,Paterson,0.0
597,10,3171,Room at the Top (1959),0.0
598,1,112316,Jersey Boys (2014),0.0
598,2,43684,Something New (2006),0.0
598,3,7792,"Parallax View, The (1974)",0.0
598,4,2953,Home Alone 2: Lost in New York (1992),0.0
598,5,27482,Cube 2: Hypercube (2002),0.0
598,6,40959,"Ice Harvest, The (2005)",0.0
598,7,4804,Pocketful of Miracles (1961),0.0
598,8,8908,Ladder 49 (2004),0.0
598,9,130518,The Amazing Screw-On Head (2006),0.0
598,10,57147,Cassandra's Dream (2007),0.0
599,1,115877,"Simpsons: The Longest Daycare, The (2012)",0.0
599,2,87194,The Way (2010),0.0
599,3,118888,Dave Chappelle: For What it's Worth (2004),0.0
599,4,109317,Someone Marry Barry (2014),0.0
599,5,2875,Sommersby (1993),0.0
599,6,249,Immortal Beloved (1994),0.0
599,7,6033,Mystery Date (1991),0.0
599,8,44399,"Shaggy Dog, The (2006)",0.0
599,9,26796,"Heart in Winter, A (Un coeur en hiver) (1992)",0.0
599,10,6912,You'll Never Get Rich (1941),0.0
600,1,78,"Crossing Guard, The (1995)",0.0
600,2,2472,Tough Guys (1986),0.0
600,3,82744,Faster (2010),0.0
600,4,111800,G.B.F. (2013),0.0
600,5,3559,Limelight (1952),0.0
600,6,26750,Quigley Down Under (1990),0.0
600,7,26313,California Split (1974),0.0
600,8,26865,Fist of Legend (Jing wu ying xiong) (1994),0.0
600,9,1269,Arsenic and Old Lace (1944),0.0
600,10,1591,Spawn (1997),0.0
601,1,778,Trainspotting (1996),0.0
601,2,97785,Silent Hill: Revelation 3D (2012),0.0
601,3,8511,"Immigrant, The (1917)",0.0
601,4,52712,"Invisible, The (2007)",0.0
601,5,101025,Jack the Giant Slayer (2013),0.0
601,6,491,"Man Without a Face, The (1993)",0.0
601,7,79357,Mr. Nobody (2009),0.0
601,8,160718,Piper (2016),0.0
601,9,1253,"Day the Earth Stood Still, The (1951)",0.0
601,10,4573,Blaze (1989),0.0
602,1,4333,Throw Momma from the Train (1987),0.0
602,2,85213,"Sunset Limited, The (2011)",0.0
602,3,40278,Jarhead (2005),0.0
602,4,174551,Obsession (1965),0.0
602,5,163981,31 (2016),0.0
602,6,25841,Stage Door (1937),0.0
602,7,58972,Nim's Island (2008),0.0
602,8,47937,Severance (2006),0.0
602,9,121781,Stuart Little 3: Call of the Wild (2005),0.0
602,10,8910,I Heart Huckabees (2004),0.0
603,1,1762,Deep Rising (1998),0.0
603,2,80139,Jackass 2.5 (2007),0.0
603,3,170945,It Comes at Night (2017),0.0
603,4,1024,"Three Caballeros, The (1945)",0.0
603,5,88405,Friends with Benefits (2011),0.0
603,6,5397,Monkey Business (1952),0.0
603,7,62250,Gomorrah (Gomorra) (2008),0.0
603,8,5016,"Shipping News, The (2001)",0.0
603,9,1116,"Single Girl, A (Fille seule, La) (1995)",0.0
603,10,128592,The Boy Next Door (2015),0.0
604,1,131749,Libre et assoupi (2014),0.0
604,2,1932,"Great Ziegfeld, The (1936)",0.0
604,3,82641,"One-Armed Swordsman, The (Dubei dao) (1967)",0.0
604,4,3988,How the Grinch Stole Christmas (a.k.a. The Grinch) (2000),0.0
604,5,3691,Private School (1983),0.0
604,6,32058,Class Action (1991),0.0
604,7,2100,Splash (1984),0.0
604,8,4154,Recess: School's Out (2001),0.0
604,9,119828,A Man Called Blade (1977),0.0
604,10,57274,[REC] (2007),0.0
605,1,47423,Half Nelson (2006),0.0
605,2,135567,Independence Day: Resurgence (2016),0.0
605,3,69306,"Taking of Pelham 1 2 3, The (2009)",0.0
605,4,338,Virtuosity (1995),0.0
605,5,833,High School High (1996),0.0
605,6,90428,Margaret (2011),0.0
605,7,3127,Holy Smoke (1999),0.0
605,8,2248,Say Anything... (1989),0.0
605,9,112138,22 Jump Street (2014),0.0
605,10,5189,Humanoids from the Deep (1980),0.0
606,1,168026,Marvel One-Shot: Agent Carter (2013),0.0
606,2,628,Primal Fear (1996),0.0
606,3,3358,Defending Your Life (1991),0.0
606,4,5699,Tom Horn (1980),0.0
606,5,4203,Harley Davidson and the Marlboro Man (1991),0.0
606,6,160573,Pete's Dragon (2016),0.0
606,7,6298,Malibu's Most Wanted (2003),0.0
606,8,452,Widows' Peak (1994),0.0
606,9,168254,Kong: Skull Island (2017),0.0
606,10,88179,One Day (2011),0.0
607,1,78039,Blue Valentine (2010),0.0
607,2,134393,Trainwreck (2015),0.0
607,3,7328,"Passion of Anna, The (Passion, En) (1969)",0.0
607,4,648,Mission: Impossible (1996),0.0
607,5,1076,"Innocents, The (1961)",0.0
607,6,215,Before Sunrise (1995),0.0
607,7,3387,Who's Harry Crumb? (1989),0.0
607,8,6290,House of 1000 Corpses (2003),0.0
607,9,58297,Doomsday (2008),0.0
607,10,3264,Buffy the Vampire Slayer (1992),0.0
608,1,48394,"Pan's Labyrinth (Laberinto del fauno, El) (2006)",0.0
608,2,104760,Getaway (2013),0.0
608,3,5291,Rashomon (Rashômon) (1950),0.0
608,4,5415,Divine Secrets of the Ya-Ya Sisterhood (2002),0.0
608,5,2380,Police Academy 3: Back in Training (1986),0.0
608,6,55052,Atonement (2007),0.0
608,7,82169,"Chronicles of Narnia: The Voyage of the Dawn Treader, The (2010)",0.0
608,8,105593,Filth (2013),0.0
608,9,100277,Tabu (2012),0.0
608,10,96488,Searching for Sugar Man (2012),0.0
609,1,1180,Hear My Song (1991),0.0
609,2,113350,I'll Follow You Down (2013),0.0
609,3,69469,Garfield's Pet Force (2009),0.0
609,4,53578,"Valet, The (La doublure) (2006)",0.0
609,5,4864,Titanica (1992),0.0
609,6,59103,"Forbidden Kingdom, The (2008)",0.0
609,7,8939,"Final Cut, The (2004)",0.0
609,8,63808,"Class, The (Entre les murs) (2008)",0.0
609,9,184997,"Love, Simon (2018)",0.0
609,10,5224,Promises (2001),0.0
610,1,170411,Dave Chappelle: Deep in the Heart of Texas (2017),0.0
610,2,76175,Clash of the Titans (2010),0.0
610,3,94122,Comic-Con Episode IV: A Fan's Hope (2011),0.0
610,4,95004,Superman/Doomsday (2007) ,0.0
610,5,190219,Bunny (1998),0.0
610,6,69685,Daria: Is It College Yet? (2002),0.0
610,7,118270,Hellbenders (2012),0.0
610,8,86815,Soul Surfer (2011),0.0
610,9,94015,Mirror Mirror (2012),0.0
610,10,6324,It Runs in the Family (2003),0.0
