userId,rank,movieId,title,score
1,1,318,"Shawshank Redemption, The (1994)",313
1,2,589,Terminator 2: Judgment Day (1991),221
1,3,150,Apollo 13 (1995),200
1,4,4993,"Lord of the Rings: The Fellowship of the Ring, The (2001)",197
1,5,858,"Godfather, The (1972)",188
1,6,5952,"Lord of the Rings: The Two Towers, The (2002)",187
1,7,7153,"Lord of the Rings: The Return of the King, The (2003)",185
1,8,588,Aladdin (1992),181
1,9,2762,"Sixth Sense, The (1999)",178
1,10,380,True Lies (1994),176
2,1,356,Forrest Gump (1994),325
2,2,296,Pulp Fiction (1994),304
2,3,2571,"Matrix, The (1999)",277
2,4,593,"Silence of the Lambs, The (1991)",276
2,5,260,Star Wars: Episode IV - A New Hope (1977),250
2,6,480,Jurassic Park (1993),236
2,7,110,Braveheart (1995),234
2,8,589,Terminator 2: Judgment Day (1991),221
2,9,2959,Fight Club (1999),218
2,10,1,Toy Story (1995),215
3,1,356,Forrest Gump (1994),325
3,2,318,"Shawshank Redemption, The (1994)",313
3,3,296,Pulp Fiction (1994),304
3,4,2571,"Matrix, The (1999)",277
3,5,593,"Silence of the Lambs, The (1991)",276
3,6,260,Star Wars: Episode IV - A New Hope (1977),250
3,7,480,Jurassic Park (1993),236
3,8,110,Braveheart (1995),234
3,9,589,Terminator 2: Judgment Day (1991),221
3,10,2959,Fight Club (1999),218
4,1,356,Forrest Gump (1994),325
4,2,318,"Shawshank Redemption, The (1994)",313
4,3,480,Jurassic Park (1993),236
4,4,110,Braveheart (1995),234
4,5,589,Terminator 2: Judgment Day (1991),221
4,6,1,Toy Story (1995),215
4,7,527,Schindler's List (1993),214
4,8,150,Apollo 13 (1995),200
4,9,50,"Usual Suspects, The (1995)",198
4,10,4993,"Lord of the Rings: The Fellowship of the Ring, The (2001)",197
5,1,356,Forrest Gump (1994),325
5,2,2571,"Matrix, The (1999)",277
5,3,593,"Silence of the Lambs, The (1991)",276
5,4,260,Star Wars: Episode IV - A New Hope (1977),250
5,5,480,Jurassic Park (1993),236
5,6,2959,Fight Club (1999),218
5,7,1196,Star Wars: Episode V - The Empire Strikes Back (1980),210
5,8,2858,American Beauty (1999),202
5,9,47,Seven (a.k.a. Se7en) (1995),197
5,10,4993,"Lord of the Rings: The Fellowship of the Ring, The (2001)",197
6,1,2571,"Matrix, The (1999)",277
6,2,260,Star Wars: Episode IV - A New Hope (1977),250
6,3,2959,Fight Club (1999),218
6,4,1,Toy Story (1995),215
6,5,1196,Star Wars: Episode V - The Empire Strikes Back (1980),210
6,6,2858,American Beauty (1999),202
6,7,4993,"Lord of the Rings: The Fellowship of the Ring, The (2001)",197
6,8,780,Independence Day (a.k.a. ID4) (1996),196
6,9,1210,Star Wars: Episode VI - Return of the Jedi (1983),196
6,10,1198,Raiders of the Lost Ark (Indiana Jones and the Raiders of the Lost Ark) (1981),194
7,1,318,"Shawshank Redemption, The (1994)",313
7,2,296,Pulp Fiction (1994),304
7,3,2571,"Matrix, The (1999)",277
7,4,110,Braveheart (1995),234
7,5,2959,Fight Club (1999),218
7,6,527,Schindler's List (1993),214
7,7,47,Seven (a.k.a. Se7en) (1995),197
7,8,1198,Raiders of the Lost Ark (Indiana Jones and the Raiders of the Lost Ark) (1981),194
7,9,457,"Fugitive, The (1993)",189
7,10,858,"Godfather, The (1972)",188
8,1,2571,"Matrix, The (1999)",277
8,2,260,Star Wars: Episode IV - A New Hope (1977),250
8,3,589,Terminator 2: Judgment Day (1991),221
8,4,2959,Fight Club (1999),218
8,5,1,Toy Story (1995),215
8,6,1196,Star Wars: Episode V - The Empire Strikes Back (1980),210
8,7,2858,American Beauty (1999),202
8,8,4993,"Lord of the Rings: The Fellowship of the Ring, The (2001)",197
8,9,780,Independence Day (a.k.a. ID4) (1996),196
8,10,1210,Star Wars: Episode VI - Return of the Jedi (1983),196
9,1,356,Forrest Gump (1994),325
9,2,318,"Shawshank Redemption, The (1994)",313
9,3,296,Pulp Fiction (1994),304
9,4,2571,"Matrix, The (1999)",277
9,5,593,"Silence of the Lambs, The (1991)",276
9,6,260,Star Wars: Episode IV - A New Hope (1977),250
9,7,480,Jurassic Park (1993),236
9,8,110,Braveheart (1995),234
9,9,589,Terminator 2: Judgment Day (1991),221
9,10,2959,Fight Club (1999),218
10,1,318,"Shawshank Redemption, The (1994)",313
10,2,593,"Silence of the Lambs, The (1991)",276
10,3,260,Star Wars: Episode IV - A New Hope (1977),250
10,4,480,Jurassic Park (1993),236
10,5,110,Braveheart (1995),234
10,6,589,Terminator 2: Judgment Day (1991),221
10,7,1,Toy Story (1995),215
10,8,527,Schindler's List (1993),214
10,9,1196,Star Wars: Episode V - The Empire Strikes Back (1980),210
10,10,150,Apollo 13 (1995),200
11,1,296,Pulp Fiction (1994),304
11,2,2571,"Matrix, The (1999)",277
11,3,260,Star Wars: Episode IV - A New Hope (1977),250
11,4,2959,Fight Club (1999),218
11,5,1,Toy Story (1995),215
11,6,527,Schindler's List (1993),214
11,7,1196,Star Wars: Episode V - The Empire Strikes Back (1980),210
11,8,2858,American Beauty (1999),202
11,9,50,"Usual Suspects, The (1995)",198
11,10,47,Seven (a.k.a. Se7en) (1995),197
12,1,356,Forrest Gump (1994),325
12,2,318,"Shawshank Redemption, The (1994)",313
12,3,296,Pulp Fiction (1994),304
12,4,2571,"Matrix, The (1999)",277
12,5,593,"Silence of the Lambs, The (1991)",276
12,6,260,Star Wars: Episode IV - A New Hope (1977),250
12,7,480,Jurassic Park (1993),236
12,8,110,Braveheart (1995),234
12,9,589,Terminator 2: Judgment Day (1991),221
12,10,2959,Fight Club (1999),218
13,1,356,Forrest Gump (1994),325
13,2,318,"Shawshank Redemption, The (1994)",313
13,3,296,Pulp Fiction (1994),304
13,4,593,"Silence of the Lambs, The (1991)",276
13,5,260,Star Wars: Episode IV - A New Hope (1977),250
13,6,480,Jurassic Park (1993),236
13,7,110,Braveheart (1995),234
13,8,589,Terminator 2: Judgment Day (1991),221
13,9,2959,Fight Club (1999),218
13,10,1,Toy Story (1995),215
14,1,2571,"Matrix, The (1999)",277
14,2,260,Star Wars: Episode IV - A New Hope (1977),250
14,3,589,Terminator 2: Judgment Day (1991),221
14,4,2959,Fight Club (1999),218
14,5,1,Toy Story (1995),215
14,6,1196,Star Wars: Episode V - The Empire Strikes Back (1980),210
14,7,2858,American Beauty (1999),202
14,8,50,"Usual Suspects, The (1995)",198
14,9,4993,"Lord of the Rings: The Fellowship of the Ring, The (2001)",197
14,10,780,Independence Day (a.k.a. ID4) (1996),196
15,1,593,"Silence of the Lambs, The (1991)",276
15,2,480,Jurassic Park (1993),236
15,3,110,Braveheart (1995),234
15,4,150,Apollo 13 (1995),200
15,5,50,"Usual Suspects, The (1995)",198
15,6,457,"Fugitive, The (1993)",189
15,7,592,Batman (1989),188
15,8,7153,"Lord of the Rings: The Return of the King, The (2003)",185
15,9,608,Fargo (1996),180
15,10,380,True Lies (1994),176
16,1,480,Jurassic Park (1993),236
16,2,110,Braveheart (1995),234
16,3,589,Terminator 2: Judgment Day (1991),221
16,4,1,Toy Story (1995),215
16,5,150,Apollo 13 (1995),200
16,6,780,Independence Day (a.k.a. ID4) (1996),196
16,7,1210,Star Wars: Episode VI - Return of the Jedi (1983),196
16,8,457,"Fugitive, The (1993)",189
16,9,592,Batman (1989),188
16,10,2028,Saving Private Ryan (1998),186
17,1,457,"Fugitive, The (1993)",189
17,2,588,Aladdin (1992),181
17,3,608,Fargo (1996),180
17,4,380,True Lies (1994),176
17,5,32,Twelve Monkeys (a.k.a. 12 Monkeys) (1995),173
17,6,364,"Lion King, The (1994)",172
17,7,377,Speed (1994),168
17,8,4306,Shrek (2001),168
17,9,3578,Gladiator (2000),166
17,10,1580,Men in Black (a.k.a. MIB) (1997),162
18,1,2858,American Beauty (1999),202
18,2,150,Apollo 13 (1995),200
18,3,592,Batman (1989),188
18,4,1197,"Princess Bride, The (1987)",141
18,5,316,Stargate (1994),140
18,6,1265,Groundhog Day (1993),140
18,7,153,Batman Forever (1995),137
18,8,2628,Star Wars: Episode I - The Phantom Menace (1999),137
18,9,597,Pretty Woman (1990),133
18,10,10,GoldenEye (1995),132
19,1,318,"Shawshank Redemption, The (1994)",313
19,2,296,Pulp Fiction (1994),304
19,3,593,"Silence of the Lambs, The (1991)",276
19,4,110,Braveheart (1995),234
19,5,527,Schindler's List (1993),214
19,6,150,Apollo 13 (1995),200
19,7,50,"Usual Suspects, The (1995)",198
19,8,4993,"Lord of the Rings: The Fellowship of the Ring, The (2001)",197
19,9,780,Independence Day (a.k.a. ID4) (1996),196
19,10,858,"Godfather, The (1972)",188
20,1,356,Forrest Gump (1994),325
20,2,318,"Shawshank Redemption, The (1994)",313
20,3,296,Pulp Fiction (1994),304
20,4,2571,"Matrix, The (1999)",277
20,5,593,"Silence of the Lambs, The (1991)",276
20,6,260,Star Wars: Episode IV - A New Hope (1977),250
20,7,480,Jurassic Park (1993),236
20,8,110,Braveheart (1995),234
20,9,589,Terminator 2: Judgment Day (1991),221
20,10,2959,Fight Club (1999),218
21,1,318,"Shawshank Redemption, The (1994)",313
21,2,593,"Silence of the Lambs, The (1991)",276
21,3,110,Braveheart (1995),234
21,4,527,Schindler's List (1993),214
21,5,150,Apollo 13 (1995),200
21,6,50,"Usual Suspects, The (1995)",198
21,7,47,Seven (a.k.a. Se7en) (1995),197
21,8,457,"Fugitive, The (1993)",189
21,9,2028,Saving Private Ryan (1998),186
21,10,608,Fargo (1996),180
22,1,296,Pulp Fiction (1994),304
22,2,2571,"Matrix, The (1999)",277
22,3,593,"Silence of the Lambs, The (1991)",276
22,4,260,Star Wars: Episode IV - A New Hope (1977),250
22,5,480,Jurassic Park (1993),236
22,6,110,Braveheart (1995),234
22,7,589,Terminator 2: Judgment Day (1991),221
22,8,1,Toy Story (1995),215
22,9,527,Schindler's List (1993),214
22,10,1196,Star Wars: Episode V - The Empire Strikes Back (1980),210
23,1,356,Forrest Gump (1994),325
23,2,318,"Shawshank Redemption, The (1994)",313
23,3,2571,"Matrix, The (1999)",277
23,4,593,"Silence of the Lambs, The (1991)",276
23,5,260,Star Wars: Episode IV - A New Hope (1977),250
23,6,480,Jurassic Park (1993),236
23,7,110,Braveheart (1995),234
23,8,589,Terminator 2: Judgment Day (1991),221
23,9,2959,Fight Club (1999),218
23,10,1,Toy Story (1995),215
24,1,260,Star Wars: Episode IV - A New Hope (1977),250
24,2,480,Jurassic Park (1993),236
24,3,110,Braveheart (1995),234
24,4,589,Terminator 2: Judgment Day (1991),221
24,5,2959,Fight Club (1999),218
24,6,1,Toy Story (1995),215
24,7,527,Schindler's List (1993),214
24,8,1196,Star Wars: Episode V - The Empire Strikes Back (1980),210
24,9,2858,American Beauty (1999),202
24,10,150,Apollo 13 (1995),200
25,1,356,Forrest Gump (1994),325
25,2,318,"Shawshank Redemption, The (1994)",313
25,3,296,Pulp Fiction (1994),304
25,4,593,"Silence of the Lambs, The (1991)",276
25,5,480,Jurassic Park (1993),236
25,6,110,Braveheart (1995),234
25,7,589,Terminator 2: Judgment Day (1991),221
25,8,2959,Fight Club (1999),218
25,9,1,Toy Story (1995),215
25,10,1196,Star Wars: Episode V - The Empire Strikes Back (1980),210
26,1,356,Forrest Gump (1994),325
26,2,318,"Shawshank Redemption, The (1994)",313
26,3,2571,"Matrix, The (1999)",277
26,4,260,Star Wars: Episode IV - A New Hope (1977),250
26,5,480,Jurassic Park (1993),236
26,6,110,Braveheart (1995),234
26,7,589,Terminator 2: Judgment Day (1991),221
26,8,2959,Fight Club (1999),218
26,9,1,Toy Story (1995),215
26,10,527,Schindler's List (1993),214
27,1,318,"Shawshank Redemption, The (1994)",313
27,2,296,Pulp Fiction (1994),304
27,3,2571,"Matrix, The (1999)",277
27,4,593,"Silence of the Lambs, The (1991)",276
27,5,110,Braveheart (1995),234
27,6,589,Terminator 2: Judgment Day (1991),221
27,7,2959,Fight Club (1999),218
27,8,527,Schindler's List (1993),214
27,9,2858,American Beauty (1999),202
27,10,150,Apollo 13 (1995),200
28,1,1,Toy Story (1995),215
28,2,150,Apollo 13 (1995),200
28,3,588,Aladdin (1992),181
28,4,380,True Lies (1994),176
28,5,364,"Lion King, The (1994)",172
28,6,1270,Back to the Future (1985),169
28,7,4306,Shrek (2001),168
28,8,344,Ace Ventura: Pet Detective (1994),161
28,9,648,Mission: Impossible (1996),159
28,10,367,"Mask, The (1994)",155
29,1,2571,"Matrix, The (1999)",277
29,2,593,"Silence of the Lambs, The (1991)",276
29,3,260,Star Wars: Episode IV - A New Hope (1977),250
29,4,480,Jurassic Park (1993),236
29,5,110,Braveheart (1995),234
29,6,589,Terminator 2: Judgment Day (1991),221
29,7,2959,Fight Club (1999),218
29,8,1,Toy Story (1995),215
29,9,527,Schindler's List (1993),214
29,10,1196,Star Wars: Episode V - The Empire Strikes Back (1980),210
30,1,356,Forrest Gump (1994),325
30,2,296,Pulp Fiction (1994),304
30,3,593,"Silence of the Lambs, The (1991)",276
30,4,480,Jurassic Park (1993),236
30,5,110,Braveheart (1995),234
30,6,2959,Fight Club (1999),218
30,7,1,Toy Story (1995),215
30,8,527,Schindler's List (1993),214
30,9,2858,American Beauty (1999),202
30,10,150,Apollo 13 (1995),200
31,1,356,Forrest Gump (1994),325
31,2,318,"Shawshank Redemption, The (1994)",313
31,3,296,Pulp Fiction (1994),304
31,4,2571,"Matrix, The (1999)",277
31,5,593,"Silence of the Lambs, The (1991)",276
31,6,260,Star Wars: Episode IV - A New Hope (1977),250
31,7,480,Jurassic Park (1993),236
31,8,110,Braveheart (1995),234
31,9,589,Terminator 2: Judgment Day (1991),221
31,10,2959,Fight Club (1999),218
32,1,356,Forrest Gump (1994),325
32,2,2571,"Matrix, The (1999)",277
32,3,480,Jurassic Park (1993),236
32,4,110,Braveheart (1995),234
32,5,589,Terminator 2: Judgment Day (1991),221
32,6,2959,Fight Club (1999),218
32,7,2858,American Beauty (1999),202
32,8,150,Apollo 13 (1995),200
32,9,47,Seven (a.k.a. Se7en) (1995),197
32,10,4993,"Lord of the Rings: The Fellowship of the Ring, The (2001)",197
33,1,260,Star Wars: Episode IV - A New Hope (1977),250
33,2,480,Jurassic Park (1993),236
33,3,2959,Fight Club (1999),218
33,4,1196,Star Wars: Episode V - The Empire Strikes Back (1980),210
33,5,2858,American Beauty (1999),202
33,6,47,Seven (a.k.a. Se7en) (1995),197
33,7,4993,"Lord of the Rings: The Fellowship of the Ring, The (2001)",197
33,8,780,Independence Day (a.k.a. ID4) (1996),196
33,9,1198,Raiders of the Lost Ark (Indiana Jones and the Raiders of the Lost Ark) (1981),194
33,10,592,Batman (1989),188
34,1,296,Pulp Fiction (1994),304
34,2,593,"Silence of the Lambs, The (1991)",276
34,3,260,Star Wars: Episode IV - A New Hope (1977),250
34,4,480,Jurassic Park (1993),236
34,5,1,Toy Story (1995),215
34,6,527,Schindler's List (1993),214
34,7,1196,Star Wars: Episode V - The Empire Strikes Back (1980),210
34,8,2858,American Beauty (1999),202
34,9,150,Apollo 13 (1995),200
34,10,50,"Usual Suspects, The (1995)",198
35,1,356,Forrest Gump (1994),325
35,2,318,"Shawshank Redemption, The (1994)",313
35,3,296,Pulp Fiction (1994),304
35,4,2571,"Matrix, The (1999)",277
35,5,593,"Silence of the Lambs, The (1991)",276
35,6,260,Star Wars: Episode IV - A New Hope (1977),250
35,7,480,Jurassic Park (1993),236
35,8,110,Braveheart (1995),234
35,9,589,Terminator 2: Judgment Day (1991),221
35,10,2959,Fight Club (1999),218
36,1,356,Forrest Gump (1994),325
36,2,318,"Shawshank Redemption, The (1994)",313
36,3,296,Pulp Fiction (1994),304
36,4,2571,"Matrix, The (1999)",277
36,5,593,"Silence of the Lambs, The (1991)",276
36,6,260,Star Wars: Episode IV - A New Hope (1977),250
36,7,480,Jurassic Park (1993),236
36,8,110,Braveheart (1995),234
36,9,589,Terminator 2: Judgment Day (1991),221
36,10,2959,Fight Club (1999),218
37,1,2571,"Matrix, The (1999)",277
37,2,260,Star Wars: Episode IV - A New Hope (1977),250
37,3,480,Jurassic Park (1993),236
37,4,110,Braveheart (1995),234
37,5,589,Terminator 2: Judgment Day (1991),221
37,6,2959,Fight Club (1999),218
37,7,1,Toy Story (1995),215
37,8,527,Schindler's List (1993),214
37,9,1196,Star Wars: Episode V - The Empire Strikes Back (1980),210
37,10,2858,American Beauty (1999),202
38,1,2571,"Matrix, The (1999)",277
38,2,260,Star Wars: Episode IV - A New Hope (1977),250
38,3,589,Terminator 2: Judgment Day (1991),221
38,4,2959,Fight Club (1999),218
38,5,1,Toy Story (1995),215
38,6,1196,Star Wars: Episode V - The Empire Strikes Back (1980),210
38,7,2858,American Beauty (1999),202
38,8,47,Seven (a.k.a. Se7en) (1995),197
38,9,4993,"Lord of the Rings: The Fellowship of the Ring, The (2001)",197
38,10,780,Independence Day (a.k.a. ID4) (1996),196
39,1,356,Forrest Gump (1994),325
39,2,318,"Shawshank Redemption, The (1994)",313
39,3,480,Jurassic Park (1993),236
39,4,110,Braveheart (1995),234
39,5,2959,Fight Club (1999),218
39,6,1,Toy Story (1995),215
39,7,527,Schindler's List (1993),214
39,8,150,Apollo 13 (1995),200
39,9,4993,"Lord of the Rings: The Fellowship of the Ring, The (2001)",197
39,10,780,Independence Day (a.k.a. ID4) (1996),196
40,1,356,Forrest Gump (1994),325
40,2,2571,"Matrix, The (1999)",277
40,3,593,"Silence of the Lambs, The (1991)",276
40,4,260,Star Wars: Episode IV - A New Hope (1977),250
40,5,480,Jurassic Park (1993),236
40,6,589,Terminator 2: Judgment Day (1991),221
40,7,2959,Fight Club (1999),218
40,8,527,Schindler's List (1993),214
40,9,1196,Star Wars: Episode V - The Empire Strikes Back (1980),210
40,10,2858,American Beauty (1999),202
41,1,318,"Shawshank Redemption, The (1994)",313
41,2,260,Star Wars: Episode IV - A New Hope (1977),250
41,3,480,Jurassic Park (1993),236
41,4,110,Braveheart (1995),234
41,5,589,Terminator 2: Judgment Day (1991),221
41,6,1,Toy Story (1995),215
41,7,527,Schindler's List (1993),214
41,8,1196,Star Wars: Episode V - The Empire Strikes Back (1980),210
41,9,150,Apollo 13 (1995),200
41,10,4993,"Lord of the Rings: The Fellowship of the Ring, The (2001)",197
42,1,480,Jurassic Park (1993),236
42,2,589,Terminator 2: Judgment Day (1991),221
42,3,1,Toy Story (1995),215
42,4,2858,American Beauty (1999),202
42,5,4993,"Lord of the Rings: The Fellowship of the Ring, The (2001)",197
42,6,1198,Raiders of the Lost Ark (Indiana Jones and the Raiders of the Lost Ark) (1981),194
42,7,5952,"Lord of the Rings: The Two Towers, The (2002)",187
42,8,7153,"Lord of the Rings: The Return of the King, The (2003)",185
42,9,588,Aladdin (1992),181
42,10,608,Fargo (1996),180
43,1,2571,"Matrix, The (1999)",277
43,2,593,"Silence of the Lambs, The (1991)",276
43,3,260,Star Wars: Episode IV - A New Hope (1977),250
43,4,2959,Fight Club (1999),218
43,5,527,Schindler's List (1993),214
43,6,1196,Star Wars: Episode V - The Empire Strikes Back (1980),210
43,7,2858,American Beauty (1999),202
43,8,50,"Usual Suspects, The (1995)",198
43,9,4993,"Lord of the Rings: The Fellowship of the Ring, The (2001)",197
43,10,780,Independence Day (a.k.a. ID4) (1996),196
44,1,356,Forrest Gump (1994),325
44,2,318,"Shawshank Redemption, The (1994)",313
44,3,296,Pulp Fiction (1994),304
44,4,2571,"Matrix, The (1999)",277
44,5,593,"Silence of the Lambs, The (1991)",276
44,6,480,Jurassic Park (1993),236
44,7,110,Braveheart (1995),234
44,8,589,Terminator 2: Judgment Day (1991),221
44,9,2959,Fight Club (1999),218
44,10,527,Schindler's List (1993),214
45,1,318,"Shawshank Redemption, The (1994)",313
45,2,527,Schindler's List (1993),214
45,3,47,Seven (a.k.a. Se7en) (1995),197
45,4,592,Batman (1989),188
45,5,5952,"Lord of the Rings: The Two Towers, The (2002)",187
45,6,7153,"Lord of the Rings: The Return of the King, The (2003)",185
45,7,608,Fargo (1996),180
45,8,377,Speed (1994),168
45,9,4226,Memento (2000),157
45,10,58559,"Dark Knight, The (2008)",146
46,1,356,Forrest Gump (1994),325
46,2,296,Pulp Fiction (1994),304
46,3,2571,"Matrix, The (1999)",277
46,4,260,Star Wars: Episode IV - A New Hope (1977),250
46,5,480,Jurassic Park (1993),236
46,6,589,Terminator 2: Judgment Day (1991),221
46,7,2959,Fight Club (1999),218
46,8,527,Schindler's List (1993),214
46,9,1196,Star Wars: Episode V - The Empire Strikes Back (1980),210
46,10,2858,American Beauty (1999),202
47,1,296,Pulp Fiction (1994),304
47,2,2571,"Matrix, The (1999)",277
47,3,260,Star Wars: Episode IV - A New Hope (1977),250
47,4,480,Jurassic Park (1993),236
47,5,110,Braveheart (1995),234
47,6,589,Terminator 2: Judgment Day (1991),221
47,7,1,Toy Story (1995),215
47,8,527,Schindler's List (1993),214
47,9,1196,Star Wars: Episode V - The Empire Strikes Back (1980),210
47,10,2858,American Beauty (1999),202
48,1,356,Forrest Gump (1994),325
48,2,318,"Shawshank Redemption, The (1994)",313
48,3,296,Pulp Fiction (1994),304
48,4,593,"Silence of the Lambs, The (1991)",276
48,5,260,Star Wars: Episode IV - A New Hope (1977),250
48,6,480,Jurassic Park (1993),236
48,7,110,Braveheart (1995),234
48,8,589,Terminator 2: Judgment Day (1991),221
48,9,2959,Fight Club (1999),218
48,10,1,Toy Story (1995),215
49,1,296,Pulp Fiction (1994),304
49,2,593,"Silence of the Lambs, The (1991)",276
49,3,260,Star Wars: Episode IV - A New Hope (1977),250
49,4,480,Jurassic Park (1993),236
49,5,589,Terminator 2: Judgment Day (1991),221
49,6,2959,Fight Club (1999),218
49,7,1,Toy Story (1995),215
49,8,1196,Star Wars: Episode V - The Empire Strikes Back (1980),210
49,9,2858,American Beauty (1999),202
49,10,150,Apollo 13 (1995),200
50,1,260,Star Wars: Episode IV - A New Hope (1977),250
50,2,480,Jurassic Park (1993),236
50,3,110,Braveheart (1995),234
50,4,589,Terminator 2: Judgment Day (1991),221
50,5,527,Schindler's List (1993),214
50,6,1196,Star Wars: Episode V - The Empire Strikes Back (1980),210
50,7,2858,American Beauty (1999),202
50,8,150,Apollo 13 (1995),200
50,9,50,"Usual Suspects, The (1995)",198
50,10,47,Seven (a.k.a. Se7en) (1995),197
51,1,356,Forrest Gump (1994),325
51,2,318,"Shawshank Redemption, The (1994)",313
51,3,296,Pulp Fiction (1994),304
51,4,2571,"Matrix, The (1999)",277
51,5,480,Jurassic Park (1993),236
51,6,110,Braveheart (1995),234
51,7,2959,Fight Club (1999),218
51,8,1,Toy Story (1995),215
51,9,2858,American Beauty (1999),202
51,10,150,Apollo 13 (1995),200
52,1,296,Pulp Fiction (1994),304
52,2,593,"Silence of the Lambs, The (1991)",276
52,3,480,Jurassic Park (1993),236
52,4,110,Braveheart (1995),234
52,5,589,Terminator 2: Judgment Day (1991),221
52,6,1,Toy Story (1995),215
52,7,527,Schindler's List (1993),214
52,8,2858,American Beauty (1999),202
52,9,50,"Usual Suspects, The (1995)",198
52,10,47,Seven (a.k.a. Se7en) (1995),197
53,1,356,Forrest Gump (1994),325
53,2,318,"Shawshank Redemption, The (1994)",313
53,3,296,Pulp Fiction (1994),304
53,4,2571,"Matrix, The (1999)",277
53,5,593,"Silence of the Lambs, The (1991)",276
53,6,260,Star Wars: Episode IV - A New Hope (1977),250
53,7,480,Jurassic Park (1993),236
53,8,110,Braveheart (1995),234
53,9,589,Terminator 2: Judgment Day (1991),221
53,10,2959,Fight Club (1999),218
54,1,2571,"Matrix, The (1999)",277
54,2,260,Star Wars: Episode IV - A New Hope (1977),250
54,3,2959,Fight Club (1999),218
54,4,527,Schindler's List (1993),214
54,5,1196,Star Wars: Episode V - The Empire Strikes Back (1980),210
54,6,2858,American Beauty (1999),202
54,7,4993,"Lord of the Rings: The Fellowship of the Ring, The (2001)",197
54,8,780,Independence Day (a.k.a. ID4) (1996),196
54,9,1210,Star Wars: Episode VI - Return of the Jedi (1983),196
54,10,1198,Raiders of the Lost Ark (Indiana Jones and the Raiders of the Lost Ark) (1981),194
55,1,356,Forrest Gump (1994),325
55,2,318,"Shawshank Redemption, The (1994)",313
55,3,296,Pulp Fiction (1994),304
55,4,2571,"Matrix, The (1999)",277
55,5,593,"Silence of the Lambs, The (1991)",276
55,6,260,Star Wars: Episode IV - A New Hope (1977),250
55,7,480,Jurassic Park (1993),236
55,8,110,Braveheart (1995),234
55,9,589,Terminator 2: Judgment Day (1991),221
55,10,2959,Fight Club (1999),218
56,1,2571,"Matrix, The (1999)",277
56,2,260,Star Wars: Episode IV - A New Hope (1977),250
56,3,2959,Fight Club (1999),218
56,4,1,Toy Story (1995),215
56,5,527,Schindler's List (1993),214
56,6,1196,Star Wars: Episode V - The Empire Strikes Back (1980),210
56,7,2858,American Beauty (1999),202
56,8,150,Apollo 13 (1995),200
56,9,50,"Usual Suspects, The (1995)",198
56,10,4993,"Lord of the Rings: The Fellowship of the Ring, The (2001)",197
57,1,318,"Shawshank Redemption, The (1994)",313
57,2,2959,Fight Club (1999),218
57,3,47,Seven (a.k.a. Se7en) (1995),197
57,4,4993,"Lord of the Rings: The Fellowship of the Ring, The (2001)",197
57,5,5952,"Lord of the Rings: The Two Towers, The (2002)",187
57,6,7153,"Lord of the Rings: The Return of the King, The (2003)",185
57,7,4306,Shrek (2001),168
57,8,344,Ace Ventura: Pet Detective (1994),161
57,9,4226,Memento (2000),157
57,10,6539,Pirates of the Caribbean: The Curse of the Black Pearl (2003),149
58,1,2571,"Matrix, The (1999)",277
58,2,593,"Silence of the Lambs, The (1991)",276
58,3,260,Star Wars: Episode IV - A New Hope (1977),250
58,4,2959,Fight Club (1999),218
58,5,1,Toy Story (1995),215
58,6,1196,Star Wars: Episode V - The Empire Strikes Back (1980),210
58,7,2858,American Beauty (1999),202
58,8,4993,"Lord of the Rings: The Fellowship of the Ring, The (2001)",197
58,9,1210,Star Wars: Episode VI - Return of the Jedi (1983),196
58,10,1198,Raiders of the Lost Ark (Indiana Jones and the Raiders of the Lost Ark) (1981),194
59,1,356,Forrest Gump (1994),325
59,2,318,"Shawshank Redemption, The (1994)",313
59,3,296,Pulp Fiction (1994),304
59,4,2959,Fight Club (1999),218
59,5,1,Toy Story (1995),215
59,6,2858,American Beauty (1999),202
59,7,150,Apollo 13 (1995),200
59,8,50,"Usual Suspects, The (1995)",198
59,9,47,Seven (a.k.a. Se7en) (1995),197
59,10,4993,"Lord of the Rings: The Fellowship of the Ring, The (2001)",197
60,1,356,Forrest Gump (1994),325
60,2,296,Pulp Fiction (1994),304
60,3,2571,"Matrix, The (1999)",277
60,4,593,"Silence of the Lambs, The (1991)",276
60,5,260,Star Wars: Episode IV - A New Hope (1977),250
60,6,480,Jurassic Park (1993),236
60,7,110,Braveheart (1995),234
60,8,589,Terminator 2: Judgment Day (1991),221
60,9,2959,Fight Club (1999),218
60,10,1,Toy Story (1995),215
61,1,356,Forrest Gump (1994),325
61,2,296,Pulp Fiction (1994),304
61,3,2571,"Matrix, The (1999)",277
61,4,593,"Silence of the Lambs, The (1991)",276
61,5,260,Star Wars: Episode IV - A New Hope (1977),250
61,6,480,Jurassic Park (1993),236
61,7,110,Braveheart (1995),234
61,8,589,Terminator 2: Judgment Day (1991),221
61,9,2959,Fight Club (1999),218
61,10,1,Toy Story (1995),215
62,1,480,Jurassic Park (1993),236
62,2,589,Terminator 2: Judgment Day (1991),221
62,3,1,Toy Story (1995),215
62,4,2858,American Beauty (1999),202
62,5,150,Apollo 13 (1995),200
62,6,50,"Usual Suspects, The (1995)",198
62,7,780,Independence Day (a.k.a. ID4) (1996),196
62,8,457,"Fugitive, The (1993)",189
62,9,592,Batman (1989),188
62,10,588,Aladdin (1992),181
63,1,593,"Silence of the Lambs, The (1991)",276
63,2,457,"Fugitive, The (1993)",189
63,3,2762,"Sixth Sense, The (1999)",178
63,4,380,True Lies (1994),176
63,5,590,Dances with Wolves (1990),162
63,6,1197,"Princess Bride, The (1987)",141
63,7,316,Stargate (1994),140
63,8,1721,Titanic (1997),138
63,9,6377,Finding Nemo (2003),138
63,10,2628,Star Wars: Episode I - The Phantom Menace (1999),137
64,1,150,Apollo 13 (1995),200
64,2,1198,Raiders of the Lost Ark (Indiana Jones and the Raiders of the Lost Ark) (1981),194
64,3,457,"Fugitive, The (1993)",189
64,4,592,Batman (1989),188
64,5,380,True Lies (1994),176
64,6,1270,Back to the Future (1985),169
64,7,3578,Gladiator (2000),166
64,8,648,Mission: Impossible (1996),159
64,9,58559,"Dark Knight, The (2008)",146
64,10,165,Die Hard: With a Vengeance (1995),144
65,1,356,Forrest Gump (1994),325
65,2,296,Pulp Fiction (1994),304
65,3,2571,"Matrix, The (1999)",277
65,4,593,"Silence of the Lambs, The (1991)",276
65,5,260,Star Wars: Episode IV - A New Hope (1977),250
65,6,480,Jurassic Park (1993),236
65,7,110,Braveheart (1995),234
65,8,589,Terminator 2: Judgment Day (1991),221
65,9,1,Toy Story (1995),215
65,10,1196,Star Wars: Episode V - The Empire Strikes Back (1980),210
66,1,527,Schindler's List (1993),214
66,2,150,Apollo 13 (1995),200
66,3,858,"Godfather, The (1972)",188
66,4,588,Aladdin (1992),181
66,5,364,"Lion King, The (1994)",172
66,6,377,Speed (1994),168
66,7,1580,Men in Black (a.k.a. MIB) (1997),162
66,8,344,Ace Ventura: Pet Detective (1994),161
66,9,648,Mission: Impossible (1996),159
66,10,367,"Mask, The (1994)",155
67,1,593,"Silence of the Lambs, The (1991)",276
67,2,260,Star Wars: Episode IV - A New Hope (1977),250
67,3,480,Jurassic Park (1993),236
67,4,110,Braveheart (1995),234
67,5,1,Toy Story (1995),215
67,6,527,Schindler's List (1993),214
67,7,1196,Star Wars: Episode V - The Empire Strikes Back (1980),210
67,8,150,Apollo 13 (1995),200
67,9,50,"Usual Suspects, The (1995)",198
67,10,47,Seven (a.k.a. Se7en) (1995),197
68,1,32,Twelve Monkeys (a.k.a. 12 Monkeys) (1995),173
68,2,733,"Rock, The (1996)",118
68,3,349,Clear and Present Danger (1994),110
68,4,329,Star Trek: Generations (1994),108
68,5,161,Crimson Tide (1995),103
68,6,111,Taxi Driver (1976),100
68,7,778,Trainspotting (1996),100
68,8,750,Dr. Strangelove or: How I Learned to Stop Worrying and Love the Bomb (1964),95
68,9,288,Natural Born Killers (1994),91
68,10,1080,Monty Python's Life of Brian (1979),89
69,1,480,Jurassic Park (1993),236
69,2,110,Braveheart (1995),234
69,3,2959,Fight Club (1999),218
69,4,1,Toy Story (1995),215
69,5,527,Schindler's List (1993),214
69,6,2858,American Beauty (1999),202
69,7,150,Apollo 13 (1995),200
69,8,47,Seven (a.k.a. Se7en) (1995),197
69,9,4993,"Lord of the Rings: The Fellowship of the Ring, The (2001)",197
69,10,780,Independence Day (a.k.a. ID4) (1996),196
70,1,296,Pulp Fiction (1994),304
70,2,2571,"Matrix, The (1999)",277
70,3,593,"Silence of the Lambs, The (1991)",276
70,4,260,Star Wars: Episode IV - A New Hope (1977),250
70,5,480,Jurassic Park (1993),236
70,6,110,Braveheart (1995),234
70,7,589,Terminator 2: Judgment Day (1991),221
70,8,2959,Fight Club (1999),218
70,9,1,Toy Story (1995),215
70,10,1196,Star Wars: Episode V - The Empire Strikes Back (1980),210
71,1,356,Forrest Gump (1994),325
71,2,318,"Shawshank Redemption, The (1994)",313
71,3,296,Pulp Fiction (1994),304
71,4,2571,"Matrix, The (1999)",277
71,5,593,"Silence of the Lambs, The (1991)",276
71,6,480,Jurassic Park (1993),236
71,7,110,Braveheart (1995),234
71,8,2959,Fight Club (1999),218
71,9,527,Schindler's List (1993),214
71,10,1196,Star Wars: Episode V - The Empire Strikes Back (1980),210
72,1,480,Jurassic Park (1993),236
72,2,2959,Fight Club (1999),218
72,3,1,Toy Story (1995),215
72,4,4993,"Lord of the Rings: The Fellowship of the Ring, The (2001)",197
72,5,592,Batman (1989),188
72,6,5952,"Lord of the Rings: The Two Towers, The (2002)",187
72,7,2028,Saving Private Ryan (1998),186
72,8,7153,"Lord of the Rings: The Return of the King, The (2003)",185
72,9,588,Aladdin (1992),181
72,10,608,Fargo (1996),180
73,1,356,Forrest Gump (1994),325
73,2,318,"Shawshank Redemption, The (1994)",313
73,3,296,Pulp Fiction (1994),304
73,4,2571,"Matrix, The (1999)",277
73,5,593,"Silence of the Lambs, The (1991)",276
73,6,480,Jurassic Park (1993),236
73,7,110,Braveheart (1995),234
73,8,589,Terminator 2: Judgment Day (1991),221
73,9,2959,Fight Club (1999),218
73,10,527,Schindler's List (1993),214
74,1,356,Forrest Gump (1994),325
74,2,318,"Shawshank Redemption, The (1994)",313
74,3,2571,"Matrix, The (1999)",277
74,4,593,"Silence of the Lambs, The (1991)",276
74,5,260,Star Wars: Episode IV - A New Hope (1977),250
74,6,480,Jurassic Park (1993),236
74,7,110,Braveheart (1995),234
74,8,589,Terminator 2: Judgment Day (1991),221
74,9,2959,Fight Club (1999),218
74,10,1,Toy Story (1995),215
75,1,356,Forrest Gump (1994),325
75,2,318,"Shawshank Redemption, The (1994)",313
75,3,296,Pulp Fiction (1994),304
75,4,593,"Silence of the Lambs, The (1991)",276
75,5,480,Jurassic Park (1993),236
75,6,110,Braveheart (1995),234
75,7,2959,Fight Club (1999),218
75,8,1,Toy Story (1995),215
75,9,527,Schindler's List (1993),214
75,10,1196,Star Wars: Episode V - The Empire Strikes Back (1980),210
76,1,110,Braveheart (1995),234
76,2,527,Schindler's List (1993),214
76,3,150,Apollo 13 (1995),200
76,4,50,"Usual Suspects, The (1995)",198
76,5,4993,"Lord of the Rings: The Fellowship of the Ring, The (2001)",197
76,6,780,Independence Day (a.k.a. ID4) (1996),196
76,7,1210,Star Wars: Episode VI - Return of the Jedi (1983),196
76,8,1198,Raiders of the Lost Ark (Indiana Jones and the Raiders of the Lost Ark) (1981),194
76,9,457,"Fugitive, The (1993)",189
76,10,592,Batman (1989),188
77,1,356,Forrest Gump (1994),325
77,2,318,"Shawshank Redemption, The (1994)",313
77,3,296,Pulp Fiction (1994),304
77,4,593,"Silence of the Lambs, The (1991)",276
77,5,480,Jurassic Park (1993),236
77,6,110,Braveheart (1995),234
77,7,589,Terminator 2: Judgment Day (1991),221
77,8,2959,Fight Club (1999),218
77,9,1,Toy Story (1995),215
77,10,527,Schindler's List (1993),214
78,1,110,Braveheart (1995),234
78,2,2959,Fight Club (1999),218
78,3,527,Schindler's List (1993),214
78,4,1196,Star Wars: Episode V - The Empire Strikes Back (1980),210
78,5,2858,American Beauty (1999),202
78,6,50,"Usual Suspects, The (1995)",198
78,7,47,Seven (a.k.a. Se7en) (1995),197
78,8,4993,"Lord of the Rings: The Fellowship of the Ring, The (2001)",197
78,9,1210,Star Wars: Episode VI - Return of the Jedi (1983),196
78,10,457,"Fugitive, The (1993)",189
79,1,356,Forrest Gump (1994),325
79,2,318,"Shawshank Redemption, The (1994)",313
79,3,296,Pulp Fiction (1994),304
79,4,593,"Silence of the Lambs, The (1991)",276
79,5,110,Braveheart (1995),234
79,6,2959,Fight Club (1999),218
79,7,1,Toy Story (1995),215
79,8,527,Schindler's List (1993),214
79,9,2858,American Beauty (1999),202
79,10,150,Apollo 13 (1995),200
80,1,356,Forrest Gump (1994),325
80,2,296,Pulp Fiction (1994),304
80,3,260,Star Wars: Episode IV - A New Hope (1977),250
80,4,480,Jurassic Park (1993),236
80,5,110,Braveheart (1995),234
80,6,589,Terminator 2: Judgment Day (1991),221
80,7,1,Toy Story (1995),215
80,8,527,Schindler's List (1993),214
80,9,1196,Star Wars: Episode V - The Empire Strikes Back (1980),210
80,10,2858,American Beauty (1999),202
81,1,2571,"Matrix, The (1999)",277
81,2,593,"Silence of the Lambs, The (1991)",276
81,3,260,Star Wars: Episode IV - A New Hope (1977),250
81,4,2959,Fight Club (1999),218
81,5,1,Toy Story (1995),215
81,6,527,Schindler's List (1993),214
81,7,1196,Star Wars: Episode V - The Empire Strikes Back (1980),210
81,8,2858,American Beauty (1999),202
81,9,50,"Usual Suspects, The (1995)",198
81,10,47,Seven (a.k.a. Se7en) (1995),197
82,1,318,"Shawshank Redemption, The (1994)",313
82,2,296,Pulp Fiction (1994),304
82,3,593,"Silence of the Lambs, The (1991)",276
82,4,2959,Fight Club (1999),218
82,5,527,Schindler's List (1993),214
82,6,2858,American Beauty (1999),202
82,7,150,Apollo 13 (1995),200
82,8,50,"Usual Suspects, The (1995)",198
82,9,457,"Fugitive, The (1993)",189
82,10,5952,"Lord of the Rings: The Two Towers, The (2002)",187
83,1,296,Pulp Fiction (1994),304
83,2,2571,"Matrix, The (1999)",277
83,3,593,"Silence of the Lambs, The (1991)",276
83,4,260,Star Wars: Episode IV - A New Hope (1977),250
83,5,589,Terminator 2: Judgment Day (1991),221
83,6,2959,Fight Club (1999),218
83,7,1,Toy Story (1995),215
83,8,527,Schindler's List (1993),214
83,9,1196,Star Wars: Episode V - The Empire Strikes Back (1980),210
83,10,150,Apollo 13 (1995),200
84,1,2571,"Matrix, The (1999)",277
84,2,110,Braveheart (1995),234
84,3,589,Terminator 2: Judgment Day (1991),221
84,4,2959,Fight Club (1999),218
84,5,1,Toy Story (1995),215
84,6,2858,American Beauty (1999),202
84,7,47,Seven (a.k.a. Se7en) (1995),197
84,8,4993,"Lord of the Rings: The Fellowship of the Ring, The (2001)",197
84,9,780,Independence Day (a.k.a. ID4) (1996),196
84,10,5952,"Lord of the Rings: The Two Towers, The (2002)",187
85,1,356,Forrest Gump (1994),325
85,2,318,"Shawshank Redemption, The (1994)",313
85,3,296,Pulp Fiction (1994),304
85,4,2571,"Matrix, The (1999)",277
85,5,593,"Silence of the Lambs, The (1991)",276
85,6,260,Star Wars: Episode IV - A New Hope (1977),250
85,7,480,Jurassic Park (1993),236
85,8,110,Braveheart (1995),234
85,9,589,Terminator 2: Judgment Day (1991),221
85,10,2959,Fight Club (1999),218
86,1,296,Pulp Fiction (1994),304
86,2,593,"Silence of the Lambs, The (1991)",276
86,3,110,Braveheart (1995),234
86,4,589,Terminator 2: Judgment Day (1991),221
86,5,527,Schindler's List (1993),214
86,6,150,Apollo 13 (1995),200
86,7,50,"Usual Suspects, The (1995)",198
86,8,47,Seven (a.k.a. Se7en) (1995),197
86,9,1198,Raiders of the Lost Ark (Indiana Jones and the Raiders of the Lost Ark) (1981),194
86,10,592,Batman (1989),188
87,1,356,Forrest Gump (1994),325
87,2,318,"Shawshank Redemption, The (1994)",313
87,3,296,Pulp Fiction (1994),304
87,4,2571,"Matrix, The (1999)",277
87,5,593,"Silence of the Lambs, The (1991)",276
87,6,260,Star Wars: Episode IV - A New Hope (1977),250
87,7,480,Jurassic Park (1993),236
87,8,110,Braveheart (1995),234
87,9,589,Terminator 2: Judgment Day (1991),221
87,10,2959,Fight Club (1999),218
88,1,356,Forrest Gump (1994),325
88,2,296,Pulp Fiction (1994),304
88,3,2571,"Matrix, The (1999)",277
88,4,593,"Silence of the Lambs, The (1991)",276
88,5,260,Star Wars: Episode IV - A New Hope (1977),250
88,6,480,Jurassic Park (1993),236
88,7,110,Braveheart (1995),234
88,8,589,Terminator 2: Judgment Day (1991),221
88,9,2959,Fight Club (1999),218
88,10,1,Toy Story (1995),215
89,1,318,"Shawshank Redemption, The (1994)",313
89,2,296,Pulp Fiction (1994),304
89,3,2571,"Matrix, The (1999)",277
89,4,593,"Silence of the Lambs, The (1991)",276
89,5,260,Star Wars: Episode IV - A New Hope (1977),250
89,6,480,Jurassic Park (1993),236
89,7,110,Braveheart (1995),234
89,8,589,Terminator 2: Judgment Day (1991),221
89,9,2959,Fight Club (1999),218
89,10,527,Schindler's List (1993),214
90,1,356,Forrest Gump (1994),325
90,2,318,"Shawshank Redemption, The (1994)",313
90,3,296,Pulp Fiction (1994),304
90,4,2571,"Matrix, The (1999)",277
90,5,593,"Silence of the Lambs, The (1991)",276
90,6,480,Jurassic Park (1993),236
90,7,110,Braveheart (1995),234
90,8,589,Terminator 2: Judgment Day (1991),221
90,9,2959,Fight Club (1999),218
90,10,527,Schindler's List (1993),214
91,1,527,Schindler's List (1993),214
91,2,2858,American Beauty (1999),202
91,3,58559,"Dark Knight, The (2008)",146
91,4,79132,Inception (2010),140
91,5,1721,Titanic (1997),138
91,6,6377,Finding Nemo (2003),138
91,7,34,Babe (1995),127
91,8,7361,Eternal Sunshine of the Spotless Mind (2004),125
91,9,2329,American History X (1998),122
91,10,4995,"Beautiful Mind, A (2001)",122
92,1,356,Forrest Gump (1994),325
92,2,318,"Shawshank Redemption, The (1994)",313
92,3,296,Pulp Fiction (1994),304
92,4,2571,"Matrix, The (1999)",277
92,5,593,"Silence of the Lambs, The (1991)",276
92,6,260,Star Wars: Episode IV - A New Hope (1977),250
92,7,480,Jurassic Park (1993),236
92,8,110,Braveheart (1995),234
92,9,589,Terminator 2: Judgment Day (1991),221
92,10,2959,Fight Club (1999),218
93,1,296,Pulp Fiction (1994),304
93,2,2571,"Matrix, The (1999)",277
93,3,110,Braveheart (1995),234
93,4,589,Terminator 2: Judgment Day (1991),221
93,5,2959,Fight Club (1999),218
93,6,1196,Star Wars: Episode V - The Empire Strikes Back (1980),210
93,7,2858,American Beauty (1999),202
93,8,150,Apollo 13 (1995),200
93,9,50,"Usual Suspects, The (1995)",198
93,10,47,Seven (a.k.a. Se7en) (1995),197
94,1,2571,"Matrix, The (1999)",277
94,2,260,Star Wars: Episode IV - A New Hope (1977),250
94,3,2959,Fight Club (1999),218
94,4,1,Toy Story (1995),215
94,5,527,Schindler's List (1993),214
94,6,1196,Star Wars: Episode V - The Empire Strikes Back (1980),210
94,7,2858,American Beauty (1999),202
94,8,50,"Usual Suspects, The (1995)",198
94,9,4993,"Lord of the Rings: The Fellowship of the Ring, The (2001)",197
94,10,780,Independence Day (a.k.a. ID4) (1996),196
95,1,356,Forrest Gump (1994),325
95,2,318,"Shawshank Redemption, The (1994)",313
95,3,296,Pulp Fiction (1994),304
95,4,593,"Silence of the Lambs, The (1991)",276
95,5,110,Braveheart (1995),234
95,6,2959,Fight Club (1999),218
95,7,1,Toy Story (1995),215
95,8,527,Schindler's List (1993),214
95,9,2858,American Beauty (1999),202
95,10,150,Apollo 13 (1995),200
96,1,356,Forrest Gump (1994),325
96,2,318,"Shawshank Redemption, The (1994)",313
96,3,593,"Silence of the Lambs, The (1991)",276
96,4,2959,Fight Club (1999),218
96,5,1196,Star Wars: Episode V - The Empire Strikes Back (1980),210
96,6,47,Seven (a.k.a. Se7en) (1995),197
96,7,4993,"Lord of the Rings: The Fellowship of the Ring, The (2001)",197
96,8,457,"Fugitive, The (1993)",189
96,9,592,Batman (1989),188
96,10,5952,"Lord of the Rings: The Two Towers, The (2002)",187
97,1,356,Forrest Gump (1994),325
97,2,318,"Shawshank Redemption, The (1994)",313
97,3,296,Pulp Fiction (1994),304
97,4,2571,"Matrix, The (1999)",277
97,5,260,Star Wars: Episode IV - A New Hope (1977),250
97,6,480,Jurassic Park (1993),236
97,7,110,Braveheart (1995),234
97,8,589,Terminator 2: Judgment Day (1991),221
97,9,2959,Fight Club (1999),218
97,10,1,Toy Story (1995),215
98,1,318,"Shawshank Redemption, The (1994)",313
98,2,296,Pulp Fiction (1994),304
98,3,2571,"Matrix, The (1999)",277
98,4,260,Star Wars: Episode IV - A New Hope (1977),250
98,5,480,Jurassic Park (1993),236
98,6,110,Braveheart (1995),234
98,7,589,Terminator 2: Judgment Day (1991),221
98,8,2959,Fight Club (1999),218
98,9,527,Schindler's List (1993),214
98,10,1196,Star Wars: Episode V - The Empire Strikes Back (1980),210
99,1,356,Forrest Gump (1994),325
99,2,2571,"Matrix, The (1999)",277
99,3,593,"Silence of the Lambs, The (1991)",276
99,4,260,Star Wars: Episode IV - A New Hope (1977),250
99,5,480,Jurassic Park (1993),236
99,6,110,Braveheart (1995),234
99,7,589,Terminator 2: Judgment Day (1991),221
99,8,2959,Fight Club (1999),218
99,9,1,Toy Story (1995),215
99,10,527,Schindler's List (1993),214
100,1,318,"Shawshank Redemption, The (1994)",313
100,2,2571,"Matrix, The (1999)",277
100,3,593,"Silence of the Lambs, The (1991)",276
100,4,260,Star Wars: Episode IV - A New Hope (1977),250
100,5,480,Jurassic Park (1993),236
100,6,110,Braveheart (1995),234
100,7,589,Terminator 2: Judgment Day (1991),221
100,8,2959,Fight Club (1999),218
100,9,1,Toy Story (1995),215
100,10,527,Schindler's List (1993),214
101,1,356,Forrest Gump (1994),325
101,2,318,"Shawshank Redemption, The (1994)",313
101,3,296,Pulp Fiction (1994),304
101,4,2571,"Matrix, The (1999)",277
101,5,593,"Silence of the Lambs, The (1991)",276
101,6,260,Star Wars: Episode IV - A New Hope (1977),250
101,7,480,Jurassic Park (1993),236
101,8,110,Braveheart (1995),234
101,9,589,Terminator 2: Judgment Day (1991),221
101,10,1,Toy Story (1995),215
102,1,2571,"Matrix, The (1999)",277
102,2,260,Star Wars: Episode IV - A New Hope (1977),250
102,3,110,Braveheart (1995),234
102,4,2959,Fight Club (1999),218
102,5,1,Toy Story (1995),215
102,6,527,Schindler's List (1993),214
102,7,1196,Star Wars: Episode V - The Empire Strikes Back (1980),210
102,8,2858,American Beauty (1999),202
102,9,50,"Usual Suspects, The (1995)",198
102,10,4993,"Lord of the Rings: The Fellowship of the Ring, The (2001)",197
103,1,589,Terminator 2: Judgment Day (1991),221
103,2,2858,American Beauty (1999),202
103,3,47,Seven (a.k.a. Se7en) (1995),197
103,4,780,Independence Day (a.k.a. ID4) (1996),196
103,5,457,"Fugitive, The (1993)",189
103,6,592,Batman (1989),188
103,7,588,Aladdin (1992),181
103,8,2762,"Sixth Sense, The (1999)",178
103,9,380,True Lies (1994),176
103,10,32,Twelve Monkeys (a.k.a. 12 Monkeys) (1995),173
104,1,318,"Shawshank Redemption, The (1994)",313
104,2,296,Pulp Fiction (1994),304
104,3,2571,"Matrix, The (1999)",277
104,4,593,"Silence of the Lambs, The (1991)",276
104,5,480,Jurassic Park (1993),236
104,6,589,Terminator 2: Judgment Day (1991),221
104,7,2959,Fight Club (1999),218
104,8,1,Toy Story (1995),215
104,9,1196,Star Wars: Episode V - The Empire Strikes Back (1980),210
104,10,2858,American Beauty (1999),202
105,1,480,Jurassic Park (1993),236
105,2,1,Toy Story (1995),215
105,3,1196,Star Wars: Episode V - The Empire Strikes Back (1980),210
105,4,150,Apollo 13 (1995),200
105,5,780,Independence Day (a.k.a. ID4) (1996),196
105,6,1210,Star Wars: Episode VI - Return of the Jedi (1983),196
105,7,457,"Fugitive, The (1993)",189
105,8,592,Batman (1989),188
105,9,588,Aladdin (1992),181
105,10,380,True Lies (1994),176
106,1,356,Forrest Gump (1994),325
106,2,318,"Shawshank Redemption, The (1994)",313
106,3,296,Pulp Fiction (1994),304
106,4,593,"Silence of the Lambs, The (1991)",276
106,5,260,Star Wars: Episode IV - A New Hope (1977),250
106,6,480,Jurassic Park (1993),236
106,7,110,Braveheart (1995),234
106,8,589,Terminator 2: Judgment Day (1991),221
106,9,2959,Fight Club (1999),218
106,10,1,Toy Story (1995),215
107,1,356,Forrest Gump (1994),325
107,2,2571,"Matrix, The (1999)",277
107,3,593,"Silence of the Lambs, The (1991)",276
107,4,260,Star Wars: Episode IV - A New Hope (1977),250
107,5,480,Jurassic Park (1993),236
107,6,589,Terminator 2: Judgment Day (1991),221
107,7,2959,Fight Club (1999),218
107,8,527,Schindler's List (1993),214
107,9,1196,Star Wars: Episode V - The Empire Strikes Back (1980),210
107,10,2858,American Beauty (1999),202
108,1,356,Forrest Gump (1994),325
108,2,318,"Shawshank Redemption, The (1994)",313
108,3,296,Pulp Fiction (1994),304
108,4,593,"Silence of the Lambs, The (1991)",276
108,5,260,Star Wars: Episode IV - A New Hope (1977),250
108,6,110,Braveheart (1995),234
108,7,589,Terminator 2: Judgment Day (1991),221
108,8,2959,Fight Club (1999),218
108,9,1,Toy Story (1995),215
108,10,527,Schindler's List (1993),214
109,1,2571,"Matrix, The (1999)",277
109,2,260,Star Wars: Episode IV - A New Hope (1977),250
109,3,2959,Fight Club (1999),218
109,4,1,Toy Story (1995),215
109,5,1196,Star Wars: Episode V - The Empire Strikes Back (1980),210
109,6,2858,American Beauty (1999),202
109,7,4993,"Lord of the Rings: The Fellowship of the Ring, The (2001)",197
109,8,1210,Star Wars: Episode VI - Return of the Jedi (1983),196
109,9,1198,Raiders of the Lost Ark (Indiana Jones and the Raiders of the Lost Ark) (1981),194
109,10,858,"Godfather, The (1972)",188
110,1,356,Forrest Gump (1994),325
110,2,318,"Shawshank Redemption, The (1994)",313
110,3,593,"Silence of the Lambs, The (1991)",276
110,4,260,Star Wars: Episode IV - A New Hope (1977),250
110,5,480,Jurassic Park (1993),236
110,6,589,Terminator 2: Judgment Day (1991),221
110,7,1,Toy Story (1995),215
110,8,1196,Star Wars: Episode V - The Empire Strikes Back (1980),210
110,9,150,Apollo 13 (1995),200
110,10,50,"Usual Suspects, The (1995)",198
111,1,296,Pulp Fiction (1994),304
111,2,260,Star Wars: Episode IV - A New Hope (1977),250
111,3,110,Braveheart (1995),234
111,4,589,Terminator 2: Judgment Day (1991),221
111,5,1,Toy Story (1995),215
111,6,527,Schindler's List (1993),214
111,7,1196,Star Wars: Episode V - The Empire Strikes Back (1980),210
111,8,150,Apollo 13 (1995),200
111,9,50,"Usual Suspects, The (1995)",198
111,10,47,Seven (a.k.a. Se7en) (1995),197
112,1,318,"Shawshank Redemption, The (1994)",313
112,2,296,Pulp Fiction (1994),304
112,3,589,Terminator 2: Judgment Day (1991),221
112,4,2959,Fight Club (1999),218
112,5,527,Schindler's List (1993),214
112,6,2858,American Beauty (1999),202
112,7,457,"Fugitive, The (1993)",189
112,8,592,Batman (1989),188
112,9,858,"Godfather, The (1972)",188
112,10,588,Aladdin (1992),181
113,1,318,"Shawshank Redemption, The (1994)",313
113,2,296,Pulp Fiction (1994),304
113,3,2571,"Matrix, The (1999)",277
113,4,480,Jurassic Park (1993),236
113,5,110,Braveheart (1995),234
113,6,589,Terminator 2: Judgment Day (1991),221
113,7,2959,Fight Club (1999),218
113,8,1,Toy Story (1995),215
113,9,527,Schindler's List (1993),214
113,10,1196,Star Wars: Episode V - The Empire Strikes Back (1980),210
114,1,356,Forrest Gump (1994),325
114,2,318,"Shawshank Redemption, The (1994)",313
114,3,296,Pulp Fiction (1994),304
114,4,2571,"Matrix, The (1999)",277
114,5,480,Jurassic Park (1993),236
114,6,110,Braveheart (1995),234
114,7,589,Terminator 2: Judgment Day (1991),221
114,8,2959,Fight Club (1999),218
114,9,1,Toy Story (1995),215
114,10,527,Schindler's List (1993),214
115,1,356,Forrest Gump (1994),325
115,2,318,"Shawshank Redemption, The (1994)",313
115,3,2959,Fight Club (1999),218
115,4,1,Toy Story (1995),215
115,5,527,Schindler's List (1993),214
115,6,150,Apollo 13 (1995),200
115,7,50,"Usual Suspects, The (1995)",198
115,8,47,Seven (a.k.a. Se7en) (1995),197
115,9,4993,"Lord of the Rings: The Fellowship of the Ring, The (2001)",197
115,10,1210,Star Wars: Episode VI - Return of the Jedi (1983),196
116,1,318,"Shawshank Redemption, The (1994)",313
116,2,296,Pulp Fiction (1994),304
116,3,2571,"Matrix, The (1999)",277
116,4,260,Star Wars: Episode IV - A New Hope (1977),250
116,5,110,Braveheart (1995),234
116,6,2959,Fight Club (1999),218
116,7,1,Toy Story (1995),215
116,8,1196,Star Wars: Episode V - The Empire Strikes Back (1980),210
116,9,2858,American Beauty (1999),202
116,10,50,"Usual Suspects, The (1995)",198
117,1,2571,"Matrix, The (1999)",277
117,2,260,Star Wars: Episode IV - A New Hope (1977),250
117,3,2959,Fight Club (1999),218
117,4,1,Toy Story (1995),215
117,5,1196,Star Wars: Episode V - The Empire Strikes Back (1980),210
117,6,2858,American Beauty (1999),202
117,7,4993,"Lord of the Rings: The Fellowship of the Ring, The (2001)",197
117,8,1210,Star Wars: Episode VI - Return of the Jedi (1983),196
117,9,1198,Raiders of the Lost Ark (Indiana Jones and the Raiders of the Lost Ark) (1981),194
117,10,858,"Godfather, The (1972)",188
118,1,356,Forrest Gump (1994),325
118,2,318,"Shawshank Redemption, The (1994)",313
118,3,2571,"Matrix, The (1999)",277
118,4,593,"Silence of the Lambs, The (1991)",276
118,5,260,Star Wars: Episode IV - A New Hope (1977),250
118,6,480,Jurassic Park (1993),236
118,7,110,Braveheart (1995),234
118,8,589,Terminator 2: Judgment Day (1991),221
118,9,2959,Fight Club (1999),218
118,10,1,Toy Story (1995),215
119,1,593,"Silence of the Lambs, The (1991)",276
119,2,260,Star Wars: Episode IV - A New Hope (1977),250
119,3,480,Jurassic Park (1993),236
119,4,110,Braveheart (1995),234
119,5,589,Terminator 2: Judgment Day (1991),221
119,6,2959,Fight Club (1999),218
119,7,527,Schindler's List (1993),214
119,8,1196,Star Wars: Episode V - The Empire Strikes Back (1980),210
119,9,2858,American Beauty (1999),202
119,10,150,Apollo 13 (1995),200
120,1,356,Forrest Gump (1994),325
120,2,318,"Shawshank Redemption, The (1994)",313
120,3,296,Pulp Fiction (1994),304
120,4,2571,"Matrix, The (1999)",277
120,5,593,"Silence of the Lambs, The (1991)",276
120,6,480,Jurassic Park (1993),236
120,7,110,Braveheart (1995),234
120,8,589,Terminator 2: Judgment Day (1991),221
120,9,2959,Fight Club (1999),218
120,10,1,Toy Story (1995),215
121,1,2571,"Matrix, The (1999)",277
121,2,593,"Silence of the Lambs, The (1991)",276
121,3,260,Star Wars: Episode IV - A New Hope (1977),250
121,4,480,Jurassic Park (1993),236
121,5,589,Terminator 2: Judgment Day (1991),221
121,6,2959,Fight Club (1999),218
121,7,1196,Star Wars: Episode V - The Empire Strikes Back (1980),210
121,8,2858,American Beauty (1999),202
121,9,50,"Usual Suspects, The (1995)",198
121,10,4993,"Lord of the Rings: The Fellowship of the Ring, The (2001)",197
122,1,110,Braveheart (1995),234
122,2,1,Toy Story (1995),215
122,3,527,Schindler's List (1993),214
122,4,2858,American Beauty (1999),202
122,5,150,Apollo 13 (1995),200
122,6,4993,"Lord of the Rings: The Fellowship of the Ring, The (2001)",197
122,7,1198,Raiders of the Lost Ark (Indiana Jones and the Raiders of the Lost Ark) (1981),194
122,8,457,"Fugitive, The (1993)",189
122,9,5952,"Lord of the Rings: The Two Towers, The (2002)",187
122,10,2028,Saving Private Ryan (1998),186
123,1,356,Forrest Gump (1994),325
123,2,480,Jurassic Park (1993),236
123,3,110,Braveheart (1995),234
123,4,589,Terminator 2: Judgment Day (1991),221
123,5,1,Toy Story (1995),215
123,6,527,Schindler's List (1993),214
123,7,150,Apollo 13 (1995),200
123,8,50,"Usual Suspects, The (1995)",198
123,9,780,Independence Day (a.k.a. ID4) (1996),196
123,10,1210,Star Wars: Episode VI - Return of the Jedi (1983),196
124,1,2571,"Matrix, The (1999)",277
124,2,589,Terminator 2: Judgment Day (1991),221
124,3,2959,Fight Club (1999),218
124,4,527,Schindler's List (1993),214
124,5,150,Apollo 13 (1995),200
124,6,47,Seven (a.k.a. Se7en) (1995),197
124,7,4993,"Lord of the Rings: The Fellowship of the Ring, The (2001)",197
124,8,780,Independence Day (a.k.a. ID4) (1996),196
124,9,1198,Raiders of the Lost Ark (Indiana Jones and the Raiders of the Lost Ark) (1981),194
124,10,457,"Fugitive, The (1993)",189
125,1,260,Star Wars: Episode IV - A New Hope (1977),250
125,2,480,Jurassic Park (1993),236
125,3,1,Toy Story (1995),215
125,4,527,Schindler's List (1993),214
125,5,1196,Star Wars: Episode V - The Empire Strikes Back (1980),210
125,6,150,Apollo 13 (1995),200
125,7,50,"Usual Suspects, The (1995)",198
125,8,47,Seven (a.k.a. Se7en) (1995),197
125,9,4993,"Lord of the Rings: The Fellowship of the Ring, The (2001)",197
125,10,780,Independence Day (a.k.a. ID4) (1996),196
126,1,2571,"Matrix, The (1999)",277
126,2,260,Star Wars: Episode IV - A New Hope (1977),250
126,3,2959,Fight Club (1999),218
126,4,1,Toy Story (1995),215
126,5,527,Schindler's List (1993),214
126,6,1196,Star Wars: Episode V - The Empire Strikes Back (1980),210
126,7,2858,American Beauty (1999),202
126,8,50,"Usual Suspects, The (1995)",198
126,9,4993,"Lord of the Rings: The Fellowship of the Ring, The (2001)",197
126,10,780,Independence Day (a.k.a. ID4) (1996),196
127,1,356,Forrest Gump (1994),325
127,2,318,"Shawshank Redemption, The (1994)",313
127,3,296,Pulp Fiction (1994),304
127,4,2571,"Matrix, The (1999)",277
127,5,593,"Silence of the Lambs, The (1991)",276
127,6,260,Star Wars: Episode IV - A New Hope (1977),250
127,7,480,Jurassic Park (1993),236
127,8,110,Braveheart (1995),234
127,9,589,Terminator 2: Judgment Day (1991),221
127,10,2959,Fight Club (1999),218
128,1,356,Forrest Gump (1994),325
128,2,318,"Shawshank Redemption, The (1994)",313
128,3,296,Pulp Fiction (1994),304
128,4,2571,"Matrix, The (1999)",277
128,5,480,Jurassic Park (1993),236
128,6,589,Terminator 2: Judgment Day (1991),221
128,7,2959,Fight Club (1999),218
128,8,1,Toy Story (1995),215
128,9,527,Schindler's List (1993),214
128,10,2858,American Beauty (1999),202
129,1,356,Forrest Gump (1994),325
129,2,318,"Shawshank Redemption, The (1994)",313
129,3,296,Pulp Fiction (1994),304
129,4,593,"Silence of the Lambs, The (1991)",276
129,5,589,Terminator 2: Judgment Day (1991),221
129,6,1,Toy Story (1995),215
129,7,527,Schindler's List (1993),214
129,8,150,Apollo 13 (1995),200
129,9,50,"Usual Suspects, The (1995)",198
129,10,1198,Raiders of the Lost Ark (Indiana Jones and the Raiders of the Lost Ark) (1981),194
130,1,356,Forrest Gump (1994),325
130,2,2571,"Matrix, The (1999)",277
130,3,593,"Silence of the Lambs, The (1991)",276
130,4,260,Star Wars: Episode IV - A New Hope (1977),250
130,5,480,Jurassic Park (1993),236
130,6,589,Terminator 2: Judgment Day (1991),221
130,7,2959,Fight Club (1999),218
130,8,527,Schindler's List (1993),214
130,9,1196,Star Wars: Episode V - The Empire Strikes Back (1980),210
130,10,2858,American Beauty (1999),202
131,1,480,Jurassic Park (1993),236
131,2,589,Terminator 2: Judgment Day (1991),221
131,3,2959,Fight Club (1999),218
131,4,1,Toy Story (1995),215
131,5,527,Schindler's List (1993),214
131,6,150,Apollo 13 (1995),200
131,7,780,Independence Day (a.k.a. ID4) (1996),196
131,8,1210,Star Wars: Episode VI - Return of the Jedi (1983),196
131,9,1198,Raiders of the Lost Ark (Indiana Jones and the Raiders of the Lost Ark) (1981),194
131,10,457,"Fugitive, The (1993)",189
132,1,480,Jurassic Park (1993),236
132,2,110,Braveheart (1995),234
132,3,589,Terminator 2: Judgment Day (1991),221
132,4,527,Schindler's List (1993),214
132,5,150,Apollo 13 (1995),200
132,6,780,Independence Day (a.k.a. ID4) (1996),196
132,7,1198,Raiders of the Lost Ark (Indiana Jones and the Raiders of the Lost Ark) (1981),194
132,8,457,"Fugitive, The (1993)",189
132,9,2028,Saving Private Ryan (1998),186
132,10,608,Fargo (1996),180
133,1,2571,"Matrix, The (1999)",277
133,2,260,Star Wars: Episode IV - A New Hope (1977),250
133,3,2959,Fight Club (1999),218
133,4,1,Toy Story (1995),215
133,5,1196,Star Wars: Episode V - The Empire Strikes Back (1980),210
133,6,2858,American Beauty (1999),202
133,7,4993,"Lord of the Rings: The Fellowship of the Ring, The (2001)",197
133,8,780,Independence Day (a.k.a. ID4) (1996),196
133,9,1210,Star Wars: Episode VI - Return of the Jedi (1983),196
133,10,1198,Raiders of the Lost Ark (Indiana Jones and the Raiders of the Lost Ark) (1981),194
134,1,356,Forrest Gump (1994),325
134,2,318,"Shawshank Redemption, The (1994)",313
134,3,2571,"Matrix, The (1999)",277
134,4,260,Star Wars: Episode IV - A New Hope (1977),250
134,5,480,Jurassic Park (1993),236
134,6,589,Terminator 2: Judgment Day (1991),221
134,7,2959,Fight Club (1999),218
134,8,527,Schindler's List (1993),214
134,9,1196,Star Wars: Episode V - The Empire Strikes Back (1980),210
134,10,2858,American Beauty (1999),202
135,1,356,Forrest Gump (1994),325
135,2,150,Apollo 13 (1995),200
135,3,50,"Usual Suspects, The (1995)",198
135,4,5952,"Lord of the Rings: The Two Towers, The (2002)",187
135,5,7153,"Lord of the Rings: The Return of the King, The (2003)",185
135,6,588,Aladdin (1992),181
135,7,364,"Lion King, The (1994)",172
135,8,1270,Back to the Future (1985),169
135,9,590,Dances with Wolves (1990),162
135,10,344,Ace Ventura: Pet Detective (1994),161
136,1,356,Forrest Gump (1994),325
136,2,318,"Shawshank Redemption, The (1994)",313
136,3,2571,"Matrix, The (1999)",277
136,4,260,Star Wars: Episode IV - A New Hope (1977),250
136,5,480,Jurassic Park (1993),236
136,6,589,Terminator 2: Judgment Day (1991),221
136,7,2959,Fight Club (1999),218
136,8,1,Toy Story (1995),215
136,9,527,Schindler's List (1993),214
136,10,1196,Star Wars: Episode V - The Empire Strikes Back (1980),210
137,1,2858,American Beauty (1999),202
137,2,50,"Usual Suspects, The (1995)",198
137,3,47,Seven (a.k.a. Se7en) (1995),197
137,4,457,"Fugitive, The (1993)",189
137,5,592,Batman (1989),188
137,6,380,True Lies (1994),176
137,7,32,Twelve Monkeys (a.k.a. 12 Monkeys) (1995),173
137,8,364,"Lion King, The (1994)",172
137,9,377,Speed (1994),168
137,10,344,Ace Ventura: Pet Detective (1994),161
138,1,356,Forrest Gump (1994),325
138,2,318,"Shawshank Redemption, The (1994)",313
138,3,296,Pulp Fiction (1994),304
138,4,2571,"Matrix, The (1999)",277
138,5,593,"Silence of the Lambs, The (1991)",276
138,6,260,Star Wars: Episode IV - A New Hope (1977),250
138,7,480,Jurassic Park (1993),236
138,8,110,Braveheart (1995),234
138,9,589,Terminator 2: Judgment Day (1991),221
138,10,2959,Fight Club (1999),218
139,1,356,Forrest Gump (1994),325
139,2,318,"Shawshank Redemption, The (1994)",313
139,3,296,Pulp Fiction (1994),304
139,4,2571,"Matrix, The (1999)",277
139,5,593,"Silence of the Lambs, The (1991)",276
139,6,480,Jurassic Park (1993),236
139,7,110,Braveheart (1995),234
139,8,589,Terminator 2: Judgment Day (1991),221
139,9,2959,Fight Club (1999),218
139,10,1,Toy Story (1995),215
140,1,589,Terminator 2: Judgment Day (1991),221
140,2,2959,Fight Club (1999),218
140,3,592,Batman (1989),188
140,4,2762,"Sixth Sense, The (1999)",178
140,5,32,Twelve Monkeys (a.k.a. 12 Monkeys) (1995),173
140,6,344,Ace Ventura: Pet Detective (1994),161
140,7,367,"Mask, The (1994)",155
140,8,58559,"Dark Knight, The (2008)",146
140,9,1197,"Princess Bride, The (1987)",141
140,10,316,Stargate (1994),140
141,1,593,"Silence of the Lambs, The (1991)",276
141,2,589,Terminator 2: Judgment Day (1991),221
141,3,527,Schindler's List (1993),214
141,4,2858,American Beauty (1999),202
141,5,50,"Usual Suspects, The (1995)",198
141,6,457,"Fugitive, The (1993)",189
141,7,592,Batman (1989),188
141,8,608,Fargo (1996),180
141,9,2762,"Sixth Sense, The (1999)",178
141,10,380,True Lies (1994),176
142,1,318,"Shawshank Redemption, The (1994)",313
142,2,2571,"Matrix, The (1999)",277
142,3,260,Star Wars: Episode IV - A New Hope (1977),250
142,4,110,Braveheart (1995),234
142,5,2959,Fight Club (1999),218
142,6,1,Toy Story (1995),215
142,7,1196,Star Wars: Episode V - The Empire Strikes Back (1980),210
142,8,2858,American Beauty (1999),202
142,9,4993,"Lord of the Rings: The Fellowship of the Ring, The (2001)",197
142,10,780,Independence Day (a.k.a. ID4) (1996),196
143,1,318,"Shawshank Redemption, The (1994)",313
143,2,296,Pulp Fiction (1994),304
143,3,2571,"Matrix, The (1999)",277
143,4,593,"Silence of the Lambs, The (1991)",276
143,5,260,Star Wars: Episode IV - A New Hope (1977),250
143,6,480,Jurassic Park (1993),236
143,7,110,Braveheart (1995),234
143,8,589,Terminator 2: Judgment Day (1991),221
143,9,2959,Fight Club (1999),218
143,10,1,Toy Story (1995),215
144,1,318,"Shawshank Redemption, The (1994)",313
144,2,260,Star Wars: Episode IV - A New Hope (1977),250
144,3,1196,Star Wars: Episode V - The Empire Strikes Back (1980),210
144,4,50,"Usual Suspects, The (1995)",198
144,5,1210,Star Wars: Episode VI - Return of the Jedi (1983),196
144,6,1198,Raiders of the Lost Ark (Indiana Jones and the Raiders of the Lost Ark) (1981),194
144,7,457,"Fugitive, The (1993)",189
144,8,858,"Godfather, The (1972)",188
144,9,608,Fargo (1996),180
144,10,1270,Back to the Future (1985),169
145,1,356,Forrest Gump (1994),325
145,2,2571,"Matrix, The (1999)",277
145,3,593,"Silence of the Lambs, The (1991)",276
145,4,260,Star Wars: Episode IV - A New Hope (1977),250
145,5,480,Jurassic Park (1993),236
145,6,110,Braveheart (1995),234
145,7,589,Terminator 2: Judgment Day (1991),221
145,8,2959,Fight Club (1999),218
145,9,527,Schindler's List (1993),214
145,10,1196,Star Wars: Episode V - The Empire Strikes Back (1980),210
146,1,356,Forrest Gump (1994),325
146,2,318,"Shawshank Redemption, The (1994)",313
146,3,296,Pulp Fiction (1994),304
146,4,2571,"Matrix, The (1999)",277
146,5,593,"Silence of the Lambs, The (1991)",276
146,6,260,Star Wars: Episode IV - A New Hope (1977),250
146,7,480,Jurassic Park (1993),236
146,8,110,Braveheart (1995),234
146,9,589,Terminator 2: Judgment Day (1991),221
146,10,2959,Fight Club (1999),218
147,1,356,Forrest Gump (1994),325
147,2,318,"Shawshank Redemption, The (1994)",313
147,3,296,Pulp Fiction (1994),304
147,4,2571,"Matrix, The (1999)",277
147,5,593,"Silence of the Lambs, The (1991)",276
147,6,260,Star Wars: Episode IV - A New Hope (1977),250
147,7,480,Jurassic Park (1993),236
147,8,110,Braveheart (1995),234
147,9,589,Terminator 2: Judgment Day (1991),221
147,10,2959,Fight Club (1999),218
148,1,318,"Shawshank Redemption, The (1994)",313
148,2,296,Pulp Fiction (1994),304
148,3,2571,"Matrix, The (1999)",277
148,4,593,"Silence of the Lambs, The (1991)",276
148,5,260,Star Wars: Episode IV - A New Hope (1977),250
148,6,480,Jurassic Park (1993),236
148,7,110,Braveheart (1995),234
148,8,589,Terminator 2: Judgment Day (1991),221
148,9,2959,Fight Club (1999),218
148,10,1,Toy Story (1995),215
149,1,356,Forrest Gump (1994),325
149,2,318,"Shawshank Redemption, The (1994)",313
149,3,296,Pulp Fiction (1994),304
149,4,2571,"Matrix, The (1999)",277
149,5,593,"Silence of the Lambs, The (1991)",276
149,6,110,Braveheart (1995),234
149,7,2959,Fight Club (1999),218
149,8,1,Toy Story (1995),215
149,9,527,Schindler's List (1993),214
149,10,2858,American Beauty (1999),202
150,1,356,Forrest Gump (1994),325
150,2,318,"Shawshank Redemption, The (1994)",313
150,3,296,Pulp Fiction (1994),304
150,4,2571,"Matrix, The (1999)",277
150,5,593,"Silence of the Lambs, The (1991)",276
150,6,260,Star Wars: Episode IV - A New Hope (1977),250
150,7,480,Jurassic Park (1993),236
150,8,110,Braveheart (1995),234
150,9,589,Terminator 2: Judgment Day (1991),221
150,10,2959,Fight Club (1999),218
151,1,356,Forrest Gump (1994),325
151,2,318,"Shawshank Redemption, The (1994)",313
151,3,296,Pulp Fiction (1994),304
151,4,2571,"Matrix, The (1999)",277
151,5,593,"Silence of the Lambs, The (1991)",276
151,6,260,Star Wars: Episode IV - A New Hope (1977),250
151,7,480,Jurassic Park (1993),236
151,8,110,Braveheart (1995),234
151,9,589,Terminator 2: Judgment Day (1991),221
151,10,2959,Fight Club (1999),218
152,1,356,Forrest Gump (1994),325
152,2,480,Jurassic Park (1993),236
152,3,110,Braveheart (1995),234
152,4,589,Terminator 2: Judgment Day (1991),221
152,5,1,Toy Story (1995),215
152,6,1196,Star Wars: Episode V - The Empire Strikes Back (1980),210
152,7,150,Apollo 13 (1995),200
152,8,4993,"Lord of the Rings: The Fellowship of the Ring, The (2001)",197
152,9,780,Independence Day (a.k.a. ID4) (1996),196
152,10,1210,Star Wars: Episode VI - Return of the Jedi (1983),196
153,1,318,"Shawshank Redemption, The (1994)",313
153,2,593,"Silence of the Lambs, The (1991)",276
153,3,260,Star Wars: Episode IV - A New Hope (1977),250
153,4,480,Jurassic Park (1993),236
153,5,110,Braveheart (1995),234
153,6,589,Terminator 2: Judgment Day (1991),221
153,7,150,Apollo 13 (1995),200
153,8,50,"Usual Suspects, The (1995)",198
153,9,47,Seven (a.k.a. Se7en) (1995),197
153,10,4993,"Lord of the Rings: The Fellowship of the Ring, The (2001)",197
154,1,318,"Shawshank Redemption, The (1994)",313
154,2,296,Pulp Fiction (1994),304
154,3,2571,"Matrix, The (1999)",277
154,4,593,"Silence of the Lambs, The (1991)",276
154,5,260,Star Wars: Episode IV - A New Hope (1977),250
154,6,480,Jurassic Park (1993),236
154,7,110,Braveheart (1995),234
154,8,589,Terminator 2: Judgment Day (1991),221
154,9,2959,Fight Club (1999),218
154,10,1,Toy Story (1995),215
155,1,356,Forrest Gump (1994),325
155,2,318,"Shawshank Redemption, The (1994)",313
155,3,296,Pulp Fiction (1994),304
155,4,2571,"Matrix, The (1999)",277
155,5,593,"Silence of the Lambs, The (1991)",276
155,6,480,Jurassic Park (1993),236
155,7,110,Braveheart (1995),234
155,8,589,Terminator 2: Judgment Day (1991),221
155,9,527,Schindler's List (1993),214
155,10,1196,Star Wars: Episode V - The Empire Strikes Back (1980),210
156,1,110,Braveheart (1995),234
156,2,589,Terminator 2: Judgment Day (1991),221
156,3,2959,Fight Club (1999),218
156,4,527,Schindler's List (1993),214
156,5,1196,Star Wars: Episode V - The Empire Strikes Back (1980),210
156,6,4993,"Lord of the Rings: The Fellowship of the Ring, The (2001)",197
156,7,780,Independence Day (a.k.a. ID4) (1996),196
156,8,1210,Star Wars: Episode VI - Return of the Jedi (1983),196
156,9,592,Batman (1989),188
156,10,5952,"Lord of the Rings: The Two Towers, The (2002)",187
157,1,356,Forrest Gump (1994),325
157,2,318,"Shawshank Redemption, The (1994)",313
157,3,296,Pulp Fiction (1994),304
157,4,2571,"Matrix, The (1999)",277
157,5,593,"Silence of the Lambs, The (1991)",276
157,6,260,Star Wars: Episode IV - A New Hope (1977),250
157,7,480,Jurassic Park (1993),236
157,8,110,Braveheart (1995),234
157,9,589,Terminator 2: Judgment Day (1991),221
157,10,1,Toy Story (1995),215
158,1,356,Forrest Gump (1994),325
158,2,318,"Shawshank Redemption, The (1994)",313
158,3,296,Pulp Fiction (1994),304
158,4,2571,"Matrix, The (1999)",277
158,5,593,"Silence of the Lambs, The (1991)",276
158,6,260,Star Wars: Episode IV - A New Hope (1977),250
158,7,480,Jurassic Park (1993),236
158,8,110,Braveheart (1995),234
158,9,589,Terminator 2: Judgment Day (1991),221
158,10,2959,Fight Club (1999),218
159,1,2571,"Matrix, The (1999)",277
159,2,593,"Silence of the Lambs, The (1991)",276
159,3,260,Star Wars: Episode IV - A New Hope (1977),250
159,4,589,Terminator 2: Judgment Day (1991),221
159,5,527,Schindler's List (1993),214
159,6,1196,Star Wars: Episode V - The Empire Strikes Back (1980),210
159,7,50,"Usual Suspects, The (1995)",198
159,8,47,Seven (a.k.a. Se7en) (1995),197
159,9,4993,"Lord of the Rings: The Fellowship of the Ring, The (2001)",197
159,10,780,Independence Day (a.k.a. ID4) (1996),196
160,1,318,"Shawshank Redemption, The (1994)",313
160,2,588,Aladdin (1992),181
160,3,380,True Lies (1994),176
160,4,590,Dances with Wolves (1990),162
160,5,344,Ace Ventura: Pet Detective (1994),161
160,6,4226,Memento (2000),157
160,7,6539,Pirates of the Caribbean: The Curse of the Black Pearl (2003),149
160,8,58559,"Dark Knight, The (2008)",146
160,9,500,Mrs. Doubtfire (1993),143
160,10,1197,"Princess Bride, The (1987)",141
161,1,356,Forrest Gump (1994),325
161,2,296,Pulp Fiction (1994),304
161,3,2571,"Matrix, The (1999)",277
161,4,593,"Silence of the Lambs, The (1991)",276
161,5,260,Star Wars: Episode IV - A New Hope (1977),250
161,6,480,Jurassic Park (1993),236
161,7,110,Braveheart (1995),234
161,8,589,Terminator 2: Judgment Day (1991),221
161,9,2959,Fight Club (1999),218
161,10,527,Schindler's List (1993),214
162,1,2571,"Matrix, The (1999)",277
162,2,593,"Silence of the Lambs, The (1991)",276
162,3,260,Star Wars: Episode IV - A New Hope (1977),250
162,4,480,Jurassic Park (1993),236
162,5,110,Braveheart (1995),234
162,6,589,Terminator 2: Judgment Day (1991),221
162,7,2959,Fight Club (1999),218
162,8,1,Toy Story (1995),215
162,9,1196,Star Wars: Episode V - The Empire Strikes Back (1980),210
162,10,2858,American Beauty (1999),202
163,1,356,Forrest Gump (1994),325
163,2,318,"Shawshank Redemption, The (1994)",313
163,3,296,Pulp Fiction (1994),304
163,4,2571,"Matrix, The (1999)",277
163,5,593,"Silence of the Lambs, The (1991)",276
163,6,260,Star Wars: Episode IV - A New Hope (1977),250
163,7,480,Jurassic Park (1993),236
163,8,110,Braveheart (1995),234
163,9,589,Terminator 2: Judgment Day (1991),221
163,10,2959,Fight Club (1999),218
164,1,356,Forrest Gump (1994),325
164,2,318,"Shawshank Redemption, The (1994)",313
164,3,296,Pulp Fiction (1994),304
164,4,2571,"Matrix, The (1999)",277
164,5,593,"Silence of the Lambs, The (1991)",276
164,6,260,Star Wars: Episode IV - A New Hope (1977),250
164,7,2959,Fight Club (1999),218
164,8,1,Toy Story (1995),215
164,9,527,Schindler's List (1993),214
164,10,2858,American Beauty (1999),202
165,1,356,Forrest Gump (1994),325
165,2,318,"Shawshank Redemption, The (1994)",313
165,3,296,Pulp Fiction (1994),304
165,4,593,"Silence of the Lambs, The (1991)",276
165,5,260,Star Wars: Episode IV - A New Hope (1977),250
165,6,589,Terminator 2: Judgment Day (1991),221
165,7,2959,Fight Club (1999),218
165,8,1,Toy Story (1995),215
165,9,527,Schindler's List (1993),214
165,10,2858,American Beauty (1999),202
166,1,480,Jurassic Park (1993),236
166,2,110,Braveheart (1995),234
166,3,589,Terminator 2: Judgment Day (1991),221
166,4,150,Apollo 13 (1995),200
166,5,780,Independence Day (a.k.a. ID4) (1996),196
166,6,380,True Lies (1994),176
166,7,364,"Lion King, The (1994)",172
166,8,1270,Back to the Future (1985),169
166,9,590,Dances with Wolves (1990),162
166,10,344,Ace Ventura: Pet Detective (1994),161
167,1,2571,"Matrix, The (1999)",277
167,2,589,Terminator 2: Judgment Day (1991),221
167,3,2959,Fight Club (1999),218
167,4,527,Schindler's List (1993),214
167,5,50,"Usual Suspects, The (1995)",198
167,6,47,Seven (a.k.a. Se7en) (1995),197
167,7,780,Independence Day (a.k.a. ID4) (1996),196
167,8,1198,Raiders of the Lost Ark (Indiana Jones and the Raiders of the Lost Ark) (1981),194
167,9,457,"Fugitive, The (1993)",189
167,10,858,"Godfather, The (1972)",188
168,1,318,"Shawshank Redemption, The (1994)",313
168,2,2571,"Matrix, The (1999)",277
168,3,593,"Silence of the Lambs, The (1991)",276
168,4,260,Star Wars: Episode IV - A New Hope (1977),250
168,5,480,Jurassic Park (1993),236
168,6,110,Braveheart (1995),234
168,7,589,Terminator 2: Judgment Day (1991),221
168,8,2959,Fight Club (1999),218
168,9,1,Toy Story (1995),215
168,10,527,Schindler's List (1993),214
169,1,296,Pulp Fiction (1994),304
169,2,593,"Silence of the Lambs, The (1991)",276
169,3,260,Star Wars: Episode IV - A New Hope (1977),250
169,4,110,Braveheart (1995),234
169,5,589,Terminator 2: Judgment Day (1991),221
169,6,2959,Fight Club (1999),218
169,7,1196,Star Wars: Episode V - The Empire Strikes Back (1980),210
169,8,2858,American Beauty (1999),202
169,9,50,"Usual Suspects, The (1995)",198
169,10,47,Seven (a.k.a. Se7en) (1995),197
170,1,2571,"Matrix, The (1999)",277
170,2,260,Star Wars: Episode IV - A New Hope (1977),250
170,3,589,Terminator 2: Judgment Day (1991),221
170,4,2959,Fight Club (1999),218
170,5,1,Toy Story (1995),215
170,6,527,Schindler's List (1993),214
170,7,1196,Star Wars: Episode V - The Empire Strikes Back (1980),210
170,8,2858,American Beauty (1999),202
170,9,50,"Usual Suspects, The (1995)",198
170,10,47,Seven (a.k.a. Se7en) (1995),197
171,1,356,Forrest Gump (1994),325
171,2,2571,"Matrix, The (1999)",277
171,3,480,Jurassic Park (1993),236
171,4,110,Braveheart (1995),234
171,5,589,Terminator 2: Judgment Day (1991),221
171,6,2959,Fight Club (1999),218
171,7,527,Schindler's List (1993),214
171,8,2858,American Beauty (1999),202
171,9,150,Apollo 13 (1995),200
171,10,50,"Usual Suspects, The (1995)",198
172,1,356,Forrest Gump (1994),325
172,2,318,"Shawshank Redemption, The (1994)",313
172,3,296,Pulp Fiction (1994),304
172,4,2571,"Matrix, The (1999)",277
172,5,260,Star Wars: Episode IV - A New Hope (1977),250
172,6,480,Jurassic Park (1993),236
172,7,110,Braveheart (1995),234
172,8,589,Terminator 2: Judgment Day (1991),221
172,9,2959,Fight Club (1999),218
172,10,1,Toy Story (1995),215
173,1,318,"Shawshank Redemption, The (1994)",313
173,2,2571,"Matrix, The (1999)",277
173,3,593,"Silence of the Lambs, The (1991)",276
173,4,260,Star Wars: Episode IV - A New Hope (1977),250
173,5,2959,Fight Club (1999),218
173,6,1,Toy Story (1995),215
173,7,1196,Star Wars: Episode V - The Empire Strikes Back (1980),210
173,8,2858,American Beauty (1999),202
173,9,50,"Usual Suspects, The (1995)",198
173,10,47,Seven (a.k.a. Se7en) (1995),197
174,1,318,"Shawshank Redemption, The (1994)",313
174,2,2571,"Matrix, The (1999)",277
174,3,593,"Silence of the Lambs, The (1991)",276
174,4,260,Star Wars: Episode IV - A New Hope (1977),250
174,5,110,Braveheart (1995),234
174,6,2959,Fight Club (1999),218
174,7,1,Toy Story (1995),215
174,8,1196,Star Wars: Episode V - The Empire Strikes Back (1980),210
174,9,2858,American Beauty (1999),202
174,10,47,Seven (a.k.a. Se7en) (1995),197
175,1,356,Forrest Gump (1994),325
175,2,318,"Shawshank Redemption, The (1994)",313
175,3,296,Pulp Fiction (1994),304
175,4,2571,"Matrix, The (1999)",277
175,5,593,"Silence of the Lambs, The (1991)",276
175,6,260,Star Wars: Episode IV - A New Hope (1977),250
175,7,480,Jurassic Park (1993),236
175,8,110,Braveheart (1995),234
175,9,589,Terminator 2: Judgment Day (1991),221
175,10,2959,Fight Club (1999),218
176,1,356,Forrest Gump (1994),325
176,2,2571,"Matrix, The (1999)",277
176,3,260,Star Wars: Episode IV - A New Hope (1977),250
176,4,480,Jurassic Park (1993),236
176,5,2959,Fight Club (1999),218
176,6,1,Toy Story (1995),215
176,7,527,Schindler's List (1993),214
176,8,1196,Star Wars: Episode V - The Empire Strikes Back (1980),210
176,9,2858,American Beauty (1999),202
176,10,50,"Usual Suspects, The (1995)",198
177,1,110,Braveheart (1995),234
177,2,589,Terminator 2: Judgment Day (1991),221
177,3,457,"Fugitive, The (1993)",189
177,4,2028,Saving Private Ryan (1998),186
177,5,2762,"Sixth Sense, The (1999)",178
177,6,32,Twelve Monkeys (a.k.a. 12 Monkeys) (1995),173
177,7,3578,Gladiator (2000),166
177,8,590,Dances with Wolves (1990),162
177,9,4226,Memento (2000),157
177,10,165,Die Hard: With a Vengeance (1995),144
178,1,260,Star Wars: Episode IV - A New Hope (1977),250
178,2,1196,Star Wars: Episode V - The Empire Strikes Back (1980),210
178,3,150,Apollo 13 (1995),200
178,4,1210,Star Wars: Episode VI - Return of the Jedi (1983),196
178,5,592,Batman (1989),188
178,6,858,"Godfather, The (1972)",188
178,7,588,Aladdin (1992),181
178,8,2762,"Sixth Sense, The (1999)",178
178,9,32,Twelve Monkeys (a.k.a. 12 Monkeys) (1995),173
178,10,364,"Lion King, The (1994)",172
179,1,2571,"Matrix, The (1999)",277
179,2,260,Star Wars: Episode IV - A New Hope (1977),250
179,3,2959,Fight Club (1999),218
179,4,527,Schindler's List (1993),214
179,5,1196,Star Wars: Episode V - The Empire Strikes Back (1980),210
179,6,2858,American Beauty (1999),202
179,7,50,"Usual Suspects, The (1995)",198
179,8,4993,"Lord of the Rings: The Fellowship of the Ring, The (2001)",197
179,9,1210,Star Wars: Episode VI - Return of the Jedi (1983),196
179,10,1198,Raiders of the Lost Ark (Indiana Jones and the Raiders of the Lost Ark) (1981),194
180,1,356,Forrest Gump (1994),325
180,2,318,"Shawshank Redemption, The (1994)",313
180,3,296,Pulp Fiction (1994),304
180,4,593,"Silence of the Lambs, The (1991)",276
180,5,480,Jurassic Park (1993),236
180,6,110,Braveheart (1995),234
180,7,589,Terminator 2: Judgment Day (1991),221
180,8,1,Toy Story (1995),215
180,9,527,Schindler's List (1993),214
180,10,2858,American Beauty (1999),202
181,1,318,"Shawshank Redemption, The (1994)",313
181,2,2571,"Matrix, The (1999)",277
181,3,260,Star Wars: Episode IV - A New Hope (1977),250
181,4,589,Terminator 2: Judgment Day (1991),221
181,5,2959,Fight Club (1999),218
181,6,1,Toy Story (1995),215
181,7,527,Schindler's List (1993),214
181,8,1196,Star Wars: Episode V - The Empire Strikes Back (1980),210
181,9,2858,American Beauty (1999),202
181,10,150,Apollo 13 (1995),200
182,1,588,Aladdin (1992),181
182,2,364,"Lion King, The (1994)",172
182,3,344,Ace Ventura: Pet Detective (1994),161
182,4,367,"Mask, The (1994)",155
182,5,58559,"Dark Knight, The (2008)",146
182,6,595,Beauty and the Beast (1991),145
182,7,500,Mrs. Doubtfire (1993),143
182,8,79132,Inception (2010),140
182,9,1721,Titanic (1997),138
182,10,6377,Finding Nemo (2003),138
183,1,356,Forrest Gump (1994),325
183,2,318,"Shawshank Redemption, The (1994)",313
183,3,296,Pulp Fiction (1994),304
183,4,2571,"Matrix, The (1999)",277
183,5,593,"Silence of the Lambs, The (1991)",276
183,6,260,Star Wars: Episode IV - A New Hope (1977),250
183,7,2959,Fight Club (1999),218
183,8,1,Toy Story (1995),215
183,9,527,Schindler's List (1993),214
183,10,2858,American Beauty (1999),202
184,1,356,Forrest Gump (1994),325
184,2,318,"Shawshank Redemption, The (1994)",313
184,3,296,Pulp Fiction (1994),304
184,4,2571,"Matrix, The (1999)",277
184,5,593,"Silence of the Lambs, The (1991)",276
184,6,260,Star Wars: Episode IV - A New Hope (1977),250
184,7,480,Jurassic Park (1993),236
184,8,110,Braveheart (1995),234
184,9,589,Terminator 2: Judgment Day (1991),221
184,10,2959,Fight Club (1999),218
185,1,356,Forrest Gump (1994),325
185,2,318,"Shawshank Redemption, The (1994)",313
185,3,296,Pulp Fiction (1994),304
185,4,2571,"Matrix, The (1999)",277
185,5,593,"Silence of the Lambs, The (1991)",276
185,6,260,Star Wars: Episode IV - A New Hope (1977),250
185,7,480,Jurassic Park (1993),236
185,8,110,Braveheart (1995),234
185,9,589,Terminator 2: Judgment Day (1991),221
185,10,2959,Fight Club (1999),218
186,1,356,Forrest Gump (1994),325
186,2,318,"Shawshank Redemption, The (1994)",313
186,3,296,Pulp Fiction (1994),304
186,4,110,Braveheart (1995),234
186,5,2959,Fight Club (1999),218
186,6,527,Schindler's List (1993),214
186,7,2858,American Beauty (1999),202
186,8,150,Apollo 13 (1995),200
186,9,50,"Usual Suspects, The (1995)",198
186,10,47,Seven (a.k.a. Se7en) (1995),197
187,1,480,Jurassic Park (1993),236
187,2,589,Terminator 2: Judgment Day (1991),221
187,3,1,Toy Story (1995),215
187,4,150,Apollo 13 (1995),200
187,5,457,"Fugitive, The (1993)",189
187,6,592,Batman (1989),188
187,7,858,"Godfather, The (1972)",188
187,8,2028,Saving Private Ryan (1998),186
187,9,588,Aladdin (1992),181
187,10,2762,"Sixth Sense, The (1999)",178
188,1,318,"Shawshank Redemption, The (1994)",313
188,2,296,Pulp Fiction (1994),304
188,3,2571,"Matrix, The (1999)",277
188,4,593,"Silence of the Lambs, The (1991)",276
188,5,260,Star Wars: Episode IV - A New Hope (1977),250
188,6,480,Jurassic Park (1993),236
188,7,110,Braveheart (1995),234
188,8,589,Terminator 2: Judgment Day (1991),221
188,9,2959,Fight Club (1999),218
188,10,1,Toy Story (1995),215
189,1,296,Pulp Fiction (1994),304
189,2,260,Star Wars: Episode IV - A New Hope (1977),250
189,3,480,Jurassic Park (1993),236
189,4,110,Braveheart (1995),234
189,5,589,Terminator 2: Judgment Day (1991),221
189,6,1,Toy Story (1995),215
189,7,1196,Star Wars: Episode V - The Empire Strikes Back (1980),210
189,8,2858,American Beauty (1999),202
189,9,150,Apollo 13 (1995),200
189,10,50,"Usual Suspects, The (1995)",198
190,1,356,Forrest Gump (1994),325
190,2,296,Pulp Fiction (1994),304
190,3,593,"Silence of the Lambs, The (1991)",276
190,4,260,Star Wars: Episode IV - A New Hope (1977),250
190,5,480,Jurassic Park (1993),236
190,6,110,Braveheart (1995),234
190,7,589,Terminator 2: Judgment Day (1991),221
190,8,1,Toy Story (1995),215
190,9,1196,Star Wars: Episode V - The Empire Strikes Back (1980),210
190,10,2858,American Beauty (1999),202
191,1,356,Forrest Gump (1994),325
191,2,2571,"Matrix, The (1999)",277
191,3,593,"Silence of the Lambs, The (1991)",276
191,4,260,Star Wars: Episode IV - A New Hope (1977),250
191,5,480,Jurassic Park (1993),236
191,6,589,Terminator 2: Judgment Day (1991),221
191,7,2959,Fight Club (1999),218
191,8,527,Schindler's List (1993),214
191,9,1196,Star Wars: Episode V - The Empire Strikes Back (1980),210
191,10,2858,American Beauty (1999),202
192,1,356,Forrest Gump (1994),325
192,2,318,"Shawshank Redemption, The (1994)",313
192,3,2571,"Matrix, The (1999)",277
192,4,260,Star Wars: Episode IV - A New Hope (1977),250
192,5,480,Jurassic Park (1993),236
192,6,589,Terminator 2: Judgment Day (1991),221
192,7,2959,Fight Club (1999),218
192,8,1,Toy Story (1995),215
192,9,527,Schindler's List (1993),214
192,10,1196,Star Wars: Episode V - The Empire Strikes Back (1980),210
193,1,2571,"Matrix, The (1999)",277
193,2,110,Braveheart (1995),234
193,3,589,Terminator 2: Judgment Day (1991),221
193,4,150,Apollo 13 (1995),200
193,5,50,"Usual Suspects, The (1995)",198
193,6,47,Seven (a.k.a. Se7en) (1995),197
193,7,4993,"Lord of the Rings: The Fellowship of the Ring, The (2001)",197
193,8,780,Independence Day (a.k.a. ID4) (1996),196
193,9,1210,Star Wars: Episode VI - Return of the Jedi (1983),196
193,10,457,"Fugitive, The (1993)",189
194,1,356,Forrest Gump (1994),325
194,2,318,"Shawshank Redemption, The (1994)",313
194,3,296,Pulp Fiction (1994),304
194,4,2571,"Matrix, The (1999)",277
194,5,593,"Silence of the Lambs, The (1991)",276
194,6,260,Star Wars: Episode IV - A New Hope (1977),250
194,7,480,Jurassic Park (1993),236
194,8,110,Braveheart (1995),234
194,9,589,Terminator 2: Judgment Day (1991),221
194,10,2959,Fight Club (1999),218
195,1,356,Forrest Gump (1994),325
195,2,593,"Silence of the Lambs, The (1991)",276
195,3,480,Jurassic Park (1993),236
195,4,110,Braveheart (1995),234
195,5,2959,Fight Club (1999),218
195,6,1,Toy Story (1995),215
195,7,47,Seven (a.k.a. Se7en) (1995),197
195,8,4993,"Lord of the Rings: The Fellowship of the Ring, The (2001)",197
195,9,780,Independence Day (a.k.a. ID4) (1996),196
195,10,1198,Raiders of the Lost Ark (Indiana Jones and the Raiders of the Lost Ark) (1981),194
196,1,356,Forrest Gump (1994),325
196,2,318,"Shawshank Redemption, The (1994)",313
196,3,296,Pulp Fiction (1994),304
196,4,593,"Silence of the Lambs, The (1991)",276
196,5,260,Star Wars: Episode IV - A New Hope (1977),250
196,6,480,Jurassic Park (1993),236
196,7,589,Terminator 2: Judgment Day (1991),221
196,8,2959,Fight Club (1999),218
196,9,1,Toy Story (1995),215
196,10,527,Schindler's List (1993),214
197,1,318,"Shawshank Redemption, The (1994)",313
197,2,593,"Silence of the Lambs, The (1991)",276
197,3,260,Star Wars: Episode IV - A New Hope (1977),250
197,4,480,Jurassic Park (1993),236
197,5,110,Braveheart (1995),234
197,6,2959,Fight Club (1999),218
197,7,1,Toy Story (1995),215
197,8,527,Schindler's List (1993),214
197,9,1196,Star Wars: Episode V - The Empire Strikes Back (1980),210
197,10,2858,American Beauty (1999),202
198,1,1,Toy Story (1995),215
198,2,527,Schindler's List (1993),214
198,3,150,Apollo 13 (1995),200
198,4,457,"Fugitive, The (1993)",189
198,5,858,"Godfather, The (1972)",188
198,6,5952,"Lord of the Rings: The Two Towers, The (2002)",187
198,7,7153,"Lord of the Rings: The Return of the King, The (2003)",185
198,8,588,Aladdin (1992),181
198,9,380,True Lies (1994),176
198,10,377,Speed (1994),168
199,1,480,Jurassic Park (1993),236
199,2,110,Braveheart (1995),234
199,3,2959,Fight Club (1999),218
199,4,1,Toy Story (1995),215
199,5,4993,"Lord of the Rings: The Fellowship of the Ring, The (2001)",197
199,6,5952,"Lord of the Rings: The Two Towers, The (2002)",187
199,7,7153,"Lord of the Rings: The Return of the King, The (2003)",185
199,8,588,Aladdin (1992),181
199,9,32,Twelve Monkeys (a.k.a. 12 Monkeys) (1995),173
199,10,364,"Lion King, The (1994)",172
200,1,593,"Silence of the Lambs, The (1991)",276
200,2,589,Terminator 2: Judgment Day (1991),221
200,3,527,Schindler's List (1993),214
200,4,50,"Usual Suspects, The (1995)",198
200,5,457,"Fugitive, The (1993)",189
200,6,592,Batman (1989),188
200,7,858,"Godfather, The (1972)",188
200,8,2028,Saving Private Ryan (1998),186
200,9,608,Fargo (1996),180
200,10,2762,"Sixth Sense, The (1999)",178
201,1,318,"Shawshank Redemption, The (1994)",313
201,2,2571,"Matrix, The (1999)",277
201,3,110,Braveheart (1995),234
201,4,2959,Fight Club (1999),218
201,5,527,Schindler's List (1993),214
201,6,50,"Usual Suspects, The (1995)",198
201,7,47,Seven (a.k.a. Se7en) (1995),197
201,8,4993,"Lord of the Rings: The Fellowship of the Ring, The (2001)",197
201,9,457,"Fugitive, The (1993)",189
201,10,858,"Godfather, The (1972)",188
202,1,527,Schindler's List (1993),214
202,2,47,Seven (a.k.a. Se7en) (1995),197
202,3,4993,"Lord of the Rings: The Fellowship of the Ring, The (2001)",197
202,4,5952,"Lord of the Rings: The Two Towers, The (2002)",187
202,5,7153,"Lord of the Rings: The Return of the King, The (2003)",185
202,6,380,True Lies (1994),176
202,7,364,"Lion King, The (1994)",172
202,8,4306,Shrek (2001),168
202,9,3578,Gladiator (2000),166
202,10,344,Ace Ventura: Pet Detective (1994),161
203,1,356,Forrest Gump (1994),325
203,2,296,Pulp Fiction (1994),304
203,3,593,"Silence of the Lambs, The (1991)",276
203,4,260,Star Wars: Episode IV - A New Hope (1977),250
203,5,480,Jurassic Park (1993),236
203,6,589,Terminator 2: Judgment Day (1991),221
203,7,2959,Fight Club (1999),218
203,8,1,Toy Story (1995),215
203,9,527,Schindler's List (1993),214
203,10,1196,Star Wars: Episode V - The Empire Strikes Back (1980),210
204,1,356,Forrest Gump (1994),325
204,2,318,"Shawshank Redemption, The (1994)",313
204,3,260,Star Wars: Episode IV - A New Hope (1977),250
204,4,480,Jurassic Park (1993),236
204,5,110,Braveheart (1995),234
204,6,589,Terminator 2: Judgment Day (1991),221
204,7,1,Toy Story (1995),215
204,8,1196,Star Wars: Episode V - The Empire Strikes Back (1980),210
204,9,150,Apollo 13 (1995),200
204,10,50,"Usual Suspects, The (1995)",198
205,1,318,"Shawshank Redemption, The (1994)",313
205,2,296,Pulp Fiction (1994),304
205,3,2571,"Matrix, The (1999)",277
205,4,593,"Silence of the Lambs, The (1991)",276
205,5,480,Jurassic Park (1993),236
205,6,110,Braveheart (1995),234
205,7,589,Terminator 2: Judgment Day (1991),221
205,8,2959,Fight Club (1999),218
205,9,1,Toy Story (1995),215
205,10,527,Schindler's List (1993),214
206,1,356,Forrest Gump (1994),325
206,2,318,"Shawshank Redemption, The (1994)",313
206,3,296,Pulp Fiction (1994),304
206,4,2571,"Matrix, The (1999)",277
206,5,593,"Silence of the Lambs, The (1991)",276
206,6,260,Star Wars: Episode IV - A New Hope (1977),250
206,7,480,Jurassic Park (1993),236
206,8,110,Braveheart (1995),234
206,9,589,Terminator 2: Judgment Day (1991),221
206,10,2959,Fight Club (1999),218
207,1,356,Forrest Gump (1994),325
207,2,318,"Shawshank Redemption, The (1994)",313
207,3,296,Pulp Fiction (1994),304
207,4,2571,"Matrix, The (1999)",277
207,5,593,"Silence of the Lambs, The (1991)",276
207,6,260,Star Wars: Episode IV - A New Hope (1977),250
207,7,480,Jurassic Park (1993),236
207,8,110,Braveheart (1995),234
207,9,589,Terminator 2: Judgment Day (1991),221
207,10,2959,Fight Club (1999),218
208,1,356,Forrest Gump (1994),325
208,2,318,"Shawshank Redemption, The (1994)",313
208,3,296,Pulp Fiction (1994),304
208,4,593,"Silence of the Lambs, The (1991)",276
208,5,260,Star Wars: Episode IV - A New Hope (1977),250
208,6,480,Jurassic Park (1993),236
208,7,2959,Fight Club (1999),218
208,8,1,Toy Story (1995),215
208,9,527,Schindler's List (1993),214
208,10,1196,Star Wars: Episode V - The Empire Strikes Back (1980),210
209,1,296,Pulp Fiction (1994),304
209,2,260,Star Wars: Episode IV - A New Hope (1977),250
209,3,480,Jurassic Park (1993),236
209,4,110,Braveheart (1995),234
209,5,589,Terminator 2: Judgment Day (1991),221
209,6,1,Toy Story (1995),215
209,7,527,Schindler's List (1993),214
209,8,1196,Star Wars: Episode V - The Empire Strikes Back (1980),210
209,9,150,Apollo 13 (1995),200
209,10,50,"Usual Suspects, The (1995)",198
210,1,356,Forrest Gump (1994),325
210,2,318,"Shawshank Redemption, The (1994)",313
210,3,593,"Silence of the Lambs, The (1991)",276
210,4,480,Jurassic Park (1993),236
210,5,110,Braveheart (1995),234
210,6,2959,Fight Club (1999),218
210,7,1,Toy Story (1995),215
210,8,527,Schindler's List (1993),214
210,9,2858,American Beauty (1999),202
210,10,150,Apollo 13 (1995),200
211,1,593,"Silence of the Lambs, The (1991)",276
211,2,480,Jurassic Park (1993),236
211,3,110,Braveheart (1995),234
211,4,589,Terminator 2: Judgment Day (1991),221
211,5,1,Toy Story (1995),215
211,6,527,Schindler's List (1993),214
211,7,150,Apollo 13 (1995),200
211,8,47,Seven (a.k.a. Se7en) (1995),197
211,9,4993,"Lord of the Rings: The Fellowship of the Ring, The (2001)",197
211,10,780,Independence Day (a.k.a. ID4) (1996),196
212,1,110,Braveheart (1995),234
212,2,1,Toy Story (1995),215
212,3,527,Schindler's List (1993),214
212,4,150,Apollo 13 (1995),200
212,5,50,"Usual Suspects, The (1995)",198
212,6,47,Seven (a.k.a. Se7en) (1995),197
212,7,457,"Fugitive, The (1993)",189
212,8,592,Batman (1989),188
212,9,858,"Godfather, The (1972)",188
212,10,588,Aladdin (1992),181
213,1,356,Forrest Gump (1994),325
213,2,318,"Shawshank Redemption, The (1994)",313
213,3,296,Pulp Fiction (1994),304
213,4,2571,"Matrix, The (1999)",277
213,5,593,"Silence of the Lambs, The (1991)",276
213,6,260,Star Wars: Episode IV - A New Hope (1977),250
213,7,480,Jurassic Park (1993),236
213,8,110,Braveheart (1995),234
213,9,2959,Fight Club (1999),218
213,10,527,Schindler's List (1993),214
214,1,356,Forrest Gump (1994),325
214,2,318,"Shawshank Redemption, The (1994)",313
214,3,296,Pulp Fiction (1994),304
214,4,2571,"Matrix, The (1999)",277
214,5,593,"Silence of the Lambs, The (1991)",276
214,6,260,Star Wars: Episode IV - A New Hope (1977),250
214,7,480,Jurassic Park (1993),236
214,8,110,Braveheart (1995),234
214,9,589,Terminator 2: Judgment Day (1991),221
214,10,2959,Fight Club (1999),218
215,1,2571,"Matrix, The (1999)",277
215,2,480,Jurassic Park (1993),236
215,3,110,Braveheart (1995),234
215,4,589,Terminator 2: Judgment Day (1991),221
215,5,1,Toy Story (1995),215
215,6,150,Apollo 13 (1995),200
215,7,47,Seven (a.k.a. Se7en) (1995),197
215,8,780,Independence Day (a.k.a. ID4) (1996),196
215,9,1210,Star Wars: Episode VI - Return of the Jedi (1983),196
215,10,457,"Fugitive, The (1993)",189
216,1,356,Forrest Gump (1994),325
216,2,318,"Shawshank Redemption, The (1994)",313
216,3,296,Pulp Fiction (1994),304
216,4,2571,"Matrix, The (1999)",277
216,5,593,"Silence of the Lambs, The (1991)",276
216,6,260,Star Wars: Episode IV - A New Hope (1977),250
216,7,480,Jurassic Park (1993),236
216,8,110,Braveheart (1995),234
216,9,589,Terminator 2: Judgment Day (1991),221
216,10,2959,Fight Club (1999),218
217,1,318,"Shawshank Redemption, The (1994)",313
217,2,593,"Silence of the Lambs, The (1991)",276
217,3,2959,Fight Club (1999),218
217,4,527,Schindler's List (1993),214
217,5,2858,American Beauty (1999),202
217,6,150,Apollo 13 (1995),200
217,7,4993,"Lord of the Rings: The Fellowship of the Ring, The (2001)",197
217,8,5952,"Lord of the Rings: The Two Towers, The (2002)",187
217,9,7153,"Lord of the Rings: The Return of the King, The (2003)",185
217,10,588,Aladdin (1992),181
218,1,356,Forrest Gump (1994),325
218,2,318,"Shawshank Redemption, The (1994)",313
218,3,296,Pulp Fiction (1994),304
218,4,2571,"Matrix, The (1999)",277
218,5,593,"Silence of the Lambs, The (1991)",276
218,6,260,Star Wars: Episode IV - A New Hope (1977),250
218,7,480,Jurassic Park (1993),236
218,8,110,Braveheart (1995),234
218,9,589,Terminator 2: Judgment Day (1991),221
218,10,2959,Fight Club (1999),218
219,1,356,Forrest Gump (1994),325
219,2,110,Braveheart (1995),234
219,3,527,Schindler's List (1993),214
219,4,457,"Fugitive, The (1993)",189
219,5,590,Dances with Wolves (1990),162
219,6,1214,Alien (1979),145
219,7,79132,Inception (2010),140
219,8,597,Pretty Woman (1990),133
219,9,1193,One Flew Over the Cuckoo's Nest (1975),132
219,10,34,Babe (1995),127
220,1,593,"Silence of the Lambs, The (1991)",276
220,2,110,Braveheart (1995),234
220,3,527,Schindler's List (1993),214
220,4,2858,American Beauty (1999),202
220,5,4993,"Lord of the Rings: The Fellowship of the Ring, The (2001)",197
220,6,457,"Fugitive, The (1993)",189
220,7,592,Batman (1989),188
220,8,3578,Gladiator (2000),166
220,9,367,"Mask, The (1994)",155
220,10,595,Beauty and the Beast (1991),145
221,1,260,Star Wars: Episode IV - A New Hope (1977),250
221,2,110,Braveheart (1995),234
221,3,1,Toy Story (1995),215
221,4,1196,Star Wars: Episode V - The Empire Strikes Back (1980),210
221,5,150,Apollo 13 (1995),200
221,6,47,Seven (a.k.a. Se7en) (1995),197
221,7,4993,"Lord of the Rings: The Fellowship of the Ring, The (2001)",197
221,8,1210,Star Wars: Episode VI - Return of the Jedi (1983),196
221,9,457,"Fugitive, The (1993)",189
221,10,592,Batman (1989),188
222,1,318,"Shawshank Redemption, The (1994)",313
222,2,593,"Silence of the Lambs, The (1991)",276
222,3,260,Star Wars: Episode IV - A New Hope (1977),250
222,4,480,Jurassic Park (1993),236
222,5,589,Terminator 2: Judgment Day (1991),221
222,6,1,Toy Story (1995),215
222,7,1196,Star Wars: Episode V - The Empire Strikes Back (1980),210
222,8,2858,American Beauty (1999),202
222,9,150,Apollo 13 (1995),200
222,10,780,Independence Day (a.k.a. ID4) (1996),196
223,1,356,Forrest Gump (1994),325
223,2,589,Terminator 2: Judgment Day (1991),221
223,3,2959,Fight Club (1999),218
223,4,527,Schindler's List (1993),214
223,5,1196,Star Wars: Episode V - The Empire Strikes Back (1980),210
223,6,2858,American Beauty (1999),202
223,7,150,Apollo 13 (1995),200
223,8,50,"Usual Suspects, The (1995)",198
223,9,4993,"Lord of the Rings: The Fellowship of the Ring, The (2001)",197
223,10,1210,Star Wars: Episode VI - Return of the Jedi (1983),196
224,1,318,"Shawshank Redemption, The (1994)",313
224,2,296,Pulp Fiction (1994),304
224,3,2571,"Matrix, The (1999)",277
224,4,480,Jurassic Park (1993),236
224,5,110,Braveheart (1995),234
224,6,589,Terminator 2: Judgment Day (1991),221
224,7,2959,Fight Club (1999),218
224,8,1,Toy Story (1995),215
224,9,1196,Star Wars: Episode V - The Empire Strikes Back (1980),210
224,10,2858,American Beauty (1999),202
225,1,356,Forrest Gump (1994),325
225,2,318,"Shawshank Redemption, The (1994)",313
225,3,296,Pulp Fiction (1994),304
225,4,2571,"Matrix, The (1999)",277
225,5,593,"Silence of the Lambs, The (1991)",276
225,6,260,Star Wars: Episode IV - A New Hope (1977),250
225,7,480,Jurassic Park (1993),236
225,8,110,Braveheart (1995),234
225,9,589,Terminator 2: Judgment Day (1991),221
225,10,2959,Fight Club (1999),218
226,1,318,"Shawshank Redemption, The (1994)",313
226,2,593,"Silence of the Lambs, The (1991)",276
226,3,110,Braveheart (1995),234
226,4,527,Schindler's List (1993),214
226,5,50,"Usual Suspects, The (1995)",198
226,6,457,"Fugitive, The (1993)",189
226,7,592,Batman (1989),188
226,8,858,"Godfather, The (1972)",188
226,9,2028,Saving Private Ryan (1998),186
226,10,2762,"Sixth Sense, The (1999)",178
227,1,480,Jurassic Park (1993),236
227,2,1,Toy Story (1995),215
227,3,2858,American Beauty (1999),202
227,4,50,"Usual Suspects, The (1995)",198
227,5,4993,"Lord of the Rings: The Fellowship of the Ring, The (2001)",197
227,6,780,Independence Day (a.k.a. ID4) (1996),196
227,7,1210,Star Wars: Episode VI - Return of the Jedi (1983),196
227,8,1198,Raiders of the Lost Ark (Indiana Jones and the Raiders of the Lost Ark) (1981),194
227,9,592,Batman (1989),188
227,10,5952,"Lord of the Rings: The Two Towers, The (2002)",187
228,1,356,Forrest Gump (1994),325
228,2,318,"Shawshank Redemption, The (1994)",313
228,3,296,Pulp Fiction (1994),304
228,4,593,"Silence of the Lambs, The (1991)",276
228,5,480,Jurassic Park (1993),236
228,6,110,Braveheart (1995),234
228,7,589,Terminator 2: Judgment Day (1991),221
228,8,2959,Fight Club (1999),218
228,9,1,Toy Story (1995),215
228,10,527,Schindler's List (1993),214
229,1,2571,"Matrix, The (1999)",277
229,2,260,Star Wars: Episode IV - A New Hope (1977),250
229,3,2959,Fight Club (1999),218
229,4,1196,Star Wars: Episode V - The Empire Strikes Back (1980),210
229,5,2858,American Beauty (1999),202
229,6,50,"Usual Suspects, The (1995)",198
229,7,47,Seven (a.k.a. Se7en) (1995),197
229,8,4993,"Lord of the Rings: The Fellowship of the Ring, The (2001)",197
229,9,780,Independence Day (a.k.a. ID4) (1996),196
229,10,1210,Star Wars: Episode VI - Return of the Jedi (1983),196
230,1,356,Forrest Gump (1994),325
230,2,296,Pulp Fiction (1994),304
230,3,2571,"Matrix, The (1999)",277
230,4,260,Star Wars: Episode IV - A New Hope (1977),250
230,5,480,Jurassic Park (1993),236
230,6,110,Braveheart (1995),234
230,7,1,Toy Story (1995),215
230,8,1196,Star Wars: Episode V - The Empire Strikes Back (1980),210
230,9,2858,American Beauty (1999),202
230,10,50,"Usual Suspects, The (1995)",198
231,1,356,Forrest Gump (1994),325
231,2,318,"Shawshank Redemption, The (1994)",313
231,3,480,Jurassic Park (1993),236
231,4,110,Braveheart (1995),234
231,5,2959,Fight Club (1999),218
231,6,1,Toy Story (1995),215
231,7,150,Apollo 13 (1995),200
231,8,50,"Usual Suspects, The (1995)",198
231,9,47,Seven (a.k.a. Se7en) (1995),197
231,10,4993,"Lord of the Rings: The Fellowship of the Ring, The (2001)",197
232,1,593,"Silence of the Lambs, The (1991)",276
232,2,2858,American Beauty (1999),202
232,3,50,"Usual Suspects, The (1995)",198
232,4,457,"Fugitive, The (1993)",189
232,5,592,Batman (1989),188
232,6,608,Fargo (1996),180
232,7,380,True Lies (1994),176
232,8,32,Twelve Monkeys (a.k.a. 12 Monkeys) (1995),173
232,9,590,Dances with Wolves (1990),162
232,10,344,Ace Ventura: Pet Detective (1994),161
233,1,260,Star Wars: Episode IV - A New Hope (1977),250
233,2,480,Jurassic Park (1993),236
233,3,589,Terminator 2: Judgment Day (1991),221
233,4,1196,Star Wars: Episode V - The Empire Strikes Back (1980),210
233,5,1210,Star Wars: Episode VI - Return of the Jedi (1983),196
233,6,1198,Raiders of the Lost Ark (Indiana Jones and the Raiders of the Lost Ark) (1981),194
233,7,457,"Fugitive, The (1993)",189
233,8,592,Batman (1989),188
233,9,588,Aladdin (1992),181
233,10,380,True Lies (1994),176
234,1,356,Forrest Gump (1994),325
234,2,318,"Shawshank Redemption, The (1994)",313
234,3,296,Pulp Fiction (1994),304
234,4,593,"Silence of the Lambs, The (1991)",276
234,5,110,Braveheart (1995),234
234,6,589,Terminator 2: Judgment Day (1991),221
234,7,2959,Fight Club (1999),218
234,8,527,Schindler's List (1993),214
234,9,2858,American Beauty (1999),202
234,10,150,Apollo 13 (1995),200
235,1,2571,"Matrix, The (1999)",277
235,2,260,Star Wars: Episode IV - A New Hope (1977),250
235,3,2959,Fight Club (1999),218
235,4,1,Toy Story (1995),215
235,5,1196,Star Wars: Episode V - The Empire Strikes Back (1980),210
235,6,2858,American Beauty (1999),202
235,7,50,"Usual Suspects, The (1995)",198
235,8,47,Seven (a.k.a. Se7en) (1995),197
235,9,4993,"Lord of the Rings: The Fellowship of the Ring, The (2001)",197
235,10,780,Independence Day (a.k.a. ID4) (1996),196
236,1,356,Forrest Gump (1994),325
236,2,318,"Shawshank Redemption, The (1994)",313
236,3,296,Pulp Fiction (1994),304
236,4,2571,"Matrix, The (1999)",277
236,5,593,"Silence of the Lambs, The (1991)",276
236,6,260,Star Wars: Episode IV - A New Hope (1977),250
236,7,480,Jurassic Park (1993),236
236,8,110,Braveheart (1995),234
236,9,589,Terminator 2: Judgment Day (1991),221
236,10,2959,Fight Club (1999),218
237,1,296,Pulp Fiction (1994),304
237,2,593,"Silence of the Lambs, The (1991)",276
237,3,260,Star Wars: Episode IV - A New Hope (1977),250
237,4,480,Jurassic Park (1993),236
237,5,110,Braveheart (1995),234
237,6,589,Terminator 2: Judgment Day (1991),221
237,7,2959,Fight Club (1999),218
237,8,1,Toy Story (1995),215
237,9,527,Schindler's List (1993),214
237,10,1196,Star Wars: Episode V - The Empire Strikes Back (1980),210
238,1,356,Forrest Gump (1994),325
238,2,318,"Shawshank Redemption, The (1994)",313
238,3,296,Pulp Fiction (1994),304
238,4,2571,"Matrix, The (1999)",277
238,5,260,Star Wars: Episode IV - A New Hope (1977),250
238,6,480,Jurassic Park (1993),236
238,7,110,Braveheart (1995),234
238,8,589,Terminator 2: Judgment Day (1991),221
238,9,2959,Fight Club (1999),218
238,10,1,Toy Story (1995),215
239,1,527,Schindler's List (1993),214
239,2,150,Apollo 13 (1995),200
239,3,592,Batman (1989),188
239,4,2762,"Sixth Sense, The (1999)",178
239,5,1270,Back to the Future (1985),169
239,6,377,Speed (1994),168
239,7,344,Ace Ventura: Pet Detective (1994),161
239,8,4226,Memento (2000),157
239,9,165,Die Hard: With a Vengeance (1995),144
239,10,500,Mrs. Doubtfire (1993),143
240,1,2571,"Matrix, The (1999)",277
240,2,593,"Silence of the Lambs, The (1991)",276
240,3,260,Star Wars: Episode IV - A New Hope (1977),250
240,4,2959,Fight Club (1999),218
240,5,527,Schindler's List (1993),214
240,6,1196,Star Wars: Episode V - The Empire Strikes Back (1980),210
240,7,2858,American Beauty (1999),202
240,8,50,"Usual Suspects, The (1995)",198
240,9,47,Seven (a.k.a. Se7en) (1995),197
240,10,4993,"Lord of the Rings: The Fellowship of the Ring, The (2001)",197
241,1,356,Forrest Gump (1994),325
241,2,260,Star Wars: Episode IV - A New Hope (1977),250
241,3,480,Jurassic Park (1993),236
241,4,110,Braveheart (1995),234
241,5,589,Terminator 2: Judgment Day (1991),221
241,6,1,Toy Story (1995),215
241,7,1196,Star Wars: Episode V - The Empire Strikes Back (1980),210
241,8,150,Apollo 13 (1995),200
241,9,47,Seven (a.k.a. Se7en) (1995),197
241,10,4993,"Lord of the Rings: The Fellowship of the Ring, The (2001)",197
242,1,356,Forrest Gump (1994),325
242,2,2571,"Matrix, The (1999)",277
242,3,260,Star Wars: Episode IV - A New Hope (1977),250
242,4,480,Jurassic Park (1993),236
242,5,110,Braveheart (1995),234
242,6,589,Terminator 2: Judgment Day (1991),221
242,7,2959,Fight Club (1999),218
242,8,1,Toy Story (1995),215
242,9,527,Schindler's List (1993),214
242,10,1196,Star Wars: Episode V - The Empire Strikes Back (1980),210
243,1,318,"Shawshank Redemption, The (1994)",313
243,2,296,Pulp Fiction (1994),304
243,3,2571,"Matrix, The (1999)",277
243,4,593,"Silence of the Lambs, The (1991)",276
243,5,260,Star Wars: Episode IV - A New Hope (1977),250
243,6,480,Jurassic Park (1993),236
243,7,110,Braveheart (1995),234
243,8,2959,Fight Club (1999),218
243,9,1,Toy Story (1995),215
243,10,1196,Star Wars: Episode V - The Empire Strikes Back (1980),210
244,1,318,"Shawshank Redemption, The (1994)",313
244,2,296,Pulp Fiction (1994),304
244,3,260,Star Wars: Episode IV - A New Hope (1977),250
244,4,480,Jurassic Park (1993),236
244,5,2959,Fight Club (1999),218
244,6,1,Toy Story (1995),215
244,7,527,Schindler's List (1993),214
244,8,2858,American Beauty (1999),202
244,9,150,Apollo 13 (1995),200
244,10,50,"Usual Suspects, The (1995)",198
245,1,356,Forrest Gump (1994),325
245,2,318,"Shawshank Redemption, The (1994)",313
245,3,296,Pulp Fiction (1994),304
245,4,2571,"Matrix, The (1999)",277
245,5,593,"Silence of the Lambs, The (1991)",276
245,6,260,Star Wars: Episode IV - A New Hope (1977),250
245,7,480,Jurassic Park (1993),236
245,8,110,Braveheart (1995),234
245,9,589,Terminator 2: Judgment Day (1991),221
245,10,2959,Fight Club (1999),218
246,1,318,"Shawshank Redemption, The (1994)",313
246,2,593,"Silence of the Lambs, The (1991)",276
246,3,480,Jurassic Park (1993),236
246,4,110,Braveheart (1995),234
246,5,1,Toy Story (1995),215
246,6,527,Schindler's List (1993),214
246,7,2858,American Beauty (1999),202
246,8,150,Apollo 13 (1995),200
246,9,47,Seven (a.k.a. Se7en) (1995),197
246,10,1198,Raiders of the Lost Ark (Indiana Jones and the Raiders of the Lost Ark) (1981),194
247,1,780,Independence Day (a.k.a. ID4) (1996),196
247,2,457,"Fugitive, The (1993)",189
247,3,592,Batman (1989),188
247,4,380,True Lies (1994),176
247,5,377,Speed (1994),168
247,6,590,Dances with Wolves (1990),162
247,7,1580,Men in Black (a.k.a. MIB) (1997),162
247,8,344,Ace Ventura: Pet Detective (1994),161
247,9,648,Mission: Impossible (1996),159
247,10,367,"Mask, The (1994)",155
248,1,356,Forrest Gump (1994),325
248,2,318,"Shawshank Redemption, The (1994)",313
248,3,296,Pulp Fiction (1994),304
248,4,593,"Silence of the Lambs, The (1991)",276
248,5,480,Jurassic Park (1993),236
248,6,110,Braveheart (1995),234
248,7,589,Terminator 2: Judgment Day (1991),221
248,8,2959,Fight Club (1999),218
248,9,1,Toy Story (1995),215
248,10,527,Schindler's List (1993),214
249,1,592,Batman (1989),188
249,2,590,Dances with Wolves (1990),162
249,3,165,Die Hard: With a Vengeance (1995),144
249,4,1197,"Princess Bride, The (1987)",141
249,5,316,Stargate (1994),140
249,6,153,Batman Forever (1995),137
249,7,1136,Monty Python and the Holy Grail (1975),134
249,8,597,Pretty Woman (1990),133
249,9,10,GoldenEye (1995),132
249,10,231,Dumb & Dumber (Dumb and Dumber) (1994),132
250,1,356,Forrest Gump (1994),325
250,2,296,Pulp Fiction (1994),304
250,3,2571,"Matrix, The (1999)",277
250,4,593,"Silence of the Lambs, The (1991)",276
250,5,260,Star Wars: Episode IV - A New Hope (1977),250
250,6,480,Jurassic Park (1993),236
250,7,110,Braveheart (1995),234
250,8,589,Terminator 2: Judgment Day (1991),221
250,9,2959,Fight Club (1999),218
250,10,1,Toy Story (1995),215
251,1,356,Forrest Gump (1994),325
251,2,260,Star Wars: Episode IV - A New Hope (1977),250
251,3,480,Jurassic Park (1993),236
251,4,110,Braveheart (1995),234
251,5,589,Terminator 2: Judgment Day (1991),221
251,6,1,Toy Story (1995),215
251,7,1196,Star Wars: Episode V - The Empire Strikes Back (1980),210
251,8,2858,American Beauty (1999),202
251,9,150,Apollo 13 (1995),200
251,10,50,"Usual Suspects, The (1995)",198
252,1,356,Forrest Gump (1994),325
252,2,318,"Shawshank Redemption, The (1994)",313
252,3,296,Pulp Fiction (1994),304
252,4,2571,"Matrix, The (1999)",277
252,5,593,"Silence of the Lambs, The (1991)",276
252,6,260,Star Wars: Episode IV - A New Hope (1977),250
252,7,480,Jurassic Park (1993),236
252,8,110,Braveheart (1995),234
252,9,589,Terminator 2: Judgment Day (1991),221
252,10,2959,Fight Club (1999),218
253,1,356,Forrest Gump (1994),325
253,2,318,"Shawshank Redemption, The (1994)",313
253,3,296,Pulp Fiction (1994),304
253,4,2571,"Matrix, The (1999)",277
253,5,593,"Silence of the Lambs, The (1991)",276
253,6,260,Star Wars: Episode IV - A New Hope (1977),250
253,7,480,Jurassic Park (1993),236
253,8,110,Braveheart (1995),234
253,9,589,Terminator 2: Judgment Day (1991),221
253,10,2959,Fight Club (1999),218
254,1,1198,Raiders of the Lost Ark (Indiana Jones and the Raiders of the Lost Ark) (1981),194
254,2,588,Aladdin (1992),181
254,3,608,Fargo (1996),180
254,4,364,"Lion King, The (1994)",172
254,5,377,Speed (1994),168
254,6,367,"Mask, The (1994)",155
254,7,58559,"Dark Knight, The (2008)",146
254,8,595,Beauty and the Beast (1991),145
254,9,165,Die Hard: With a Vengeance (1995),144
254,10,500,Mrs. Doubtfire (1993),143
255,1,356,Forrest Gump (1994),325
255,2,318,"Shawshank Redemption, The (1994)",313
255,3,296,Pulp Fiction (1994),304
255,4,2571,"Matrix, The (1999)",277
255,5,593,"Silence of the Lambs, The (1991)",276
255,6,260,Star Wars: Episode IV - A New Hope (1977),250
255,7,480,Jurassic Park (1993),236
255,8,110,Braveheart (1995),234
255,9,589,Terminator 2: Judgment Day (1991),221
255,10,2959,Fight Club (1999),218
256,1,356,Forrest Gump (1994),325
256,2,296,Pulp Fiction (1994),304
256,3,480,Jurassic Park (1993),236
256,4,110,Braveheart (1995),234
256,5,589,Terminator 2: Judgment Day (1991),221
256,6,2959,Fight Club (1999),218
256,7,1,Toy Story (1995),215
256,8,527,Schindler's List (1993),214
256,9,2858,American Beauty (1999),202
256,10,150,Apollo 13 (1995),200
257,1,356,Forrest Gump (1994),325
257,2,318,"Shawshank Redemption, The (1994)",313
257,3,296,Pulp Fiction (1994),304
257,4,2571,"Matrix, The (1999)",277
257,5,593,"Silence of the Lambs, The (1991)",276
257,6,260,Star Wars: Episode IV - A New Hope (1977),250
257,7,480,Jurassic Park (1993),236
257,8,110,Braveheart (1995),234
257,9,589,Terminator 2: Judgment Day (1991),221
257,10,2959,Fight Club (1999),218
258,1,356,Forrest Gump (1994),325
258,2,296,Pulp Fiction (1994),304
258,3,593,"Silence of the Lambs, The (1991)",276
258,4,260,Star Wars: Episode IV - A New Hope (1977),250
258,5,480,Jurassic Park (1993),236
258,6,110,Braveheart (1995),234
258,7,589,Terminator 2: Judgment Day (1991),221
258,8,1,Toy Story (1995),215
258,9,1196,Star Wars: Episode V - The Empire Strikes Back (1980),210
258,10,2858,American Beauty (1999),202
259,1,356,Forrest Gump (1994),325
259,2,318,"Shawshank Redemption, The (1994)",313
259,3,296,Pulp Fiction (1994),304
259,4,2571,"Matrix, The (1999)",277
259,5,593,"Silence of the Lambs, The (1991)",276
259,6,260,Star Wars: Episode IV - A New Hope (1977),250
259,7,480,Jurassic Park (1993),236
259,8,110,Braveheart (1995),234
259,9,589,Terminator 2: Judgment Day (1991),221
259,10,2959,Fight Club (1999),218
260,1,356,Forrest Gump (1994),325
260,2,318,"Shawshank Redemption, The (1994)",313
260,3,2571,"Matrix, The (1999)",277
260,4,593,"Silence of the Lambs, The (1991)",276
260,5,260,Star Wars: Episode IV - A New Hope (1977),250
260,6,480,Jurassic Park (1993),236
260,7,110,Braveheart (1995),234
260,8,589,Terminator 2: Judgment Day (1991),221
260,9,1,Toy Story (1995),215
260,10,527,Schindler's List (1993),214
261,1,593,"Silence of the Lambs, The (1991)",276
261,2,260,Star Wars: Episode IV - A New Hope (1977),250
261,3,480,Jurassic Park (1993),236
261,4,110,Braveheart (1995),234
261,5,589,Terminator 2: Judgment Day (1991),221
261,6,2959,Fight Club (1999),218
261,7,1,Toy Story (1995),215
261,8,527,Schindler's List (1993),214
261,9,1196,Star Wars: Episode V - The Empire Strikes Back (1980),210
261,10,150,Apollo 13 (1995),200
262,1,356,Forrest Gump (1994),325
262,2,2571,"Matrix, The (1999)",277
262,3,480,Jurassic Park (1993),236
262,4,110,Braveheart (1995),234
262,5,589,Terminator 2: Judgment Day (1991),221
262,6,2959,Fight Club (1999),218
262,7,1,Toy Story (1995),215
262,8,527,Schindler's List (1993),214
262,9,1196,Star Wars: Episode V - The Empire Strikes Back (1980),210
262,10,2858,American Beauty (1999),202
263,1,260,Star Wars: Episode IV - A New Hope (1977),250
263,2,480,Jurassic Park (1993),236
263,3,589,Terminator 2: Judgment Day (1991),221
263,4,2959,Fight Club (1999),218
263,5,50,"Usual Suspects, The (1995)",198
263,6,47,Seven (a.k.a. Se7en) (1995),197
263,7,780,Independence Day (a.k.a. ID4) (1996),196
263,8,1198,Raiders of the Lost Ark (Indiana Jones and the Raiders of the Lost Ark) (1981),194
263,9,592,Batman (1989),188
263,10,858,"Godfather, The (1972)",188
264,1,318,"Shawshank Redemption, The (1994)",313
264,2,296,Pulp Fiction (1994),304
264,3,593,"Silence of the Lambs, The (1991)",276
264,4,260,Star Wars: Episode IV - A New Hope (1977),250
264,5,589,Terminator 2: Judgment Day (1991),221
264,6,2959,Fight Club (1999),218
264,7,2858,American Beauty (1999),202
264,8,50,"Usual Suspects, The (1995)",198
264,9,47,Seven (a.k.a. Se7en) (1995),197
264,10,4993,"Lord of the Rings: The Fellowship of the Ring, The (2001)",197
265,1,356,Forrest Gump (1994),325
265,2,296,Pulp Fiction (1994),304
265,3,2959,Fight Club (1999),218
265,4,1,Toy Story (1995),215
265,5,527,Schindler's List (1993),214
265,6,50,"Usual Suspects, The (1995)",198
265,7,47,Seven (a.k.a. Se7en) (1995),197
265,8,4993,"Lord of the Rings: The Fellowship of the Ring, The (2001)",197
265,9,1210,Star Wars: Episode VI - Return of the Jedi (1983),196
265,10,457,"Fugitive, The (1993)",189
266,1,318,"Shawshank Redemption, The (1994)",313
266,2,593,"Silence of the Lambs, The (1991)",276
266,3,527,Schindler's List (1993),214
266,4,2858,American Beauty (1999),202
266,5,150,Apollo 13 (1995),200
266,6,47,Seven (a.k.a. Se7en) (1995),197
266,7,4993,"Lord of the Rings: The Fellowship of the Ring, The (2001)",197
266,8,780,Independence Day (a.k.a. ID4) (1996),196
266,9,858,"Godfather, The (1972)",188
266,10,5952,"Lord of the Rings: The Two Towers, The (2002)",187
267,1,356,Forrest Gump (1994),325
267,2,318,"Shawshank Redemption, The (1994)",313
267,3,296,Pulp Fiction (1994),304
267,4,2959,Fight Club (1999),218
267,5,1,Toy Story (1995),215
267,6,527,Schindler's List (1993),214
267,7,50,"Usual Suspects, The (1995)",198
267,8,47,Seven (a.k.a. Se7en) (1995),197
267,9,4993,"Lord of the Rings: The Fellowship of the Ring, The (2001)",197
267,10,780,Independence Day (a.k.a. ID4) (1996),196
268,1,318,"Shawshank Redemption, The (1994)",313
268,2,296,Pulp Fiction (1994),304
268,3,593,"Silence of the Lambs, The (1991)",276
268,4,480,Jurassic Park (1993),236
268,5,110,Braveheart (1995),234
268,6,589,Terminator 2: Judgment Day (1991),221
268,7,2959,Fight Club (1999),218
268,8,1,Toy Story (1995),215
268,9,527,Schindler's List (1993),214
268,10,150,Apollo 13 (1995),200
269,1,356,Forrest Gump (1994),325
269,2,318,"Shawshank Redemption, The (1994)",313
269,3,296,Pulp Fiction (1994),304
269,4,2571,"Matrix, The (1999)",277
269,5,593,"Silence of the Lambs, The (1991)",276
269,6,260,Star Wars: Episode IV - A New Hope (1977),250
269,7,480,Jurassic Park (1993),236
269,8,110,Braveheart (1995),234
269,9,589,Terminator 2: Judgment Day (1991),221
269,10,2959,Fight Club (1999),218
270,1,356,Forrest Gump (1994),325
270,2,318,"Shawshank Redemption, The (1994)",313
270,3,296,Pulp Fiction (1994),304
270,4,2571,"Matrix, The (1999)",277
270,5,593,"Silence of the Lambs, The (1991)",276
270,6,260,Star Wars: Episode IV - A New Hope (1977),250
270,7,480,Jurassic Park (1993),236
270,8,110,Braveheart (1995),234
270,9,589,Terminator 2: Judgment Day (1991),221
270,10,2959,Fight Club (1999),218
271,1,356,Forrest Gump (1994),325
271,2,318,"Shawshank Redemption, The (1994)",313
271,3,296,Pulp Fiction (1994),304
271,4,2571,"Matrix, The (1999)",277
271,5,593,"Silence of the Lambs, The (1991)",276
271,6,260,Star Wars: Episode IV - A New Hope (1977),250
271,7,480,Jurassic Park (1993),236
271,8,110,Braveheart (1995),234
271,9,589,Terminator 2: Judgment Day (1991),221
271,10,2959,Fight Club (1999),218
272,1,356,Forrest Gump (1994),325
272,2,296,Pulp Fiction (1994),304
272,3,593,"Silence of the Lambs, The (1991)",276
272,4,260,Star Wars: Episode IV - A New Hope (1977),250
272,5,480,Jurassic Park (1993),236
272,6,110,Braveheart (1995),234
272,7,2959,Fight Club (1999),218
272,8,1,Toy Story (1995),215
272,9,527,Schindler's List (1993),214
272,10,1196,Star Wars: Episode V - The Empire Strikes Back (1980),210
273,1,356,Forrest Gump (1994),325
273,2,318,"Shawshank Redemption, The (1994)",313
273,3,2571,"Matrix, The (1999)",277
273,4,260,Star Wars: Episode IV - A New Hope (1977),250
273,5,110,Braveheart (1995),234
273,6,2959,Fight Club (1999),218
273,7,527,Schindler's List (1993),214
273,8,1196,Star Wars: Episode V - The Empire Strikes Back (1980),210
273,9,2858,American Beauty (1999),202
273,10,50,"Usual Suspects, The (1995)",198
274,1,150,Apollo 13 (1995),200
274,2,597,Pretty Woman (1990),133
274,3,1097,E.T. the Extra-Terrestrial (1982),122
274,4,4973,"Amelie (Fabuleux destin d'Amélie Poulain, Le) (2001)",119
274,5,587,Ghost (1990),115
274,6,349,Clear and Present Danger (1994),110
274,7,3996,"Crouching Tiger, Hidden Dragon (Wo hu cang long) (2000)",110
274,8,329,Star Trek: Generations (1994),108
274,9,539,Sleepless in Seattle (1993),105
274,10,39,Clueless (1995),103
275,1,110,Braveheart (1995),234
275,2,589,Terminator 2: Judgment Day (1991),221
275,3,1196,Star Wars: Episode V - The Empire Strikes Back (1980),210
275,4,150,Apollo 13 (1995),200
275,5,47,Seven (a.k.a. Se7en) (1995),197
275,6,780,Independence Day (a.k.a. ID4) (1996),196
275,7,457,"Fugitive, The (1993)",189
275,8,592,Batman (1989),188
275,9,2028,Saving Private Ryan (1998),186
275,10,7153,"Lord of the Rings: The Return of the King, The (2003)",185
276,1,318,"Shawshank Redemption, The (1994)",313
276,2,296,Pulp Fiction (1994),304
276,3,2571,"Matrix, The (1999)",277
276,4,593,"Silence of the Lambs, The (1991)",276
276,5,110,Braveheart (1995),234
276,6,589,Terminator 2: Judgment Day (1991),221
276,7,2959,Fight Club (1999),218
276,8,527,Schindler's List (1993),214
276,9,2858,American Beauty (1999),202
276,10,50,"Usual Suspects, The (1995)",198
277,1,356,Forrest Gump (1994),325
277,2,318,"Shawshank Redemption, The (1994)",313
277,3,296,Pulp Fiction (1994),304
277,4,2571,"Matrix, The (1999)",277
277,5,593,"Silence of the Lambs, The (1991)",276
277,6,480,Jurassic Park (1993),236
277,7,110,Braveheart (1995),234
277,8,589,Terminator 2: Judgment Day (1991),221
277,9,2959,Fight Club (1999),218
277,10,527,Schindler's List (1993),214
278,1,356,Forrest Gump (1994),325
278,2,296,Pulp Fiction (1994),304
278,3,2571,"Matrix, The (1999)",277
278,4,593,"Silence of the Lambs, The (1991)",276
278,5,260,Star Wars: Episode IV - A New Hope (1977),250
278,6,480,Jurassic Park (1993),236
278,7,110,Braveheart (1995),234
278,8,589,Terminator 2: Judgment Day (1991),221
278,9,2959,Fight Club (1999),218
278,10,1,Toy Story (1995),215
279,1,527,Schindler's List (1993),214
279,2,150,Apollo 13 (1995),200
279,3,47,Seven (a.k.a. Se7en) (1995),197
279,4,457,"Fugitive, The (1993)",189
279,5,592,Batman (1989),188
279,6,2762,"Sixth Sense, The (1999)",178
279,7,380,True Lies (1994),176
279,8,32,Twelve Monkeys (a.k.a. 12 Monkeys) (1995),173
279,9,364,"Lion King, The (1994)",172
279,10,4306,Shrek (2001),168
280,1,318,"Shawshank Redemption, The (1994)",313
280,2,296,Pulp Fiction (1994),304
280,3,2571,"Matrix, The (1999)",277
280,4,593,"Silence of the Lambs, The (1991)",276
280,5,260,Star Wars: Episode IV - A New Hope (1977),250
280,6,480,Jurassic Park (1993),236
280,7,110,Braveheart (1995),234
280,8,589,Terminator 2: Judgment Day (1991),221
280,9,2959,Fight Club (1999),218
280,10,527,Schindler's List (1993),214
281,1,356,Forrest Gump (1994),325
281,2,318,"Shawshank Redemption, The (1994)",313
281,3,296,Pulp Fiction (1994),304
281,4,2571,"Matrix, The (1999)",277
281,5,593,"Silence of the Lambs, The (1991)",276
281,6,260,Star Wars: Episode IV - A New Hope (1977),250
281,7,480,Jurassic Park (1993),236
281,8,110,Braveheart (1995),234
281,9,589,Terminator 2: Judgment Day (1991),221
281,10,2959,Fight Club (1999),218
282,1,110,Braveheart (1995),234
282,2,1196,Star Wars: Episode V - The Empire Strikes Back (1980),210
282,3,47,Seven (a.k.a. Se7en) (1995),197
282,4,4993,"Lord of the Rings: The Fellowship of the Ring, The (2001)",197
282,5,1210,Star Wars: Episode VI - Return of the Jedi (1983),196
282,6,1198,Raiders of the Lost Ark (Indiana Jones and the Raiders of the Lost Ark) (1981),194
282,7,457,"Fugitive, The (1993)",189
282,8,5952,"Lord of the Rings: The Two Towers, The (2002)",187
282,9,7153,"Lord of the Rings: The Return of the King, The (2003)",185
282,10,608,Fargo (1996),180
283,1,296,Pulp Fiction (1994),304
283,2,2571,"Matrix, The (1999)",277
283,3,260,Star Wars: Episode IV - A New Hope (1977),250
283,4,480,Jurassic Park (1993),236
283,5,589,Terminator 2: Judgment Day (1991),221
283,6,2959,Fight Club (1999),218
283,7,527,Schindler's List (1993),214
283,8,1196,Star Wars: Episode V - The Empire Strikes Back (1980),210
283,9,2858,American Beauty (1999),202
283,10,50,"Usual Suspects, The (1995)",198
284,1,2571,"Matrix, The (1999)",277
284,2,593,"Silence of the Lambs, The (1991)",276
284,3,260,Star Wars: Episode IV - A New Hope (1977),250
284,4,2959,Fight Club (1999),218
284,5,1,Toy Story (1995),215
284,6,527,Schindler's List (1993),214
284,7,1196,Star Wars: Episode V - The Empire Strikes Back (1980),210
284,8,2858,American Beauty (1999),202
284,9,50,"Usual Suspects, The (1995)",198
284,10,4993,"Lord of the Rings: The Fellowship of the Ring, The (2001)",197
285,1,356,Forrest Gump (1994),325
285,2,318,"Shawshank Redemption, The (1994)",313
285,3,2571,"Matrix, The (1999)",277
285,4,593,"Silence of the Lambs, The (1991)",276
285,5,260,Star Wars: Episode IV - A New Hope (1977),250
285,6,480,Jurassic Park (1993),236
285,7,110,Braveheart (1995),234
285,8,589,Terminator 2: Judgment Day (1991),221
285,9,2959,Fight Club (1999),218
285,10,1,Toy Story (1995),215
286,1,318,"Shawshank Redemption, The (1994)",313
286,2,260,Star Wars: Episode IV - A New Hope (1977),250
286,3,480,Jurassic Park (1993),236
286,4,589,Terminator 2: Judgment Day (1991),221
286,5,1,Toy Story (1995),215
286,6,1196,Star Wars: Episode V - The Empire Strikes Back (1980),210
286,7,2858,American Beauty (1999),202
286,8,50,"Usual Suspects, The (1995)",198
286,9,780,Independence Day (a.k.a. ID4) (1996),196
286,10,1210,Star Wars: Episode VI - Return of the Jedi (1983),196
287,1,356,Forrest Gump (1994),325
287,2,318,"Shawshank Redemption, The (1994)",313
287,3,296,Pulp Fiction (1994),304
287,4,2571,"Matrix, The (1999)",277
287,5,593,"Silence of the Lambs, The (1991)",276
287,6,260,Star Wars: Episode IV - A New Hope (1977),250
287,7,480,Jurassic Park (1993),236
287,8,589,Terminator 2: Judgment Day (1991),221
287,9,1,Toy Story (1995),215
287,10,1196,Star Wars: Episode V - The Empire Strikes Back (1980),210
288,1,2858,American Beauty (1999),202
288,2,50,"Usual Suspects, The (1995)",198
288,3,858,"Godfather, The (1972)",188
288,4,165,Die Hard: With a Vengeance (1995),144
288,5,316,Stargate (1994),140
288,6,79132,Inception (2010),140
288,7,293,Léon: The Professional (a.k.a. The Professional) (Léon) (1994),131
288,8,1089,Reservoir Dogs (1992),131
288,9,1221,"Godfather: Part II, The (1974)",127
288,10,2683,Austin Powers: The Spy Who Shagged Me (1999),121
289,1,356,Forrest Gump (1994),325
289,2,318,"Shawshank Redemption, The (1994)",313
289,3,296,Pulp Fiction (1994),304
289,4,2571,"Matrix, The (1999)",277
289,5,593,"Silence of the Lambs, The (1991)",276
289,6,260,Star Wars: Episode IV - A New Hope (1977),250
289,7,480,Jurassic Park (1993),236
289,8,110,Braveheart (1995),234
289,9,589,Terminator 2: Judgment Day (1991),221
289,10,2959,Fight Club (1999),218
290,1,356,Forrest Gump (1994),325
290,2,2571,"Matrix, The (1999)",277
290,3,480,Jurassic Park (1993),236
290,4,110,Braveheart (1995),234
290,5,589,Terminator 2: Judgment Day (1991),221
290,6,47,Seven (a.k.a. Se7en) (1995),197
290,7,4993,"Lord of the Rings: The Fellowship of the Ring, The (2001)",197
290,8,780,Independence Day (a.k.a. ID4) (1996),196
290,9,1210,Star Wars: Episode VI - Return of the Jedi (1983),196
290,10,592,Batman (1989),188
291,1,356,Forrest Gump (1994),325
291,2,318,"Shawshank Redemption, The (1994)",313
291,3,296,Pulp Fiction (1994),304
291,4,2571,"Matrix, The (1999)",277
291,5,593,"Silence of the Lambs, The (1991)",276
291,6,260,Star Wars: Episode IV - A New Hope (1977),250
291,7,480,Jurassic Park (1993),236
291,8,110,Braveheart (1995),234
291,9,589,Terminator 2: Judgment Day (1991),221
291,10,2959,Fight Club (1999),218
292,1,527,Schindler's List (1993),214
292,2,2858,American Beauty (1999),202
292,3,150,Apollo 13 (1995),200
292,4,50,"Usual Suspects, The (1995)",198
292,5,47,Seven (a.k.a. Se7en) (1995),197
292,6,648,Mission: Impossible (1996),159
292,7,4226,Memento (2000),157
292,8,1197,"Princess Bride, The (1987)",141
292,9,316,Stargate (1994),140
292,10,1265,Groundhog Day (1993),140
293,1,356,Forrest Gump (1994),325
293,2,318,"Shawshank Redemption, The (1994)",313
293,3,296,Pulp Fiction (1994),304
293,4,2571,"Matrix, The (1999)",277
293,5,260,Star Wars: Episode IV - A New Hope (1977),250
293,6,480,Jurassic Park (1993),236
293,7,110,Braveheart (1995),234
293,8,589,Terminator 2: Judgment Day (1991),221
293,9,2959,Fight Club (1999),218
293,10,527,Schindler's List (1993),214
294,1,318,"Shawshank Redemption, The (1994)",313
294,2,2571,"Matrix, The (1999)",277
294,3,593,"Silence of the Lambs, The (1991)",276
294,4,480,Jurassic Park (1993),236
294,5,110,Braveheart (1995),234
294,6,589,Terminator 2: Judgment Day (1991),221
294,7,2959,Fight Club (1999),218
294,8,1,Toy Story (1995),215
294,9,527,Schindler's List (1993),214
294,10,150,Apollo 13 (1995),200
295,1,356,Forrest Gump (1994),325
295,2,2571,"Matrix, The (1999)",277
295,3,593,"Silence of the Lambs, The (1991)",276
295,4,260,Star Wars: Episode IV - A New Hope (1977),250
295,5,480,Jurassic Park (1993),236
295,6,110,Braveheart (1995),234
295,7,589,Terminator 2: Judgment Day (1991),221
295,8,1,Toy Story (1995),215
295,9,527,Schindler's List (1993),214
295,10,1196,Star Wars: Episode V - The Empire Strikes Back (1980),210
296,1,593,"Silence of the Lambs, The (1991)",276
296,2,260,Star Wars: Episode IV - A New Hope (1977),250
296,3,480,Jurassic Park (1993),236
296,4,589,Terminator 2: Judgment Day (1991),221
296,5,1,Toy Story (1995),215
296,6,1196,Star Wars: Episode V - The Empire Strikes Back (1980),210
296,7,2858,American Beauty (1999),202
296,8,150,Apollo 13 (1995),200
296,9,47,Seven (a.k.a. Se7en) (1995),197
296,10,4993,"Lord of the Rings: The Fellowship of the Ring, The (2001)",197
297,1,356,Forrest Gump (1994),325
297,2,318,"Shawshank Redemption, The (1994)",313
297,3,296,Pulp Fiction (1994),304
297,4,2571,"Matrix, The (1999)",277
297,5,260,Star Wars: Episode IV - A New Hope (1977),250
297,6,480,Jurassic Park (1993),236
297,7,110,Braveheart (1995),234
297,8,2959,Fight Club (1999),218
297,9,1,Toy Story (1995),215
297,10,527,Schindler's List (1993),214
298,1,593,"Silence of the Lambs, The (1991)",276
298,2,527,Schindler's List (1993),214
298,3,150,Apollo 13 (1995),200
298,4,457,"Fugitive, The (1993)",189
298,5,2028,Saving Private Ryan (1998),186
298,6,588,Aladdin (1992),181
298,7,2762,"Sixth Sense, The (1999)",178
298,8,380,True Lies (1994),176
298,9,364,"Lion King, The (1994)",172
298,10,377,Speed (1994),168
299,1,356,Forrest Gump (1994),325
299,2,318,"Shawshank Redemption, The (1994)",313
299,3,296,Pulp Fiction (1994),304
299,4,2571,"Matrix, The (1999)",277
299,5,593,"Silence of the Lambs, The (1991)",276
299,6,260,Star Wars: Episode IV - A New Hope (1977),250
299,7,480,Jurassic Park (1993),236
299,8,110,Braveheart (1995),234
299,9,589,Terminator 2: Judgment Day (1991),221
299,10,2959,Fight Club (1999),218
300,1,296,Pulp Fiction (1994),304
300,2,260,Star Wars: Episode IV - A New Hope (1977),250
300,3,480,Jurassic Park (1993),236
300,4,110,Braveheart (1995),234
300,5,589,Terminator 2: Judgment Day (1991),221
300,6,1,Toy Story (1995),215
300,7,1196,Star Wars: Episode V - The Empire Strikes Back (1980),210
300,8,150,Apollo 13 (1995),200
300,9,50,"Usual Suspects, The (1995)",198
300,10,47,Seven (a.k.a. Se7en) (1995),197
301,1,318,"Shawshank Redemption, The (1994)",313
301,2,2571,"Matrix, The (1999)",277
301,3,593,"Silence of the Lambs, The (1991)",276
301,4,260,Star Wars: Episode IV - A New Hope (1977),250
301,5,2959,Fight Club (1999),218
301,6,1,Toy Story (1995),215
301,7,1196,Star Wars: Episode V - The Empire Strikes Back (1980),210
301,8,150,Apollo 13 (1995),200
301,9,4993,"Lord of the Rings: The Fellowship of the Ring, The (2001)",197
301,10,1210,Star Wars: Episode VI - Return of the Jedi (1983),196
302,1,356,Forrest Gump (1994),325
302,2,318,"Shawshank Redemption, The (1994)",313
302,3,2571,"Matrix, The (1999)",277
302,4,593,"Silence of the Lambs, The (1991)",276
302,5,2959,Fight Club (1999),218
302,6,1,Toy Story (1995),215
302,7,527,Schindler's List (1993),214
302,8,1196,Star Wars: Episode V - The Empire Strikes Back (1980),210
302,9,2858,American Beauty (1999),202
302,10,150,Apollo 13 (1995),200
303,1,356,Forrest Gump (1994),325
303,2,318,"Shawshank Redemption, The (1994)",313
303,3,296,Pulp Fiction (1994),304
303,4,593,"Silence of the Lambs, The (1991)",276
303,5,110,Braveheart (1995),234
303,6,2959,Fight Club (1999),218
303,7,1,Toy Story (1995),215
303,8,527,Schindler's List (1993),214
303,9,2858,American Beauty (1999),202
303,10,150,Apollo 13 (1995),200
304,1,2959,Fight Club (1999),218
304,2,50,"Usual Suspects, The (1995)",198
304,3,47,Seven (a.k.a. Se7en) (1995),197
304,4,4993,"Lord of the Rings: The Fellowship of the Ring, The (2001)",197
304,5,592,Batman (1989),188
304,6,858,"Godfather, The (1972)",188
304,7,5952,"Lord of the Rings: The Two Towers, The (2002)",187
304,8,7153,"Lord of the Rings: The Return of the King, The (2003)",185
304,9,608,Fargo (1996),180
304,10,4306,Shrek (2001),168
305,1,110,Braveheart (1995),234
305,2,1,Toy Story (1995),215
305,3,150,Apollo 13 (1995),200
305,4,588,Aladdin (1992),181
305,5,364,"Lion King, The (1994)",172
305,6,4306,Shrek (2001),168
305,7,1580,Men in Black (a.k.a. MIB) (1997),162
305,8,344,Ace Ventura: Pet Detective (1994),161
305,9,367,"Mask, The (1994)",155
305,10,6539,Pirates of the Caribbean: The Curse of the Black Pearl (2003),149
306,1,356,Forrest Gump (1994),325
306,2,318,"Shawshank Redemption, The (1994)",313
306,3,296,Pulp Fiction (1994),304
306,4,2571,"Matrix, The (1999)",277
306,5,593,"Silence of the Lambs, The (1991)",276
306,6,260,Star Wars: Episode IV - A New Hope (1977),250
306,7,480,Jurassic Park (1993),236
306,8,110,Braveheart (1995),234
306,9,589,Terminator 2: Judgment Day (1991),221
306,10,2959,Fight Club (1999),218
307,1,2028,Saving Private Ryan (1998),186
307,2,380,True Lies (1994),176
307,3,316,Stargate (1994),140
307,4,79132,Inception (2010),140
307,5,293,Léon: The Professional (a.k.a. The Professional) (Léon) (1994),131
307,6,34,Babe (1995),127
307,7,1200,Aliens (1986),123
307,8,4973,"Amelie (Fabuleux destin d'Amélie Poulain, Le) (2001)",119
307,9,4963,Ocean's Eleven (2001),118
307,10,1527,"Fifth Element, The (1997)",116
308,1,296,Pulp Fiction (1994),304
308,2,593,"Silence of the Lambs, The (1991)",276
308,3,480,Jurassic Park (1993),236
308,4,1,Toy Story (1995),215
308,5,2858,American Beauty (1999),202
308,6,150,Apollo 13 (1995),200
308,7,47,Seven (a.k.a. Se7en) (1995),197
308,8,780,Independence Day (a.k.a. ID4) (1996),196
308,9,1210,Star Wars: Episode VI - Return of the Jedi (1983),196
308,10,592,Batman (1989),188
309,1,356,Forrest Gump (1994),325
309,2,593,"Silence of the Lambs, The (1991)",276
309,3,260,Star Wars: Episode IV - A New Hope (1977),250
309,4,480,Jurassic Park (1993),236
309,5,110,Braveheart (1995),234
309,6,589,Terminator 2: Judgment Day (1991),221
309,7,2959,Fight Club (1999),218
309,8,1,Toy Story (1995),215
309,9,1196,Star Wars: Episode V - The Empire Strikes Back (1980),210
309,10,2858,American Beauty (1999),202
310,1,356,Forrest Gump (1994),325
310,2,318,"Shawshank Redemption, The (1994)",313
310,3,296,Pulp Fiction (1994),304
310,4,2571,"Matrix, The (1999)",277
310,5,593,"Silence of the Lambs, The (1991)",276
310,6,260,Star Wars: Episode IV - A New Hope (1977),250
310,7,480,Jurassic Park (1993),236
310,8,110,Braveheart (1995),234
310,9,589,Terminator 2: Judgment Day (1991),221
310,10,2959,Fight Club (1999),218
311,1,356,Forrest Gump (1994),325
311,2,318,"Shawshank Redemption, The (1994)",313
311,3,296,Pulp Fiction (1994),304
311,4,2571,"Matrix, The (1999)",277
311,5,593,"Silence of the Lambs, The (1991)",276
311,6,260,Star Wars: Episode IV - A New Hope (1977),250
311,7,480,Jurassic Park (1993),236
311,8,110,Braveheart (1995),234
311,9,2959,Fight Club (1999),218
311,10,1,Toy Story (1995),215
312,1,318,"Shawshank Redemption, The (1994)",313
312,2,296,Pulp Fiction (1994),304
312,3,593,"Silence of the Lambs, The (1991)",276
312,4,2959,Fight Club (1999),218
312,5,1,Toy Story (1995),215
312,6,2858,American Beauty (1999),202
312,7,150,Apollo 13 (1995),200
312,8,50,"Usual Suspects, The (1995)",198
312,9,47,Seven (a.k.a. Se7en) (1995),197
312,10,4993,"Lord of the Rings: The Fellowship of the Ring, The (2001)",197
313,1,356,Forrest Gump (1994),325
313,2,110,Braveheart (1995),234
313,3,1,Toy Story (1995),215
313,4,527,Schindler's List (1993),214
313,5,150,Apollo 13 (1995),200
313,6,5952,"Lord of the Rings: The Two Towers, The (2002)",187
313,7,7153,"Lord of the Rings: The Return of the King, The (2003)",185
313,8,588,Aladdin (1992),181
313,9,364,"Lion King, The (1994)",172
313,10,4306,Shrek (2001),168
314,1,2571,"Matrix, The (1999)",277
314,2,260,Star Wars: Episode IV - A New Hope (1977),250
314,3,2959,Fight Club (1999),218
314,4,1196,Star Wars: Episode V - The Empire Strikes Back (1980),210
314,5,2858,American Beauty (1999),202
314,6,4993,"Lord of the Rings: The Fellowship of the Ring, The (2001)",197
314,7,1210,Star Wars: Episode VI - Return of the Jedi (1983),196
314,8,1198,Raiders of the Lost Ark (Indiana Jones and the Raiders of the Lost Ark) (1981),194
314,9,858,"Godfather, The (1972)",188
314,10,5952,"Lord of the Rings: The Two Towers, The (2002)",187
315,1,356,Forrest Gump (1994),325
315,2,318,"Shawshank Redemption, The (1994)",313
315,3,296,Pulp Fiction (1994),304
315,4,2571,"Matrix, The (1999)",277
315,5,593,"Silence of the Lambs, The (1991)",276
315,6,260,Star Wars: Episode IV - A New Hope (1977),250
315,7,480,Jurassic Park (1993),236
315,8,110,Braveheart (1995),234
315,9,589,Terminator 2: Judgment Day (1991),221
315,10,2959,Fight Club (1999),218
316,1,356,Forrest Gump (1994),325
316,2,318,"Shawshank Redemption, The (1994)",313
316,3,296,Pulp Fiction (1994),304
316,4,593,"Silence of the Lambs, The (1991)",276
316,5,260,Star Wars: Episode IV - A New Hope (1977),250
316,6,480,Jurassic Park (1993),236
316,7,110,Braveheart (1995),234
316,8,589,Terminator 2: Judgment Day (1991),221
316,9,2959,Fight Club (1999),218
316,10,1,Toy Story (1995),215
317,1,480,Jurassic Park (1993),236
317,2,1,Toy Story (1995),215
317,3,527,Schindler's List (1993),214
317,4,1196,Star Wars: Episode V - The Empire Strikes Back (1980),210
317,5,4993,"Lord of the Rings: The Fellowship of the Ring, The (2001)",197
317,6,780,Independence Day (a.k.a. ID4) (1996),196
317,7,1210,Star Wars: Episode VI - Return of the Jedi (1983),196
317,8,1198,Raiders of the Lost Ark (Indiana Jones and the Raiders of the Lost Ark) (1981),194
317,9,592,Batman (1989),188
317,10,5952,"Lord of the Rings: The Two Towers, The (2002)",187
318,1,110,Braveheart (1995),234
318,2,589,Terminator 2: Judgment Day (1991),221
318,3,2959,Fight Club (1999),218
318,4,1,Toy Story (1995),215
318,5,150,Apollo 13 (1995),200
318,6,50,"Usual Suspects, The (1995)",198
318,7,1198,Raiders of the Lost Ark (Indiana Jones and the Raiders of the Lost Ark) (1981),194
318,8,457,"Fugitive, The (1993)",189
318,9,592,Batman (1989),188
318,10,858,"Godfather, The (1972)",188
319,1,296,Pulp Fiction (1994),304
319,2,593,"Silence of the Lambs, The (1991)",276
319,3,260,Star Wars: Episode IV - A New Hope (1977),250
319,4,480,Jurassic Park (1993),236
319,5,589,Terminator 2: Judgment Day (1991),221
319,6,1,Toy Story (1995),215
319,7,1196,Star Wars: Episode V - The Empire Strikes Back (1980),210
319,8,2858,American Beauty (1999),202
319,9,150,Apollo 13 (1995),200
319,10,50,"Usual Suspects, The (1995)",198
320,1,356,Forrest Gump (1994),325
320,2,318,"Shawshank Redemption, The (1994)",313
320,3,296,Pulp Fiction (1994),304
320,4,2571,"Matrix, The (1999)",277
320,5,593,"Silence of the Lambs, The (1991)",276
320,6,260,Star Wars: Episode IV - A New Hope (1977),250
320,7,480,Jurassic Park (1993),236
320,8,110,Braveheart (1995),234
320,9,589,Terminator 2: Judgment Day (1991),221
320,10,2959,Fight Club (1999),218
321,1,318,"Shawshank Redemption, The (1994)",313
321,2,296,Pulp Fiction (1994),304
321,3,2571,"Matrix, The (1999)",277
321,4,260,Star Wars: Episode IV - A New Hope (1977),250
321,5,110,Braveheart (1995),234
321,6,2959,Fight Club (1999),218
321,7,1,Toy Story (1995),215
321,8,527,Schindler's List (1993),214
321,9,1196,Star Wars: Episode V - The Empire Strikes Back (1980),210
321,10,2858,American Beauty (1999),202
322,1,593,"Silence of the Lambs, The (1991)",276
322,2,260,Star Wars: Episode IV - A New Hope (1977),250
322,3,589,Terminator 2: Judgment Day (1991),221
322,4,527,Schindler's List (1993),214
322,5,1196,Star Wars: Episode V - The Empire Strikes Back (1980),210
322,6,1210,Star Wars: Episode VI - Return of the Jedi (1983),196
322,7,1198,Raiders of the Lost Ark (Indiana Jones and the Raiders of the Lost Ark) (1981),194
322,8,457,"Fugitive, The (1993)",189
322,9,592,Batman (1989),188
322,10,5952,"Lord of the Rings: The Two Towers, The (2002)",187
323,1,593,"Silence of the Lambs, The (1991)",276
323,2,589,Terminator 2: Judgment Day (1991),221
323,3,2959,Fight Club (1999),218
323,4,2858,American Beauty (1999),202
323,5,47,Seven (a.k.a. Se7en) (1995),197
323,6,4993,"Lord of the Rings: The Fellowship of the Ring, The (2001)",197
323,7,780,Independence Day (a.k.a. ID4) (1996),196
323,8,1210,Star Wars: Episode VI - Return of the Jedi (1983),196
323,9,592,Batman (1989),188
323,10,858,"Godfather, The (1972)",188
324,1,356,Forrest Gump (1994),325
324,2,318,"Shawshank Redemption, The (1994)",313
324,3,296,Pulp Fiction (1994),304
324,4,2571,"Matrix, The (1999)",277
324,5,593,"Silence of the Lambs, The (1991)",276
324,6,260,Star Wars: Episode IV - A New Hope (1977),250
324,7,480,Jurassic Park (1993),236
324,8,110,Braveheart (1995),234
324,9,589,Terminator 2: Judgment Day (1991),221
324,10,2959,Fight Club (1999),218
325,1,2571,"Matrix, The (1999)",277
325,2,260,Star Wars: Episode IV - A New Hope (1977),250
325,3,480,Jurassic Park (1993),236
325,4,110,Braveheart (1995),234
325,5,589,Terminator 2: Judgment Day (1991),221
325,6,2959,Fight Club (1999),218
325,7,1,Toy Story (1995),215
325,8,527,Schindler's List (1993),214
325,9,2858,American Beauty (1999),202
325,10,150,Apollo 13 (1995),200
326,1,260,Star Wars: Episode IV - A New Hope (1977),250
326,2,480,Jurassic Park (1993),236
326,3,589,Terminator 2: Judgment Day (1991),221
326,4,1,Toy Story (1995),215
326,5,1196,Star Wars: Episode V - The Empire Strikes Back (1980),210
326,6,150,Apollo 13 (1995),200
326,7,780,Independence Day (a.k.a. ID4) (1996),196
326,8,1210,Star Wars: Episode VI - Return of the Jedi (1983),196
326,9,1198,Raiders of the Lost Ark (Indiana Jones and the Raiders of the Lost Ark) (1981),194
326,10,457,"Fugitive, The (1993)",189
327,1,296,Pulp Fiction (1994),304
327,2,2571,"Matrix, The (1999)",277
327,3,593,"Silence of the Lambs, The (1991)",276
327,4,260,Star Wars: Episode IV - A New Hope (1977),250
327,5,480,Jurassic Park (1993),236
327,6,110,Braveheart (1995),234
327,7,589,Terminator 2: Judgment Day (1991),221
327,8,2959,Fight Club (1999),218
327,9,1,Toy Story (1995),215
327,10,527,Schindler's List (1993),214
328,1,593,"Silence of the Lambs, The (1991)",276
328,2,2858,American Beauty (1999),202
328,3,4993,"Lord of the Rings: The Fellowship of the Ring, The (2001)",197
328,4,780,Independence Day (a.k.a. ID4) (1996),196
328,5,588,Aladdin (1992),181
328,6,380,True Lies (1994),176
328,7,32,Twelve Monkeys (a.k.a. 12 Monkeys) (1995),173
328,8,377,Speed (1994),168
328,9,3578,Gladiator (2000),166
328,10,590,Dances with Wolves (1990),162
329,1,356,Forrest Gump (1994),325
329,2,296,Pulp Fiction (1994),304
329,3,2571,"Matrix, The (1999)",277
329,4,260,Star Wars: Episode IV - A New Hope (1977),250
329,5,480,Jurassic Park (1993),236
329,6,110,Braveheart (1995),234
329,7,589,Terminator 2: Judgment Day (1991),221
329,8,2959,Fight Club (1999),218
329,9,1,Toy Story (1995),215
329,10,527,Schindler's List (1993),214
330,1,527,Schindler's List (1993),214
330,2,6539,Pirates of the Caribbean: The Curse of the Black Pearl (2003),149
330,3,165,Die Hard: With a Vengeance (1995),144
330,4,1036,Die Hard (1988),143
330,5,1704,Good Will Hunting (1997),139
330,6,10,GoldenEye (1995),132
330,7,293,Léon: The Professional (a.k.a. The Professional) (Léon) (1994),131
330,8,1221,"Godfather: Part II, The (1974)",127
330,9,4995,"Beautiful Mind, A (2001)",122
330,10,4973,"Amelie (Fabuleux destin d'Amélie Poulain, Le) (2001)",119
331,1,356,Forrest Gump (1994),325
331,2,2571,"Matrix, The (1999)",277
331,3,260,Star Wars: Episode IV - A New Hope (1977),250
331,4,480,Jurassic Park (1993),236
331,5,110,Braveheart (1995),234
331,6,589,Terminator 2: Judgment Day (1991),221
331,7,1,Toy Story (1995),215
331,8,527,Schindler's List (1993),214
331,9,1196,Star Wars: Episode V - The Empire Strikes Back (1980),210
331,10,2858,American Beauty (1999),202
332,1,260,Star Wars: Episode IV - A New Hope (1977),250
332,2,1198,Raiders of the Lost Ark (Indiana Jones and the Raiders of the Lost Ark) (1981),194
332,3,457,"Fugitive, The (1993)",189
332,4,592,Batman (1989),188
332,5,858,"Godfather, The (1972)",188
332,6,588,Aladdin (1992),181
332,7,380,True Lies (1994),176
332,8,364,"Lion King, The (1994)",172
332,9,1580,Men in Black (a.k.a. MIB) (1997),162
332,10,344,Ace Ventura: Pet Detective (1994),161
333,1,356,Forrest Gump (1994),325
333,2,318,"Shawshank Redemption, The (1994)",313
333,3,296,Pulp Fiction (1994),304
333,4,2571,"Matrix, The (1999)",277
333,5,593,"Silence of the Lambs, The (1991)",276
333,6,260,Star Wars: Episode IV - A New Hope (1977),250
333,7,480,Jurassic Park (1993),236
333,8,110,Braveheart (1995),234
333,9,589,Terminator 2: Judgment Day (1991),221
333,10,2959,Fight Club (1999),218
334,1,593,"Silence of the Lambs, The (1991)",276
334,2,110,Braveheart (1995),234
334,3,527,Schindler's List (1993),214
334,4,2858,American Beauty (1999),202
334,5,150,Apollo 13 (1995),200
334,6,50,"Usual Suspects, The (1995)",198
334,7,780,Independence Day (a.k.a. ID4) (1996),196
334,8,457,"Fugitive, The (1993)",189
334,9,592,Batman (1989),188
334,10,858,"Godfather, The (1972)",188
335,1,260,Star Wars: Episode IV - A New Hope (1977),250
335,2,480,Jurassic Park (1993),236
335,3,2959,Fight Club (1999),218
335,4,1,Toy Story (1995),215
335,5,527,Schindler's List (1993),214
335,6,2858,American Beauty (1999),202
335,7,150,Apollo 13 (1995),200
335,8,50,"Usual Suspects, The (1995)",198
335,9,47,Seven (a.k.a. Se7en) (1995),197
335,10,4993,"Lord of the Rings: The Fellowship of the Ring, The (2001)",197
336,1,260,Star Wars: Episode IV - A New Hope (1977),250
336,2,480,Jurassic Park (1993),236
336,3,1196,Star Wars: Episode V - The Empire Strikes Back (1980),210
336,4,4993,"Lord of the Rings: The Fellowship of the Ring, The (2001)",197
336,5,780,Independence Day (a.k.a. ID4) (1996),196
336,6,1210,Star Wars: Episode VI - Return of the Jedi (1983),196
336,7,1198,Raiders of the Lost Ark (Indiana Jones and the Raiders of the Lost Ark) (1981),194
336,8,457,"Fugitive, The (1993)",189
336,9,592,Batman (1989),188
336,10,5952,"Lord of the Rings: The Two Towers, The (2002)",187
337,1,356,Forrest Gump (1994),325
337,2,296,Pulp Fiction (1994),304
337,3,2571,"Matrix, The (1999)",277
337,4,593,"Silence of the Lambs, The (1991)",276
337,5,480,Jurassic Park (1993),236
337,6,589,Terminator 2: Judgment Day (1991),221
337,7,2959,Fight Club (1999),218
337,8,527,Schindler's List (1993),214
337,9,1196,Star Wars: Episode V - The Empire Strikes Back (1980),210
337,10,2858,American Beauty (1999),202
338,1,356,Forrest Gump (1994),325
338,2,2571,"Matrix, The (1999)",277
338,3,260,Star Wars: Episode IV - A New Hope (1977),250
338,4,480,Jurassic Park (1993),236
338,5,110,Braveheart (1995),234
338,6,589,Terminator 2: Judgment Day (1991),221
338,7,1,Toy Story (1995),215
338,8,1196,Star Wars: Episode V - The Empire Strikes Back (1980),210
338,9,2858,American Beauty (1999),202
338,10,150,Apollo 13 (1995),200
339,1,2571,"Matrix, The (1999)",277
339,2,260,Star Wars: Episode IV - A New Hope (1977),250
339,3,110,Braveheart (1995),234
339,4,589,Terminator 2: Judgment Day (1991),221
339,5,1196,Star Wars: Episode V - The Empire Strikes Back (1980),210
339,6,50,"Usual Suspects, The (1995)",198
339,7,780,Independence Day (a.k.a. ID4) (1996),196
339,8,1210,Star Wars: Episode VI - Return of the Jedi (1983),196
339,9,588,Aladdin (1992),181
339,10,380,True Lies (1994),176
340,1,2571,"Matrix, The (1999)",277
340,2,593,"Silence of the Lambs, The (1991)",276
340,3,260,Star Wars: Episode IV - A New Hope (1977),250
340,4,589,Terminator 2: Judgment Day (1991),221
340,5,2959,Fight Club (1999),218
340,6,1,Toy Story (1995),215
340,7,527,Schindler's List (1993),214
340,8,1196,Star Wars: Episode V - The Empire Strikes Back (1980),210
340,9,2858,American Beauty (1999),202
340,10,50,"Usual Suspects, The (1995)",198
341,1,318,"Shawshank Redemption, The (1994)",313
341,2,296,Pulp Fiction (1994),304
341,3,2571,"Matrix, The (1999)",277
341,4,593,"Silence of the Lambs, The (1991)",276
341,5,260,Star Wars: Episode IV - A New Hope (1977),250
341,6,110,Braveheart (1995),234
341,7,589,Terminator 2: Judgment Day (1991),221
341,8,2959,Fight Club (1999),218
341,9,527,Schindler's List (1993),214
341,10,1196,Star Wars: Episode V - The Empire Strikes Back (1980),210
342,1,356,Forrest Gump (1994),325
342,2,318,"Shawshank Redemption, The (1994)",313
342,3,296,Pulp Fiction (1994),304
342,4,2571,"Matrix, The (1999)",277
342,5,593,"Silence of the Lambs, The (1991)",276
342,6,260,Star Wars: Episode IV - A New Hope (1977),250
342,7,480,Jurassic Park (1993),236
342,8,110,Braveheart (1995),234
342,9,589,Terminator 2: Judgment Day (1991),221
342,10,1,Toy Story (1995),215
343,1,356,Forrest Gump (1994),325
343,2,480,Jurassic Park (1993),236
343,3,110,Braveheart (1995),234
343,4,589,Terminator 2: Judgment Day (1991),221
343,5,1,Toy Story (1995),215
343,6,527,Schindler's List (1993),214
343,7,150,Apollo 13 (1995),200
343,8,47,Seven (a.k.a. Se7en) (1995),197
343,9,780,Independence Day (a.k.a. ID4) (1996),196
343,10,1210,Star Wars: Episode VI - Return of the Jedi (1983),196
344,1,296,Pulp Fiction (1994),304
344,2,593,"Silence of the Lambs, The (1991)",276
344,3,480,Jurassic Park (1993),236
344,4,589,Terminator 2: Judgment Day (1991),221
344,5,2959,Fight Club (1999),218
344,6,1,Toy Story (1995),215
344,7,527,Schindler's List (1993),214
344,8,1196,Star Wars: Episode V - The Empire Strikes Back (1980),210
344,9,150,Apollo 13 (1995),200
344,10,50,"Usual Suspects, The (1995)",198
345,1,356,Forrest Gump (1994),325
345,2,318,"Shawshank Redemption, The (1994)",313
345,3,296,Pulp Fiction (1994),304
345,4,2571,"Matrix, The (1999)",277
345,5,593,"Silence of the Lambs, The (1991)",276
345,6,260,Star Wars: Episode IV - A New Hope (1977),250
345,7,480,Jurassic Park (1993),236
345,8,110,Braveheart (1995),234
345,9,589,Terminator 2: Judgment Day (1991),221
345,10,2959,Fight Club (1999),218
346,1,356,Forrest Gump (1994),325
346,2,318,"Shawshank Redemption, The (1994)",313
346,3,2571,"Matrix, The (1999)",277
346,4,593,"Silence of the Lambs, The (1991)",276
346,5,260,Star Wars: Episode IV - A New Hope (1977),250
346,6,110,Braveheart (1995),234
346,7,589,Terminator 2: Judgment Day (1991),221
346,8,1,Toy Story (1995),215
346,9,1196,Star Wars: Episode V - The Empire Strikes Back (1980),210
346,10,150,Apollo 13 (1995),200
347,1,318,"Shawshank Redemption, The (1994)",313
347,2,296,Pulp Fiction (1994),304
347,3,2571,"Matrix, The (1999)",277
347,4,593,"Silence of the Lambs, The (1991)",276
347,5,260,Star Wars: Episode IV - A New Hope (1977),250
347,6,2959,Fight Club (1999),218
347,7,527,Schindler's List (1993),214
347,8,1196,Star Wars: Episode V - The Empire Strikes Back (1980),210
347,9,2858,American Beauty (1999),202
347,10,50,"Usual Suspects, The (1995)",198
348,1,356,Forrest Gump (1994),325
348,2,2571,"Matrix, The (1999)",277
348,3,480,Jurassic Park (1993),236
348,4,110,Braveheart (1995),234
348,5,589,Terminator 2: Judgment Day (1991),221
348,6,1,Toy Story (1995),215
348,7,150,Apollo 13 (1995),200
348,8,47,Seven (a.k.a. Se7en) (1995),197
348,9,780,Independence Day (a.k.a. ID4) (1996),196
348,10,1210,Star Wars: Episode VI - Return of the Jedi (1983),196
349,1,318,"Shawshank Redemption, The (1994)",313
349,2,2571,"Matrix, The (1999)",277
349,3,260,Star Wars: Episode IV - A New Hope (1977),250
349,4,110,Braveheart (1995),234
349,5,2959,Fight Club (1999),218
349,6,1,Toy Story (1995),215
349,7,1196,Star Wars: Episode V - The Empire Strikes Back (1980),210
349,8,2858,American Beauty (1999),202
349,9,150,Apollo 13 (1995),200
349,10,50,"Usual Suspects, The (1995)",198
350,1,356,Forrest Gump (1994),325
350,2,318,"Shawshank Redemption, The (1994)",313
350,3,296,Pulp Fiction (1994),304
350,4,2571,"Matrix, The (1999)",277
350,5,593,"Silence of the Lambs, The (1991)",276
350,6,480,Jurassic Park (1993),236
350,7,110,Braveheart (1995),234
350,8,589,Terminator 2: Judgment Day (1991),221
350,9,2959,Fight Club (1999),218
350,10,527,Schindler's List (1993),214
351,1,318,"Shawshank Redemption, The (1994)",313
351,2,260,Star Wars: Episode IV - A New Hope (1977),250
351,3,110,Braveheart (1995),234
351,4,589,Terminator 2: Judgment Day (1991),221
351,5,1,Toy Story (1995),215
351,6,527,Schindler's List (1993),214
351,7,1196,Star Wars: Episode V - The Empire Strikes Back (1980),210
351,8,2858,American Beauty (1999),202
351,9,150,Apollo 13 (1995),200
351,10,50,"Usual Suspects, The (1995)",198
352,1,480,Jurassic Park (1993),236
352,2,110,Braveheart (1995),234
352,3,589,Terminator 2: Judgment Day (1991),221
352,4,1,Toy Story (1995),215
352,5,150,Apollo 13 (1995),200
352,6,780,Independence Day (a.k.a. ID4) (1996),196
352,7,1210,Star Wars: Episode VI - Return of the Jedi (1983),196
352,8,457,"Fugitive, The (1993)",189
352,9,592,Batman (1989),188
352,10,858,"Godfather, The (1972)",188
353,1,356,Forrest Gump (1994),325
353,2,2571,"Matrix, The (1999)",277
353,3,260,Star Wars: Episode IV - A New Hope (1977),250
353,4,480,Jurassic Park (1993),236
353,5,589,Terminator 2: Judgment Day (1991),221
353,6,2959,Fight Club (1999),218
353,7,527,Schindler's List (1993),214
353,8,1196,Star Wars: Episode V - The Empire Strikes Back (1980),210
353,9,2858,American Beauty (1999),202
353,10,150,Apollo 13 (1995),200
354,1,110,Braveheart (1995),234
354,2,1,Toy Story (1995),215
354,3,4993,"Lord of the Rings: The Fellowship of the Ring, The (2001)",197
354,4,1198,Raiders of the Lost Ark (Indiana Jones and the Raiders of the Lost Ark) (1981),194
354,5,5952,"Lord of the Rings: The Two Towers, The (2002)",187
354,6,7153,"Lord of the Rings: The Return of the King, The (2003)",185
354,7,608,Fargo (1996),180
354,8,364,"Lion King, The (1994)",172
354,9,590,Dances with Wolves (1990),162
354,10,4226,Memento (2000),157
355,1,356,Forrest Gump (1994),325
355,2,318,"Shawshank Redemption, The (1994)",313
355,3,296,Pulp Fiction (1994),304
355,4,2571,"Matrix, The (1999)",277
355,5,593,"Silence of the Lambs, The (1991)",276
355,6,260,Star Wars: Episode IV - A New Hope (1977),250
355,7,110,Braveheart (1995),234
355,8,589,Terminator 2: Judgment Day (1991),221
355,9,2959,Fight Club (1999),218
355,10,1,Toy Story (1995),215
356,1,296,Pulp Fiction (1994),304
356,2,593,"Silence of the Lambs, The (1991)",276
356,3,260,Star Wars: Episode IV - A New Hope (1977),250
356,4,480,Jurassic Park (1993),236
356,5,110,Braveheart (1995),234
356,6,589,Terminator 2: Judgment Day (1991),221
356,7,1,Toy Story (1995),215
356,8,527,Schindler's List (1993),214
356,9,1196,Star Wars: Episode V - The Empire Strikes Back (1980),210
356,10,150,Apollo 13 (1995),200
357,1,2571,"Matrix, The (1999)",277
357,2,47,Seven (a.k.a. Se7en) (1995),197
357,3,4993,"Lord of the Rings: The Fellowship of the Ring, The (2001)",197
357,4,457,"Fugitive, The (1993)",189
357,5,5952,"Lord of the Rings: The Two Towers, The (2002)",187
357,6,380,True Lies (1994),176
357,7,32,Twelve Monkeys (a.k.a. 12 Monkeys) (1995),173
357,8,377,Speed (1994),168
357,9,344,Ace Ventura: Pet Detective (1994),161
357,10,648,Mission: Impossible (1996),159
358,1,356,Forrest Gump (1994),325
358,2,318,"Shawshank Redemption, The (1994)",313
358,3,296,Pulp Fiction (1994),304
358,4,2571,"Matrix, The (1999)",277
358,5,593,"Silence of the Lambs, The (1991)",276
358,6,260,Star Wars: Episode IV - A New Hope (1977),250
358,7,480,Jurassic Park (1993),236
358,8,110,Braveheart (1995),234
358,9,589,Terminator 2: Judgment Day (1991),221
358,10,2959,Fight Club (1999),218
359,1,356,Forrest Gump (1994),325
359,2,318,"Shawshank Redemption, The (1994)",313
359,3,260,Star Wars: Episode IV - A New Hope (1977),250
359,4,110,Braveheart (1995),234
359,5,2959,Fight Club (1999),218
359,6,1196,Star Wars: Episode V - The Empire Strikes Back (1980),210
359,7,50,"Usual Suspects, The (1995)",198
359,8,47,Seven (a.k.a. Se7en) (1995),197
359,9,4993,"Lord of the Rings: The Fellowship of the Ring, The (2001)",197
359,10,1210,Star Wars: Episode VI - Return of the Jedi (1983),196
360,1,356,Forrest Gump (1994),325
360,2,318,"Shawshank Redemption, The (1994)",313
360,3,296,Pulp Fiction (1994),304
360,4,2571,"Matrix, The (1999)",277
360,5,593,"Silence of the Lambs, The (1991)",276
360,6,260,Star Wars: Episode IV - A New Hope (1977),250
360,7,480,Jurassic Park (1993),236
360,8,110,Braveheart (1995),234
360,9,589,Terminator 2: Judgment Day (1991),221
360,10,2959,Fight Club (1999),218
361,1,296,Pulp Fiction (1994),304
361,2,2571,"Matrix, The (1999)",277
361,3,480,Jurassic Park (1993),236
361,4,110,Braveheart (1995),234
361,5,2959,Fight Club (1999),218
361,6,1,Toy Story (1995),215
361,7,1196,Star Wars: Episode V - The Empire Strikes Back (1980),210
361,8,50,"Usual Suspects, The (1995)",198
361,9,47,Seven (a.k.a. Se7en) (1995),197
361,10,1198,Raiders of the Lost Ark (Indiana Jones and the Raiders of the Lost Ark) (1981),194
362,1,480,Jurassic Park (1993),236
362,2,1,Toy Story (1995),215
362,3,527,Schindler's List (1993),214
362,4,2858,American Beauty (1999),202
362,5,150,Apollo 13 (1995),200
362,6,780,Independence Day (a.k.a. ID4) (1996),196
362,7,1210,Star Wars: Episode VI - Return of the Jedi (1983),196
362,8,1198,Raiders of the Lost Ark (Indiana Jones and the Raiders of the Lost Ark) (1981),194
362,9,457,"Fugitive, The (1993)",189
362,10,2028,Saving Private Ryan (1998),186
363,1,356,Forrest Gump (1994),325
363,2,593,"Silence of the Lambs, The (1991)",276
363,3,480,Jurassic Park (1993),236
363,4,110,Braveheart (1995),234
363,5,589,Terminator 2: Judgment Day (1991),221
363,6,2959,Fight Club (1999),218
363,7,1,Toy Story (1995),215
363,8,527,Schindler's List (1993),214
363,9,2858,American Beauty (1999),202
363,10,150,Apollo 13 (1995),200
364,1,356,Forrest Gump (1994),325
364,2,318,"Shawshank Redemption, The (1994)",313
364,3,296,Pulp Fiction (1994),304
364,4,2571,"Matrix, The (1999)",277
364,5,593,"Silence of the Lambs, The (1991)",276
364,6,480,Jurassic Park (1993),236
364,7,110,Braveheart (1995),234
364,8,589,Terminator 2: Judgment Day (1991),221
364,9,2959,Fight Club (1999),218
364,10,527,Schindler's List (1993),214
365,1,296,Pulp Fiction (1994),304
365,2,2571,"Matrix, The (1999)",277
365,3,480,Jurassic Park (1993),236
365,4,110,Braveheart (1995),234
365,5,589,Terminator 2: Judgment Day (1991),221
365,6,2959,Fight Club (1999),218
365,7,1,Toy Story (1995),215
365,8,527,Schindler's List (1993),214
365,9,150,Apollo 13 (1995),200
365,10,50,"Usual Suspects, The (1995)",198
366,1,356,Forrest Gump (1994),325
366,2,318,"Shawshank Redemption, The (1994)",313
366,3,296,Pulp Fiction (1994),304
366,4,2571,"Matrix, The (1999)",277
366,5,593,"Silence of the Lambs, The (1991)",276
366,6,260,Star Wars: Episode IV - A New Hope (1977),250
366,7,480,Jurassic Park (1993),236
366,8,1,Toy Story (1995),215
366,9,527,Schindler's List (1993),214
366,10,1196,Star Wars: Episode V - The Empire Strikes Back (1980),210
367,1,296,Pulp Fiction (1994),304
367,2,2571,"Matrix, The (1999)",277
367,3,480,Jurassic Park (1993),236
367,4,110,Braveheart (1995),234
367,5,589,Terminator 2: Judgment Day (1991),221
367,6,2959,Fight Club (1999),218
367,7,2858,American Beauty (1999),202
367,8,50,"Usual Suspects, The (1995)",198
367,9,47,Seven (a.k.a. Se7en) (1995),197
367,10,4993,"Lord of the Rings: The Fellowship of the Ring, The (2001)",197
368,1,318,"Shawshank Redemption, The (1994)",313
368,2,2959,Fight Club (1999),218
368,3,1,Toy Story (1995),215
368,4,150,Apollo 13 (1995),200
368,5,4993,"Lord of the Rings: The Fellowship of the Ring, The (2001)",197
368,6,5952,"Lord of the Rings: The Two Towers, The (2002)",187
368,7,7153,"Lord of the Rings: The Return of the King, The (2003)",185
368,8,588,Aladdin (1992),181
368,9,32,Twelve Monkeys (a.k.a. 12 Monkeys) (1995),173
368,10,364,"Lion King, The (1994)",172
369,1,356,Forrest Gump (1994),325
369,2,318,"Shawshank Redemption, The (1994)",313
369,3,296,Pulp Fiction (1994),304
369,4,593,"Silence of the Lambs, The (1991)",276
369,5,480,Jurassic Park (1993),236
369,6,110,Braveheart (1995),234
369,7,589,Terminator 2: Judgment Day (1991),221
369,8,1,Toy Story (1995),215
369,9,527,Schindler's List (1993),214
369,10,2858,American Beauty (1999),202
370,1,356,Forrest Gump (1994),325
370,2,480,Jurassic Park (1993),236
370,3,110,Braveheart (1995),234
370,4,1,Toy Story (1995),215
370,5,527,Schindler's List (1993),214
370,6,150,Apollo 13 (1995),200
370,7,780,Independence Day (a.k.a. ID4) (1996),196
370,8,457,"Fugitive, The (1993)",189
370,9,858,"Godfather, The (1972)",188
370,10,2028,Saving Private Ryan (1998),186
371,1,356,Forrest Gump (1994),325
371,2,318,"Shawshank Redemption, The (1994)",313
371,3,296,Pulp Fiction (1994),304
371,4,593,"Silence of the Lambs, The (1991)",276
371,5,260,Star Wars: Episode IV - A New Hope (1977),250
371,6,480,Jurassic Park (1993),236
371,7,110,Braveheart (1995),234
371,8,589,Terminator 2: Judgment Day (1991),221
371,9,2959,Fight Club (1999),218
371,10,1,Toy Story (1995),215
372,1,2571,"Matrix, The (1999)",277
372,2,480,Jurassic Park (1993),236
372,3,2959,Fight Club (1999),218
372,4,2858,American Beauty (1999),202
372,5,4993,"Lord of the Rings: The Fellowship of the Ring, The (2001)",197
372,6,780,Independence Day (a.k.a. ID4) (1996),196
372,7,1198,Raiders of the Lost Ark (Indiana Jones and the Raiders of the Lost Ark) (1981),194
372,8,5952,"Lord of the Rings: The Two Towers, The (2002)",187
372,9,2028,Saving Private Ryan (1998),186
372,10,7153,"Lord of the Rings: The Return of the King, The (2003)",185
373,1,2571,"Matrix, The (1999)",277
373,2,260,Star Wars: Episode IV - A New Hope (1977),250
373,3,2959,Fight Club (1999),218
373,4,1196,Star Wars: Episode V - The Empire Strikes Back (1980),210
373,5,2858,American Beauty (1999),202
373,6,4993,"Lord of the Rings: The Fellowship of the Ring, The (2001)",197
373,7,780,Independence Day (a.k.a. ID4) (1996),196
373,8,1210,Star Wars: Episode VI - Return of the Jedi (1983),196
373,9,1198,Raiders of the Lost Ark (Indiana Jones and the Raiders of the Lost Ark) (1981),194
373,10,858,"Godfather, The (1972)",188
374,1,2571,"Matrix, The (1999)",277
374,2,593,"Silence of the Lambs, The (1991)",276
374,3,260,Star Wars: Episode IV - A New Hope (1977),250
374,4,589,Terminator 2: Judgment Day (1991),221
374,5,2959,Fight Club (1999),218
374,6,1,Toy Story (1995),215
374,7,527,Schindler's List (1993),214
374,8,1196,Star Wars: Episode V - The Empire Strikes Back (1980),210
374,9,2858,American Beauty (1999),202
374,10,50,"Usual Suspects, The (1995)",198
375,1,296,Pulp Fiction (1994),304
375,2,2571,"Matrix, The (1999)",277
375,3,593,"Silence of the Lambs, The (1991)",276
375,4,260,Star Wars: Episode IV - A New Hope (1977),250
375,5,480,Jurassic Park (1993),236
375,6,110,Braveheart (1995),234
375,7,589,Terminator 2: Judgment Day (1991),221
375,8,2959,Fight Club (1999),218
375,9,1,Toy Story (1995),215
375,10,527,Schindler's List (1993),214
376,1,318,"Shawshank Redemption, The (1994)",313
376,2,296,Pulp Fiction (1994),304
376,3,593,"Silence of the Lambs, The (1991)",276
376,4,2959,Fight Club (1999),218
376,5,1,Toy Story (1995),215
376,6,2858,American Beauty (1999),202
376,7,50,"Usual Suspects, The (1995)",198
376,8,47,Seven (a.k.a. Se7en) (1995),197
376,9,592,Batman (1989),188
376,10,2028,Saving Private Ryan (1998),186
377,1,356,Forrest Gump (1994),325
377,2,318,"Shawshank Redemption, The (1994)",313
377,3,296,Pulp Fiction (1994),304
377,4,2571,"Matrix, The (1999)",277
377,5,593,"Silence of the Lambs, The (1991)",276
377,6,260,Star Wars: Episode IV - A New Hope (1977),250
377,7,480,Jurassic Park (1993),236
377,8,110,Braveheart (1995),234
377,9,589,Terminator 2: Judgment Day (1991),221
377,10,2959,Fight Club (1999),218
378,1,356,Forrest Gump (1994),325
378,2,296,Pulp Fiction (1994),304
378,3,2571,"Matrix, The (1999)",277
378,4,260,Star Wars: Episode IV - A New Hope (1977),250
378,5,480,Jurassic Park (1993),236
378,6,110,Braveheart (1995),234
378,7,589,Terminator 2: Judgment Day (1991),221
378,8,1196,Star Wars: Episode V - The Empire Strikes Back (1980),210
378,9,2858,American Beauty (1999),202
378,10,150,Apollo 13 (1995),200
379,1,2571,"Matrix, The (1999)",277
379,2,593,"Silence of the Lambs, The (1991)",276
379,3,260,Star Wars: Episode IV - A New Hope (1977),250
379,4,2959,Fight Club (1999),218
379,5,1,Toy Story (1995),215
379,6,527,Schindler's List (1993),214
379,7,1196,Star Wars: Episode V - The Empire Strikes Back (1980),210
379,8,2858,American Beauty (1999),202
379,9,50,"Usual Suspects, The (1995)",198
379,10,4993,"Lord of the Rings: The Fellowship of the Ring, The (2001)",197
380,1,527,Schindler's List (1993),214
380,2,2858,American Beauty (1999),202
380,3,150,Apollo 13 (1995),200
380,4,590,Dances with Wolves (1990),162
380,5,1704,Good Will Hunting (1997),139
380,6,597,Pretty Woman (1990),133
380,7,7361,Eternal Sunshine of the Spotless Mind (2004),125
380,8,2329,American History X (1998),122
380,9,4995,"Beautiful Mind, A (2001)",122
380,10,1206,"Clockwork Orange, A (1971)",119
381,1,296,Pulp Fiction (1994),304
381,2,593,"Silence of the Lambs, The (1991)",276
381,3,110,Braveheart (1995),234
381,4,527,Schindler's List (1993),214
381,5,2858,American Beauty (1999),202
381,6,592,Batman (1989),188
381,7,858,"Godfather, The (1972)",188
381,8,2028,Saving Private Ryan (1998),186
381,9,3578,Gladiator (2000),166
381,10,590,Dances with Wolves (1990),162
382,1,480,Jurassic Park (1993),236
382,2,110,Braveheart (1995),234
382,3,589,Terminator 2: Judgment Day (1991),221
382,4,2858,American Beauty (1999),202
382,5,47,Seven (a.k.a. Se7en) (1995),197
382,6,780,Independence Day (a.k.a. ID4) (1996),196
382,7,457,"Fugitive, The (1993)",189
382,8,592,Batman (1989),188
382,9,608,Fargo (1996),180
382,10,2762,"Sixth Sense, The (1999)",178
383,1,356,Forrest Gump (1994),325
383,2,318,"Shawshank Redemption, The (1994)",313
383,3,296,Pulp Fiction (1994),304
383,4,2571,"Matrix, The (1999)",277
383,5,593,"Silence of the Lambs, The (1991)",276
383,6,260,Star Wars: Episode IV - A New Hope (1977),250
383,7,480,Jurassic Park (1993),236
383,8,110,Braveheart (1995),234
383,9,589,Terminator 2: Judgment Day (1991),221
383,10,2959,Fight Club (1999),218
384,1,356,Forrest Gump (1994),325
384,2,318,"Shawshank Redemption, The (1994)",313
384,3,2571,"Matrix, The (1999)",277
384,4,593,"Silence of the Lambs, The (1991)",276
384,5,260,Star Wars: Episode IV - A New Hope (1977),250
384,6,110,Braveheart (1995),234
384,7,589,Terminator 2: Judgment Day (1991),221
384,8,1,Toy Story (1995),215
384,9,527,Schindler's List (1993),214
384,10,1196,Star Wars: Episode V - The Empire Strikes Back (1980),210
385,1,2571,"Matrix, The (1999)",277
385,2,110,Braveheart (1995),234
385,3,2959,Fight Club (1999),218
385,4,527,Schindler's List (1993),214
385,5,2858,American Beauty (1999),202
385,6,47,Seven (a.k.a. Se7en) (1995),197
385,7,4993,"Lord of the Rings: The Fellowship of the Ring, The (2001)",197
385,8,5952,"Lord of the Rings: The Two Towers, The (2002)",187
385,9,2028,Saving Private Ryan (1998),186
385,10,7153,"Lord of the Rings: The Return of the King, The (2003)",185
386,1,356,Forrest Gump (1994),325
386,2,2571,"Matrix, The (1999)",277
386,3,260,Star Wars: Episode IV - A New Hope (1977),250
386,4,2959,Fight Club (1999),218
386,5,1,Toy Story (1995),215
386,6,527,Schindler's List (1993),214
386,7,1196,Star Wars: Episode V - The Empire Strikes Back (1980),210
386,8,2858,American Beauty (1999),202
386,9,150,Apollo 13 (1995),200
386,10,4993,"Lord of the Rings: The Fellowship of the Ring, The (2001)",197
387,1,1,Toy Story (1995),215
387,2,527,Schindler's List (1993),214
387,3,150,Apollo 13 (1995),200
387,4,457,"Fugitive, The (1993)",189
387,5,5952,"Lord of the Rings: The Two Towers, The (2002)",187
387,6,2028,Saving Private Ryan (1998),186
387,7,7153,"Lord of the Rings: The Return of the King, The (2003)",185
387,8,377,Speed (1994),168
387,9,4306,Shrek (2001),168
387,10,1580,Men in Black (a.k.a. MIB) (1997),162
388,1,356,Forrest Gump (1994),325
388,2,318,"Shawshank Redemption, The (1994)",313
388,3,296,Pulp Fiction (1994),304
388,4,2571,"Matrix, The (1999)",277
388,5,593,"Silence of the Lambs, The (1991)",276
388,6,260,Star Wars: Episode IV - A New Hope (1977),250
388,7,480,Jurassic Park (1993),236
388,8,110,Braveheart (1995),234
388,9,589,Terminator 2: Judgment Day (1991),221
388,10,2959,Fight Club (1999),218
389,1,356,Forrest Gump (1994),325
389,2,318,"Shawshank Redemption, The (1994)",313
389,3,296,Pulp Fiction (1994),304
389,4,2571,"Matrix, The (1999)",277
389,5,593,"Silence of the Lambs, The (1991)",276
389,6,480,Jurassic Park (1993),236
389,7,110,Braveheart (1995),234
389,8,589,Terminator 2: Judgment Day (1991),221
389,9,2959,Fight Club (1999),218
389,10,527,Schindler's List (1993),214
390,1,356,Forrest Gump (1994),325
390,2,318,"Shawshank Redemption, The (1994)",313
390,3,296,Pulp Fiction (1994),304
390,4,593,"Silence of the Lambs, The (1991)",276
390,5,260,Star Wars: Episode IV - A New Hope (1977),250
390,6,480,Jurassic Park (1993),236
390,7,589,Terminator 2: Judgment Day (1991),221
390,8,1,Toy Story (1995),215
390,9,1196,Star Wars: Episode V - The Empire Strikes Back (1980),210
390,10,150,Apollo 13 (1995),200
391,1,1198,Raiders of the Lost Ark (Indiana Jones and the Raiders of the Lost Ark) (1981),194
391,2,5952,"Lord of the Rings: The Two Towers, The (2002)",187
391,3,7153,"Lord of the Rings: The Return of the King, The (2003)",185
391,4,588,Aladdin (1992),181
391,5,364,"Lion King, The (1994)",172
391,6,590,Dances with Wolves (1990),162
391,7,344,Ace Ventura: Pet Detective (1994),161
391,8,367,"Mask, The (1994)",155
391,9,6539,Pirates of the Caribbean: The Curse of the Black Pearl (2003),149
391,10,58559,"Dark Knight, The (2008)",146
392,1,356,Forrest Gump (1994),325
392,2,318,"Shawshank Redemption, The (1994)",313
392,3,296,Pulp Fiction (1994),304
392,4,2571,"Matrix, The (1999)",277
392,5,593,"Silence of the Lambs, The (1991)",276
392,6,260,Star Wars: Episode IV - A New Hope (1977),250
392,7,480,Jurassic Park (1993),236
392,8,110,Braveheart (1995),234
392,9,589,Terminator 2: Judgment Day (1991),221
392,10,2959,Fight Club (1999),218
393,1,356,Forrest Gump (1994),325
393,2,318,"Shawshank Redemption, The (1994)",313
393,3,296,Pulp Fiction (1994),304
393,4,593,"Silence of the Lambs, The (1991)",276
393,5,260,Star Wars: Episode IV - A New Hope (1977),250
393,6,480,Jurassic Park (1993),236
393,7,1,Toy Story (1995),215
393,8,527,Schindler's List (1993),214
393,9,1196,Star Wars: Episode V - The Empire Strikes Back (1980),210
393,10,2858,American Beauty (1999),202
394,1,318,"Shawshank Redemption, The (1994)",313
394,2,296,Pulp Fiction (1994),304
394,3,2571,"Matrix, The (1999)",277
394,4,593,"Silence of the Lambs, The (1991)",276
394,5,260,Star Wars: Episode IV - A New Hope (1977),250
394,6,589,Terminator 2: Judgment Day (1991),221
394,7,2959,Fight Club (1999),218
394,8,1,Toy Story (1995),215
394,9,527,Schindler's List (1993),214
394,10,1196,Star Wars: Episode V - The Empire Strikes Back (1980),210
395,1,318,"Shawshank Redemption, The (1994)",313
395,2,2571,"Matrix, The (1999)",277
395,3,593,"Silence of the Lambs, The (1991)",276
395,4,260,Star Wars: Episode IV - A New Hope (1977),250
395,5,2959,Fight Club (1999),218
395,6,1,Toy Story (1995),215
395,7,1196,Star Wars: Episode V - The Empire Strikes Back (1980),210
395,8,2858,American Beauty (1999),202
395,9,150,Apollo 13 (1995),200
395,10,50,"Usual Suspects, The (1995)",198
396,1,356,Forrest Gump (1994),325
396,2,296,Pulp Fiction (1994),304
396,3,2571,"Matrix, The (1999)",277
396,4,593,"Silence of the Lambs, The (1991)",276
396,5,260,Star Wars: Episode IV - A New Hope (1977),250
396,6,480,Jurassic Park (1993),236
396,7,110,Braveheart (1995),234
396,8,589,Terminator 2: Judgment Day (1991),221
396,9,2959,Fight Club (1999),218
396,10,527,Schindler's List (1993),214
397,1,356,Forrest Gump (1994),325
397,2,318,"Shawshank Redemption, The (1994)",313
397,3,296,Pulp Fiction (1994),304
397,4,2571,"Matrix, The (1999)",277
397,5,593,"Silence of the Lambs, The (1991)",276
397,6,260,Star Wars: Episode IV - A New Hope (1977),250
397,7,480,Jurassic Park (1993),236
397,8,110,Braveheart (1995),234
397,9,589,Terminator 2: Judgment Day (1991),221
397,10,2959,Fight Club (1999),218
398,1,356,Forrest Gump (1994),325
398,2,318,"Shawshank Redemption, The (1994)",313
398,3,296,Pulp Fiction (1994),304
398,4,2571,"Matrix, The (1999)",277
398,5,593,"Silence of the Lambs, The (1991)",276
398,6,260,Star Wars: Episode IV - A New Hope (1977),250
398,7,480,Jurassic Park (1993),236
398,8,110,Braveheart (1995),234
398,9,589,Terminator 2: Judgment Day (1991),221
398,10,2959,Fight Club (1999),218
399,1,318,"Shawshank Redemption, The (1994)",313
399,2,150,Apollo 13 (1995),200
399,3,50,"Usual Suspects, The (1995)",198
399,4,47,Seven (a.k.a. Se7en) (1995),197
399,5,457,"Fugitive, The (1993)",189
399,6,592,Batman (1989),188
399,7,858,"Godfather, The (1972)",188
399,8,2028,Saving Private Ryan (1998),186
399,9,588,Aladdin (1992),181
399,10,608,Fargo (1996),180
400,1,480,Jurassic Park (1993),236
400,2,110,Braveheart (1995),234
400,3,589,Terminator 2: Judgment Day (1991),221
400,4,1,Toy Story (1995),215
400,5,527,Schindler's List (1993),214
400,6,2858,American Beauty (1999),202
400,7,150,Apollo 13 (1995),200
400,8,780,Independence Day (a.k.a. ID4) (1996),196
400,9,457,"Fugitive, The (1993)",189
400,10,592,Batman (1989),188
401,1,318,"Shawshank Redemption, The (1994)",313
401,2,296,Pulp Fiction (1994),304
401,3,2571,"Matrix, The (1999)",277
401,4,593,"Silence of the Lambs, The (1991)",276
401,5,260,Star Wars: Episode IV - A New Hope (1977),250
401,6,480,Jurassic Park (1993),236
401,7,110,Braveheart (1995),234
401,8,589,Terminator 2: Judgment Day (1991),221
401,9,2959,Fight Club (1999),218
401,10,527,Schindler's List (1993),214
402,1,356,Forrest Gump (1994),325
402,2,318,"Shawshank Redemption, The (1994)",313
402,3,2571,"Matrix, The (1999)",277
402,4,260,Star Wars: Episode IV - A New Hope (1977),250
402,5,110,Braveheart (1995),234
402,6,2959,Fight Club (1999),218
402,7,1,Toy Story (1995),215
402,8,1196,Star Wars: Episode V - The Empire Strikes Back (1980),210
402,9,2858,American Beauty (1999),202
402,10,150,Apollo 13 (1995),200
403,1,356,Forrest Gump (1994),325
403,2,318,"Shawshank Redemption, The (1994)",313
403,3,2571,"Matrix, The (1999)",277
403,4,593,"Silence of the Lambs, The (1991)",276
403,5,260,Star Wars: Episode IV - A New Hope (1977),250
403,6,480,Jurassic Park (1993),236
403,7,589,Terminator 2: Judgment Day (1991),221
403,8,2959,Fight Club (1999),218
403,9,1,Toy Story (1995),215
403,10,527,Schindler's List (1993),214
404,1,2571,"Matrix, The (1999)",277
404,2,260,Star Wars: Episode IV - A New Hope (1977),250
404,3,589,Terminator 2: Judgment Day (1991),221
404,4,2959,Fight Club (1999),218
404,5,1,Toy Story (1995),215
404,6,527,Schindler's List (1993),214
404,7,1196,Star Wars: Episode V - The Empire Strikes Back (1980),210
404,8,2858,American Beauty (1999),202
404,9,150,Apollo 13 (1995),200
404,10,50,"Usual Suspects, The (1995)",198
405,1,356,Forrest Gump (1994),325
405,2,318,"Shawshank Redemption, The (1994)",313
405,3,593,"Silence of the Lambs, The (1991)",276
405,4,260,Star Wars: Episode IV - A New Hope (1977),250
405,5,480,Jurassic Park (1993),236
405,6,589,Terminator 2: Judgment Day (1991),221
405,7,1,Toy Story (1995),215
405,8,527,Schindler's List (1993),214
405,9,1196,Star Wars: Episode V - The Empire Strikes Back (1980),210
405,10,2858,American Beauty (1999),202
406,1,356,Forrest Gump (1994),325
406,2,318,"Shawshank Redemption, The (1994)",313
406,3,296,Pulp Fiction (1994),304
406,4,2571,"Matrix, The (1999)",277
406,5,593,"Silence of the Lambs, The (1991)",276
406,6,260,Star Wars: Episode IV - A New Hope (1977),250
406,7,480,Jurassic Park (1993),236
406,8,110,Braveheart (1995),234
406,9,589,Terminator 2: Judgment Day (1991),221
406,10,2959,Fight Club (1999),218
407,1,356,Forrest Gump (1994),325
407,2,318,"Shawshank Redemption, The (1994)",313
407,3,296,Pulp Fiction (1994),304
407,4,593,"Silence of the Lambs, The (1991)",276
407,5,480,Jurassic Park (1993),236
407,6,110,Braveheart (1995),234
407,7,589,Terminator 2: Judgment Day (1991),221
407,8,1,Toy Story (1995),215
407,9,527,Schindler's List (1993),214
407,10,2858,American Beauty (1999),202
408,1,356,Forrest Gump (1994),325
408,2,296,Pulp Fiction (1994),304
408,3,593,"Silence of the Lambs, The (1991)",276
408,4,480,Jurassic Park (1993),236
408,5,110,Braveheart (1995),234
408,6,589,Terminator 2: Judgment Day (1991),221
408,7,2959,Fight Club (1999),218
408,8,1,Toy Story (1995),215
408,9,527,Schindler's List (1993),214
408,10,2858,American Beauty (1999),202
409,1,356,Forrest Gump (1994),325
409,2,2571,"Matrix, The (1999)",277
409,3,480,Jurassic Park (1993),236
409,4,110,Braveheart (1995),234
409,5,589,Terminator 2: Judgment Day (1991),221
409,6,2959,Fight Club (1999),218
409,7,1,Toy Story (1995),215
409,8,527,Schindler's List (1993),214
409,9,1196,Star Wars: Episode V - The Empire Strikes Back (1980),210
409,10,150,Apollo 13 (1995),200
410,1,356,Forrest Gump (1994),325
410,2,2571,"Matrix, The (1999)",277
410,3,480,Jurassic Park (1993),236
410,4,110,Braveheart (1995),234
410,5,589,Terminator 2: Judgment Day (1991),221
410,6,2959,Fight Club (1999),218
410,7,1,Toy Story (1995),215
410,8,1196,Star Wars: Episode V - The Empire Strikes Back (1980),210
410,9,150,Apollo 13 (1995),200
410,10,50,"Usual Suspects, The (1995)",198
411,1,2571,"Matrix, The (1999)",277
411,2,260,Star Wars: Episode IV - A New Hope (1977),250
411,3,2959,Fight Club (1999),218
411,4,1196,Star Wars: Episode V - The Empire Strikes Back (1980),210
411,5,2858,American Beauty (1999),202
411,6,4993,"Lord of the Rings: The Fellowship of the Ring, The (2001)",197
411,7,780,Independence Day (a.k.a. ID4) (1996),196
411,8,1210,Star Wars: Episode VI - Return of the Jedi (1983),196
411,9,1198,Raiders of the Lost Ark (Indiana Jones and the Raiders of the Lost Ark) (1981),194
411,10,858,"Godfather, The (1972)",188
412,1,356,Forrest Gump (1994),325
412,2,318,"Shawshank Redemption, The (1994)",313
412,3,296,Pulp Fiction (1994),304
412,4,260,Star Wars: Episode IV - A New Hope (1977),250
412,5,480,Jurassic Park (1993),236
412,6,110,Braveheart (1995),234
412,7,589,Terminator 2: Judgment Day (1991),221
412,8,2959,Fight Club (1999),218
412,9,527,Schindler's List (1993),214
412,10,1196,Star Wars: Episode V - The Empire Strikes Back (1980),210
413,1,356,Forrest Gump (1994),325
413,2,2571,"Matrix, The (1999)",277
413,3,260,Star Wars: Episode IV - A New Hope (1977),250
413,4,480,Jurassic Park (1993),236
413,5,110,Braveheart (1995),234
413,6,589,Terminator 2: Judgment Day (1991),221
413,7,1,Toy Story (1995),215
413,8,1196,Star Wars: Episode V - The Empire Strikes Back (1980),210
413,9,150,Apollo 13 (1995),200
413,10,50,"Usual Suspects, The (1995)",198
414,1,1258,"Shining, The (1980)",108
414,2,8368,Harry Potter and the Prisoner of Azkaban (2004),91
414,3,19,Ace Ventura: When Nature Calls (1995),88
414,4,2324,Life Is Beautiful (La Vita è bella) (1997),86
414,5,410,Addams Family Values (1993),81
414,6,1219,Psycho (1960),81
414,7,317,"Santa Clause, The (1994)",79
414,8,520,Robin Hood: Men in Tights (1993),67
414,9,74458,Shutter Island (2010),66
414,10,48385,Borat: Cultural Learnings of America for Make Benefit Glorious Nation of Kazakhstan (2006),65
415,1,110,Braveheart (1995),234
415,2,589,Terminator 2: Judgment Day (1991),221
415,3,1,Toy Story (1995),215
415,4,527,Schindler's List (1993),214
415,5,1196,Star Wars: Episode V - The Empire Strikes Back (1980),210
415,6,4993,"Lord of the Rings: The Fellowship of the Ring, The (2001)",197
415,7,780,Independence Day (a.k.a. ID4) (1996),196
415,8,1210,Star Wars: Episode VI - Return of the Jedi (1983),196
415,9,1198,Raiders of the Lost Ark (Indiana Jones and the Raiders of the Lost Ark) (1981),194
415,10,592,Batman (1989),188
416,1,593,"Silence of the Lambs, The (1991)",276
416,2,480,Jurassic Park (1993),236
416,3,110,Braveheart (1995),234
416,4,589,Terminator 2: Judgment Day (1991),221
416,5,1,Toy Story (1995),215
416,6,150,Apollo 13 (1995),200
416,7,50,"Usual Suspects, The (1995)",198
416,8,47,Seven (a.k.a. Se7en) (1995),197
416,9,4993,"Lord of the Rings: The Fellowship of the Ring, The (2001)",197
416,10,780,Independence Day (a.k.a. ID4) (1996),196
417,1,260,Star Wars: Episode IV - A New Hope (1977),250
417,2,480,Jurassic Park (1993),236
417,3,110,Braveheart (1995),234
417,4,589,Terminator 2: Judgment Day (1991),221
417,5,1,Toy Story (1995),215
417,6,527,Schindler's List (1993),214
417,7,1196,Star Wars: Episode V - The Empire Strikes Back (1980),210
417,8,150,Apollo 13 (1995),200
417,9,50,"Usual Suspects, The (1995)",198
417,10,780,Independence Day (a.k.a. ID4) (1996),196
418,1,2571,"Matrix, The (1999)",277
418,2,260,Star Wars: Episode IV - A New Hope (1977),250
418,3,480,Jurassic Park (1993),236
418,4,110,Braveheart (1995),234
418,5,589,Terminator 2: Judgment Day (1991),221
418,6,1,Toy Story (1995),215
418,7,527,Schindler's List (1993),214
418,8,1196,Star Wars: Episode V - The Empire Strikes Back (1980),210
418,9,2858,American Beauty (1999),202
418,10,150,Apollo 13 (1995),200
419,1,260,Star Wars: Episode IV - A New Hope (1977),250
419,2,589,Terminator 2: Judgment Day (1991),221
419,3,1,Toy Story (1995),215
419,4,1196,Star Wars: Episode V - The Empire Strikes Back (1980),210
419,5,150,Apollo 13 (1995),200
419,6,4993,"Lord of the Rings: The Fellowship of the Ring, The (2001)",197
419,7,1210,Star Wars: Episode VI - Return of the Jedi (1983),196
419,8,1198,Raiders of the Lost Ark (Indiana Jones and the Raiders of the Lost Ark) (1981),194
419,9,457,"Fugitive, The (1993)",189
419,10,592,Batman (1989),188
420,1,593,"Silence of the Lambs, The (1991)",276
420,2,260,Star Wars: Episode IV - A New Hope (1977),250
420,3,110,Braveheart (1995),234
420,4,589,Terminator 2: Judgment Day (1991),221
420,5,1196,Star Wars: Episode V - The Empire Strikes Back (1980),210
420,6,150,Apollo 13 (1995),200
420,7,50,"Usual Suspects, The (1995)",198
420,8,47,Seven (a.k.a. Se7en) (1995),197
420,9,780,Independence Day (a.k.a. ID4) (1996),196
420,10,1210,Star Wars: Episode VI - Return of the Jedi (1983),196
421,1,356,Forrest Gump (1994),325
421,2,296,Pulp Fiction (1994),304
421,3,2571,"Matrix, The (1999)",277
421,4,260,Star Wars: Episode IV - A New Hope (1977),250
421,5,480,Jurassic Park (1993),236
421,6,110,Braveheart (1995),234
421,7,589,Terminator 2: Judgment Day (1991),221
421,8,2959,Fight Club (1999),218
421,9,1,Toy Story (1995),215
421,10,1196,Star Wars: Episode V - The Empire Strikes Back (1980),210
422,1,356,Forrest Gump (1994),325
422,2,296,Pulp Fiction (1994),304
422,3,2571,"Matrix, The (1999)",277
422,4,593,"Silence of the Lambs, The (1991)",276
422,5,480,Jurassic Park (1993),236
422,6,110,Braveheart (1995),234
422,7,589,Terminator 2: Judgment Day (1991),221
422,8,527,Schindler's List (1993),214
422,9,1196,Star Wars: Episode V - The Empire Strikes Back (1980),210
422,10,2858,American Beauty (1999),202
423,1,2571,"Matrix, The (1999)",277
423,2,593,"Silence of the Lambs, The (1991)",276
423,3,260,Star Wars: Episode IV - A New Hope (1977),250
423,4,110,Braveheart (1995),234
423,5,589,Terminator 2: Judgment Day (1991),221
423,6,2959,Fight Club (1999),218
423,7,1,Toy Story (1995),215
423,8,527,Schindler's List (1993),214
423,9,1196,Star Wars: Episode V - The Empire Strikes Back (1980),210
423,10,2858,American Beauty (1999),202
424,1,356,Forrest Gump (1994),325
424,2,260,Star Wars: Episode IV - A New Hope (1977),250
424,3,480,Jurassic Park (1993),236
424,4,110,Braveheart (1995),234
424,5,1,Toy Story (1995),215
424,6,527,Schindler's List (1993),214
424,7,1196,Star Wars: Episode V - The Empire Strikes Back (1980),210
424,8,150,Apollo 13 (1995),200
424,9,4993,"Lord of the Rings: The Fellowship of the Ring, The (2001)",197
424,10,780,Independence Day (a.k.a. ID4) (1996),196
425,1,1,Toy Story (1995),215
425,2,1270,Back to the Future (1985),169
425,3,58559,"Dark Knight, The (2008)",146
425,4,595,Beauty and the Beast (1991),145
425,5,1197,"Princess Bride, The (1987)",141
425,6,1265,Groundhog Day (1993),140
425,7,153,Batman Forever (1995),137
425,8,3793,X-Men (2000),133
425,9,1193,One Flew Over the Cuckoo's Nest (1975),132
425,10,1213,Goodfellas (1990),124
426,1,2571,"Matrix, The (1999)",277
426,2,593,"Silence of the Lambs, The (1991)",276
426,3,260,Star Wars: Episode IV - A New Hope (1977),250
426,4,110,Braveheart (1995),234
426,5,589,Terminator 2: Judgment Day (1991),221
426,6,2959,Fight Club (1999),218
426,7,1,Toy Story (1995),215
426,8,527,Schindler's List (1993),214
426,9,1196,Star Wars: Episode V - The Empire Strikes Back (1980),210
426,10,2858,American Beauty (1999),202
427,1,356,Forrest Gump (1994),325
427,2,318,"Shawshank Redemption, The (1994)",313
427,3,2571,"Matrix, The (1999)",277
427,4,593,"Silence of the Lambs, The (1991)",276
427,5,260,Star Wars: Episode IV - A New Hope (1977),250
427,6,480,Jurassic Park (1993),236
427,7,589,Terminator 2: Judgment Day (1991),221
427,8,2959,Fight Club (1999),218
427,9,1,Toy Story (1995),215
427,10,527,Schindler's List (1993),214
428,1,318,"Shawshank Redemption, The (1994)",313
428,2,1,Toy Story (1995),215
428,3,527,Schindler's List (1993),214
428,4,50,"Usual Suspects, The (1995)",198
428,5,47,Seven (a.k.a. Se7en) (1995),197
428,6,1198,Raiders of the Lost Ark (Indiana Jones and the Raiders of the Lost Ark) (1981),194
428,7,457,"Fugitive, The (1993)",189
428,8,858,"Godfather, The (1972)",188
428,9,608,Fargo (1996),180
428,10,32,Twelve Monkeys (a.k.a. 12 Monkeys) (1995),173
429,1,356,Forrest Gump (1994),325
429,2,318,"Shawshank Redemption, The (1994)",313
429,3,296,Pulp Fiction (1994),304
429,4,2571,"Matrix, The (1999)",277
429,5,593,"Silence of the Lambs, The (1991)",276
429,6,260,Star Wars: Episode IV - A New Hope (1977),250
429,7,480,Jurassic Park (1993),236
429,8,110,Braveheart (1995),234
429,9,589,Terminator 2: Judgment Day (1991),221
429,10,2959,Fight Club (1999),218
430,1,296,Pulp Fiction (1994),304
430,2,593,"Silence of the Lambs, The (1991)",276
430,3,260,Star Wars: Episode IV - A New Hope (1977),250
430,4,480,Jurassic Park (1993),236
430,5,110,Braveheart (1995),234
430,6,589,Terminator 2: Judgment Day (1991),221
430,7,2959,Fight Club (1999),218
430,8,1,Toy Story (1995),215
430,9,527,Schindler's List (1993),214
430,10,1196,Star Wars: Episode V - The Empire Strikes Back (1980),210
431,1,356,Forrest Gump (1994),325
431,2,318,"Shawshank Redemption, The (1994)",313
431,3,296,Pulp Fiction (1994),304
431,4,2571,"Matrix, The (1999)",277
431,5,593,"Silence of the Lambs, The (1991)",276
431,6,260,Star Wars: Episode IV - A New Hope (1977),250
431,7,480,Jurassic Park (1993),236
431,8,110,Braveheart (1995),234
431,9,589,Terminator 2: Judgment Day (1991),221
431,10,2959,Fight Club (1999),218
432,1,150,Apollo 13 (1995),200
432,2,1198,Raiders of the Lost Ark (Indiana Jones and the Raiders of the Lost Ark) (1981),194
432,3,457,"Fugitive, The (1993)",189
432,4,592,Batman (1989),188
432,5,2028,Saving Private Ryan (1998),186
432,6,588,Aladdin (1992),181
432,7,608,Fargo (1996),180
432,8,380,True Lies (1994),176
432,9,32,Twelve Monkeys (a.k.a. 12 Monkeys) (1995),173
432,10,1270,Back to the Future (1985),169
433,1,356,Forrest Gump (1994),325
433,2,2571,"Matrix, The (1999)",277
433,3,260,Star Wars: Episode IV - A New Hope (1977),250
433,4,480,Jurassic Park (1993),236
433,5,589,Terminator 2: Judgment Day (1991),221
433,6,1,Toy Story (1995),215
433,7,1196,Star Wars: Episode V - The Empire Strikes Back (1980),210
433,8,2858,American Beauty (1999),202
433,9,150,Apollo 13 (1995),200
433,10,4993,"Lord of the Rings: The Fellowship of the Ring, The (2001)",197
434,1,589,Terminator 2: Judgment Day (1991),221
434,2,50,"Usual Suspects, The (1995)",198
434,3,1198,Raiders of the Lost Ark (Indiana Jones and the Raiders of the Lost Ark) (1981),194
434,4,457,"Fugitive, The (1993)",189
434,5,592,Batman (1989),188
434,6,364,"Lion King, The (1994)",172
434,7,1270,Back to the Future (1985),169
434,8,377,Speed (1994),168
434,9,590,Dances with Wolves (1990),162
434,10,6539,Pirates of the Caribbean: The Curse of the Black Pearl (2003),149
435,1,356,Forrest Gump (1994),325
435,2,296,Pulp Fiction (1994),304
435,3,2571,"Matrix, The (1999)",277
435,4,593,"Silence of the Lambs, The (1991)",276
435,5,260,Star Wars: Episode IV - A New Hope (1977),250
435,6,480,Jurassic Park (1993),236
435,7,110,Braveheart (1995),234
435,8,589,Terminator 2: Judgment Day (1991),221
435,9,1,Toy Story (1995),215
435,10,527,Schindler's List (1993),214
436,1,296,Pulp Fiction (1994),304
436,2,2571,"Matrix, The (1999)",277
436,3,260,Star Wars: Episode IV - A New Hope (1977),250
436,4,110,Braveheart (1995),234
436,5,2959,Fight Club (1999),218
436,6,1196,Star Wars: Episode V - The Empire Strikes Back (1980),210
436,7,2858,American Beauty (1999),202
436,8,50,"Usual Suspects, The (1995)",198
436,9,47,Seven (a.k.a. Se7en) (1995),197
436,10,4993,"Lord of the Rings: The Fellowship of the Ring, The (2001)",197
437,1,2571,"Matrix, The (1999)",277
437,2,593,"Silence of the Lambs, The (1991)",276
437,3,480,Jurassic Park (1993),236
437,4,589,Terminator 2: Judgment Day (1991),221
437,5,2959,Fight Club (1999),218
437,6,1,Toy Story (1995),215
437,7,1196,Star Wars: Episode V - The Empire Strikes Back (1980),210
437,8,2858,American Beauty (1999),202
437,9,4993,"Lord of the Rings: The Fellowship of the Ring, The (2001)",197
437,10,1198,Raiders of the Lost Ark (Indiana Jones and the Raiders of the Lost Ark) (1981),194
438,1,296,Pulp Fiction (1994),304
438,2,593,"Silence of the Lambs, The (1991)",276
438,3,2858,American Beauty (1999),202
438,4,50,"Usual Suspects, The (1995)",198
438,5,47,Seven (a.k.a. Se7en) (1995),197
438,6,1198,Raiders of the Lost Ark (Indiana Jones and the Raiders of the Lost Ark) (1981),194
438,7,858,"Godfather, The (1972)",188
438,8,608,Fargo (1996),180
438,9,58559,"Dark Knight, The (2008)",146
438,10,1214,Alien (1979),145
439,1,296,Pulp Fiction (1994),304
439,2,593,"Silence of the Lambs, The (1991)",276
439,3,260,Star Wars: Episode IV - A New Hope (1977),250
439,4,480,Jurassic Park (1993),236
439,5,2959,Fight Club (1999),218
439,6,1,Toy Story (1995),215
439,7,1196,Star Wars: Episode V - The Empire Strikes Back (1980),210
439,8,2858,American Beauty (1999),202
439,9,150,Apollo 13 (1995),200
439,10,50,"Usual Suspects, The (1995)",198
440,1,356,Forrest Gump (1994),325
440,2,318,"Shawshank Redemption, The (1994)",313
440,3,296,Pulp Fiction (1994),304
440,4,2571,"Matrix, The (1999)",277
440,5,593,"Silence of the Lambs, The (1991)",276
440,6,260,Star Wars: Episode IV - A New Hope (1977),250
440,7,480,Jurassic Park (1993),236
440,8,110,Braveheart (1995),234
440,9,589,Terminator 2: Judgment Day (1991),221
440,10,2959,Fight Club (1999),218
441,1,356,Forrest Gump (1994),325
441,2,318,"Shawshank Redemption, The (1994)",313
441,3,480,Jurassic Park (1993),236
441,4,110,Braveheart (1995),234
441,5,1,Toy Story (1995),215
441,6,2858,American Beauty (1999),202
441,7,150,Apollo 13 (1995),200
441,8,50,"Usual Suspects, The (1995)",198
441,9,780,Independence Day (a.k.a. ID4) (1996),196
441,10,1210,Star Wars: Episode VI - Return of the Jedi (1983),196
442,1,356,Forrest Gump (1994),325
442,2,318,"Shawshank Redemption, The (1994)",313
442,3,296,Pulp Fiction (1994),304
442,4,2571,"Matrix, The (1999)",277
442,5,593,"Silence of the Lambs, The (1991)",276
442,6,260,Star Wars: Episode IV - A New Hope (1977),250
442,7,480,Jurassic Park (1993),236
442,8,110,Braveheart (1995),234
442,9,589,Terminator 2: Judgment Day (1991),221
442,10,2959,Fight Club (1999),218
443,1,480,Jurassic Park (1993),236
443,2,589,Terminator 2: Judgment Day (1991),221
443,3,527,Schindler's List (1993),214
443,4,1196,Star Wars: Episode V - The Empire Strikes Back (1980),210
443,5,150,Apollo 13 (1995),200
443,6,50,"Usual Suspects, The (1995)",198
443,7,47,Seven (a.k.a. Se7en) (1995),197
443,8,780,Independence Day (a.k.a. ID4) (1996),196
443,9,1210,Star Wars: Episode VI - Return of the Jedi (1983),196
443,10,1198,Raiders of the Lost Ark (Indiana Jones and the Raiders of the Lost Ark) (1981),194
444,1,2571,"Matrix, The (1999)",277
444,2,260,Star Wars: Episode IV - A New Hope (1977),250
444,3,2959,Fight Club (1999),218
444,4,1,Toy Story (1995),215
444,5,1196,Star Wars: Episode V - The Empire Strikes Back (1980),210
444,6,2858,American Beauty (1999),202
444,7,150,Apollo 13 (1995),200
444,8,4993,"Lord of the Rings: The Fellowship of the Ring, The (2001)",197
444,9,780,Independence Day (a.k.a. ID4) (1996),196
444,10,1210,Star Wars: Episode VI - Return of the Jedi (1983),196
445,1,318,"Shawshank Redemption, The (1994)",313
445,2,480,Jurassic Park (1993),236
445,3,589,Terminator 2: Judgment Day (1991),221
445,4,1,Toy Story (1995),215
445,5,1196,Star Wars: Episode V - The Empire Strikes Back (1980),210
445,6,2858,American Beauty (1999),202
445,7,150,Apollo 13 (1995),200
445,8,50,"Usual Suspects, The (1995)",198
445,9,1210,Star Wars: Episode VI - Return of the Jedi (1983),196
445,10,1198,Raiders of the Lost Ark (Indiana Jones and the Raiders of the Lost Ark) (1981),194
446,1,318,"Shawshank Redemption, The (1994)",313
446,2,2571,"Matrix, The (1999)",277
446,3,260,Star Wars: Episode IV - A New Hope (1977),250
446,4,110,Braveheart (1995),234
446,5,2959,Fight Club (1999),218
446,6,1,Toy Story (1995),215
446,7,1196,Star Wars: Episode V - The Empire Strikes Back (1980),210
446,8,2858,American Beauty (1999),202
446,9,4993,"Lord of the Rings: The Fellowship of the Ring, The (2001)",197
446,10,1210,Star Wars: Episode VI - Return of the Jedi (1983),196
447,1,2571,"Matrix, The (1999)",277
447,2,260,Star Wars: Episode IV - A New Hope (1977),250
447,3,2959,Fight Club (1999),218
447,4,1,Toy Story (1995),215
447,5,527,Schindler's List (1993),214
447,6,1196,Star Wars: Episode V - The Empire Strikes Back (1980),210
447,7,2858,American Beauty (1999),202
447,8,50,"Usual Suspects, The (1995)",198
447,9,47,Seven (a.k.a. Se7en) (1995),197
447,10,4993,"Lord of the Rings: The Fellowship of the Ring, The (2001)",197
448,1,318,"Shawshank Redemption, The (1994)",313
448,2,110,Braveheart (1995),234
448,3,527,Schindler's List (1993),214
448,4,2028,Saving Private Ryan (1998),186
448,5,588,Aladdin (1992),181
448,6,364,"Lion King, The (1994)",172
448,7,4306,Shrek (2001),168
448,8,595,Beauty and the Beast (1991),145
448,9,1197,"Princess Bride, The (1987)",141
448,10,1721,Titanic (1997),138
449,1,356,Forrest Gump (1994),325
449,2,296,Pulp Fiction (1994),304
449,3,2571,"Matrix, The (1999)",277
449,4,593,"Silence of the Lambs, The (1991)",276
449,5,260,Star Wars: Episode IV - A New Hope (1977),250
449,6,480,Jurassic Park (1993),236
449,7,110,Braveheart (1995),234
449,8,589,Terminator 2: Judgment Day (1991),221
449,9,1,Toy Story (1995),215
449,10,1196,Star Wars: Episode V - The Empire Strikes Back (1980),210
450,1,356,Forrest Gump (1994),325
450,2,318,"Shawshank Redemption, The (1994)",313
450,3,296,Pulp Fiction (1994),304
450,4,2571,"Matrix, The (1999)",277
450,5,593,"Silence of the Lambs, The (1991)",276
450,6,480,Jurassic Park (1993),236
450,7,2959,Fight Club (1999),218
450,8,1,Toy Story (1995),215
450,9,527,Schindler's List (1993),214
450,10,1196,Star Wars: Episode V - The Empire Strikes Back (1980),210
451,1,356,Forrest Gump (1994),325
451,2,318,"Shawshank Redemption, The (1994)",313
451,3,296,Pulp Fiction (1994),304
451,4,2571,"Matrix, The (1999)",277
451,5,593,"Silence of the Lambs, The (1991)",276
451,6,260,Star Wars: Episode IV - A New Hope (1977),250
451,7,480,Jurassic Park (1993),236
451,8,110,Braveheart (1995),234
451,9,589,Terminator 2: Judgment Day (1991),221
451,10,2959,Fight Club (1999),218
452,1,318,"Shawshank Redemption, The (1994)",313
452,2,296,Pulp Fiction (1994),304
452,3,593,"Silence of the Lambs, The (1991)",276
452,4,2959,Fight Club (1999),218
452,5,1,Toy Story (1995),215
452,6,150,Apollo 13 (1995),200
452,7,50,"Usual Suspects, The (1995)",198
452,8,4993,"Lord of the Rings: The Fellowship of the Ring, The (2001)",197
452,9,457,"Fugitive, The (1993)",189
452,10,5952,"Lord of the Rings: The Two Towers, The (2002)",187
453,1,150,Apollo 13 (1995),200
453,2,1198,Raiders of the Lost Ark (Indiana Jones and the Raiders of the Lost Ark) (1981),194
453,3,592,Batman (1989),188
453,4,5952,"Lord of the Rings: The Two Towers, The (2002)",187
453,5,7153,"Lord of the Rings: The Return of the King, The (2003)",185
453,6,1270,Back to the Future (1985),169
453,7,590,Dances with Wolves (1990),162
453,8,6539,Pirates of the Caribbean: The Curse of the Black Pearl (2003),149
453,9,58559,"Dark Knight, The (2008)",146
453,10,595,Beauty and the Beast (1991),145
454,1,356,Forrest Gump (1994),325
454,2,318,"Shawshank Redemption, The (1994)",313
454,3,2571,"Matrix, The (1999)",277
454,4,593,"Silence of the Lambs, The (1991)",276
454,5,260,Star Wars: Episode IV - A New Hope (1977),250
454,6,480,Jurassic Park (1993),236
454,7,110,Braveheart (1995),234
454,8,589,Terminator 2: Judgment Day (1991),221
454,9,2959,Fight Club (1999),218
454,10,1,Toy Story (1995),215
455,1,296,Pulp Fiction (1994),304
455,2,2571,"Matrix, The (1999)",277
455,3,260,Star Wars: Episode IV - A New Hope (1977),250
455,4,2959,Fight Club (1999),218
455,5,1,Toy Story (1995),215
455,6,1196,Star Wars: Episode V - The Empire Strikes Back (1980),210
455,7,2858,American Beauty (1999),202
455,8,47,Seven (a.k.a. Se7en) (1995),197
455,9,4993,"Lord of the Rings: The Fellowship of the Ring, The (2001)",197
455,10,780,Independence Day (a.k.a. ID4) (1996),196
456,1,356,Forrest Gump (1994),325
456,2,318,"Shawshank Redemption, The (1994)",313
456,3,296,Pulp Fiction (1994),304
456,4,2571,"Matrix, The (1999)",277
456,5,593,"Silence of the Lambs, The (1991)",276
456,6,480,Jurassic Park (1993),236
456,7,110,Braveheart (1995),234
456,8,589,Terminator 2: Judgment Day (1991),221
456,9,2959,Fight Club (1999),218
456,10,527,Schindler's List (1993),214
457,1,356,Forrest Gump (1994),325
457,2,318,"Shawshank Redemption, The (1994)",313
457,3,296,Pulp Fiction (1994),304
457,4,2571,"Matrix, The (1999)",277
457,5,593,"Silence of the Lambs, The (1991)",276
457,6,589,Terminator 2: Judgment Day (1991),221
457,7,1,Toy Story (1995),215
457,8,527,Schindler's List (1993),214
457,9,1196,Star Wars: Episode V - The Empire Strikes Back (1980),210
457,10,150,Apollo 13 (1995),200
458,1,318,"Shawshank Redemption, The (1994)",313
458,2,2571,"Matrix, The (1999)",277
458,3,593,"Silence of the Lambs, The (1991)",276
458,4,260,Star Wars: Episode IV - A New Hope (1977),250
458,5,2959,Fight Club (1999),218
458,6,1,Toy Story (1995),215
458,7,527,Schindler's List (1993),214
458,8,1196,Star Wars: Episode V - The Empire Strikes Back (1980),210
458,9,2858,American Beauty (1999),202
458,10,50,"Usual Suspects, The (1995)",198
459,1,356,Forrest Gump (1994),325
459,2,318,"Shawshank Redemption, The (1994)",313
459,3,296,Pulp Fiction (1994),304
459,4,593,"Silence of the Lambs, The (1991)",276
459,5,480,Jurassic Park (1993),236
459,6,110,Braveheart (1995),234
459,7,589,Terminator 2: Judgment Day (1991),221
459,8,2959,Fight Club (1999),218
459,9,1,Toy Story (1995),215
459,10,527,Schindler's List (1993),214
460,1,296,Pulp Fiction (1994),304
460,2,593,"Silence of the Lambs, The (1991)",276
460,3,260,Star Wars: Episode IV - A New Hope (1977),250
460,4,480,Jurassic Park (1993),236
460,5,110,Braveheart (1995),234
460,6,589,Terminator 2: Judgment Day (1991),221
460,7,527,Schindler's List (1993),214
460,8,1196,Star Wars: Episode V - The Empire Strikes Back (1980),210
460,9,2858,American Beauty (1999),202
460,10,50,"Usual Suspects, The (1995)",198
461,1,296,Pulp Fiction (1994),304
461,2,110,Braveheart (1995),234
461,3,589,Terminator 2: Judgment Day (1991),221
461,4,2959,Fight Club (1999),218
461,5,1,Toy Story (1995),215
461,6,1196,Star Wars: Episode V - The Empire Strikes Back (1980),210
461,7,2858,American Beauty (1999),202
461,8,150,Apollo 13 (1995),200
461,9,50,"Usual Suspects, The (1995)",198
461,10,47,Seven (a.k.a. Se7en) (1995),197
462,1,480,Jurassic Park (1993),236
462,2,110,Braveheart (1995),234
462,3,150,Apollo 13 (1995),200
462,4,780,Independence Day (a.k.a. ID4) (1996),196
462,5,457,"Fugitive, The (1993)",189
462,6,588,Aladdin (1992),181
462,7,380,True Lies (1994),176
462,8,4306,Shrek (2001),168
462,9,590,Dances with Wolves (1990),162
462,10,344,Ace Ventura: Pet Detective (1994),161
463,1,318,"Shawshank Redemption, The (1994)",313
463,2,296,Pulp Fiction (1994),304
463,3,2571,"Matrix, The (1999)",277
463,4,593,"Silence of the Lambs, The (1991)",276
463,5,260,Star Wars: Episode IV - A New Hope (1977),250
463,6,480,Jurassic Park (1993),236
463,7,589,Terminator 2: Judgment Day (1991),221
463,8,2959,Fight Club (1999),218
463,9,1,Toy Story (1995),215
463,10,1196,Star Wars: Episode V - The Empire Strikes Back (1980),210
464,1,1,Toy Story (1995),215
464,2,150,Apollo 13 (1995),200
464,3,50,"Usual Suspects, The (1995)",198
464,4,1198,Raiders of the Lost Ark (Indiana Jones and the Raiders of the Lost Ark) (1981),194
464,5,457,"Fugitive, The (1993)",189
464,6,592,Batman (1989),188
464,7,588,Aladdin (1992),181
464,8,608,Fargo (1996),180
464,9,1270,Back to the Future (1985),169
464,10,4306,Shrek (2001),168
465,1,318,"Shawshank Redemption, The (1994)",313
465,2,296,Pulp Fiction (1994),304
465,3,260,Star Wars: Episode IV - A New Hope (1977),250
465,4,480,Jurassic Park (1993),236
465,5,110,Braveheart (1995),234
465,6,589,Terminator 2: Judgment Day (1991),221
465,7,2959,Fight Club (1999),218
465,8,1,Toy Story (1995),215
465,9,2858,American Beauty (1999),202
465,10,150,Apollo 13 (1995),200
466,1,296,Pulp Fiction (1994),304
466,2,593,"Silence of the Lambs, The (1991)",276
466,3,480,Jurassic Park (1993),236
466,4,110,Braveheart (1995),234
466,5,589,Terminator 2: Judgment Day (1991),221
466,6,1,Toy Story (1995),215
466,7,527,Schindler's List (1993),214
466,8,2858,American Beauty (1999),202
466,9,150,Apollo 13 (1995),200
466,10,50,"Usual Suspects, The (1995)",198
467,1,356,Forrest Gump (1994),325
467,2,318,"Shawshank Redemption, The (1994)",313
467,3,296,Pulp Fiction (1994),304
467,4,2571,"Matrix, The (1999)",277
467,5,260,Star Wars: Episode IV - A New Hope (1977),250
467,6,480,Jurassic Park (1993),236
467,7,110,Braveheart (1995),234
467,8,589,Terminator 2: Judgment Day (1991),221
467,9,2959,Fight Club (1999),218
467,10,1,Toy Story (1995),215
468,1,356,Forrest Gump (1994),325
468,2,2571,"Matrix, The (1999)",277
468,3,593,"Silence of the Lambs, The (1991)",276
468,4,260,Star Wars: Episode IV - A New Hope (1977),250
468,5,480,Jurassic Park (1993),236
468,6,589,Terminator 2: Judgment Day (1991),221
468,7,2959,Fight Club (1999),218
468,8,527,Schindler's List (1993),214
468,9,1196,Star Wars: Episode V - The Empire Strikes Back (1980),210
468,10,2858,American Beauty (1999),202
469,1,356,Forrest Gump (1994),325
469,2,2959,Fight Club (1999),218
469,3,150,Apollo 13 (1995),200
469,4,4993,"Lord of the Rings: The Fellowship of the Ring, The (2001)",197
469,5,5952,"Lord of the Rings: The Two Towers, The (2002)",187
469,6,7153,"Lord of the Rings: The Return of the King, The (2003)",185
469,7,364,"Lion King, The (1994)",172
469,8,377,Speed (1994),168
469,9,4306,Shrek (2001),168
469,10,3578,Gladiator (2000),166
470,1,2571,"Matrix, The (1999)",277
470,2,593,"Silence of the Lambs, The (1991)",276
470,3,260,Star Wars: Episode IV - A New Hope (1977),250
470,4,2959,Fight Club (1999),218
470,5,1196,Star Wars: Episode V - The Empire Strikes Back (1980),210
470,6,2858,American Beauty (1999),202
470,7,4993,"Lord of the Rings: The Fellowship of the Ring, The (2001)",197
470,8,780,Independence Day (a.k.a. ID4) (1996),196
470,9,1210,Star Wars: Episode VI - Return of the Jedi (1983),196
470,10,1198,Raiders of the Lost Ark (Indiana Jones and the Raiders of the Lost Ark) (1981),194
471,1,318,"Shawshank Redemption, The (1994)",313
471,2,593,"Silence of the Lambs, The (1991)",276
471,3,260,Star Wars: Episode IV - A New Hope (1977),250
471,4,480,Jurassic Park (1993),236
471,5,110,Braveheart (1995),234
471,6,589,Terminator 2: Judgment Day (1991),221
471,7,1196,Star Wars: Episode V - The Empire Strikes Back (1980),210
471,8,2858,American Beauty (1999),202
471,9,150,Apollo 13 (1995),200
471,10,50,"Usual Suspects, The (1995)",198
472,1,356,Forrest Gump (1994),325
472,2,296,Pulp Fiction (1994),304
472,3,2571,"Matrix, The (1999)",277
472,4,593,"Silence of the Lambs, The (1991)",276
472,5,260,Star Wars: Episode IV - A New Hope (1977),250
472,6,480,Jurassic Park (1993),236
472,7,110,Braveheart (1995),234
472,8,589,Terminator 2: Judgment Day (1991),221
472,9,2959,Fight Club (1999),218
472,10,1,Toy Story (1995),215
473,1,356,Forrest Gump (1994),325
473,2,296,Pulp Fiction (1994),304
473,3,2571,"Matrix, The (1999)",277
473,4,593,"Silence of the Lambs, The (1991)",276
473,5,260,Star Wars: Episode IV - A New Hope (1977),250
473,6,480,Jurassic Park (1993),236
473,7,110,Braveheart (1995),234
473,8,589,Terminator 2: Judgment Day (1991),221
473,9,1,Toy Story (1995),215
473,10,527,Schindler's List (1993),214
474,1,58559,"Dark Knight, The (2008)",146
474,2,165,Die Hard: With a Vengeance (1995),144
474,3,79132,Inception (2010),140
474,4,10,GoldenEye (1995),132
474,5,231,Dumb & Dumber (Dumb and Dumber) (1994),132
474,6,1527,"Fifth Element, The (1997)",116
474,7,208,Waterworld (1995),115
474,8,253,Interview with the Vampire: The Vampire Chronicles (1994),108
474,9,2706,American Pie (1999),103
474,10,68954,Up (2009),103
475,1,356,Forrest Gump (1994),325
475,2,318,"Shawshank Redemption, The (1994)",313
475,3,296,Pulp Fiction (1994),304
475,4,593,"Silence of the Lambs, The (1991)",276
475,5,480,Jurassic Park (1993),236
475,6,110,Braveheart (1995),234
475,7,2959,Fight Club (1999),218
475,8,1,Toy Story (1995),215
475,9,527,Schindler's List (1993),214
475,10,2858,American Beauty (1999),202
476,1,2571,"Matrix, The (1999)",277
476,2,593,"Silence of the Lambs, The (1991)",276
476,3,260,Star Wars: Episode IV - A New Hope (1977),250
476,4,110,Braveheart (1995),234
476,5,2959,Fight Club (1999),218
476,6,527,Schindler's List (1993),214
476,7,1196,Star Wars: Episode V - The Empire Strikes Back (1980),210
476,8,2858,American Beauty (1999),202
476,9,50,"Usual Suspects, The (1995)",198
476,10,47,Seven (a.k.a. Se7en) (1995),197
477,1,110,Braveheart (1995),234
477,2,2959,Fight Club (1999),218
477,3,50,"Usual Suspects, The (1995)",198
477,4,592,Batman (1989),188
477,5,858,"Godfather, The (1972)",188
477,6,380,True Lies (1994),176
477,7,3578,Gladiator (2000),166
477,8,590,Dances with Wolves (1990),162
477,9,165,Die Hard: With a Vengeance (1995),144
477,10,1197,"Princess Bride, The (1987)",141
478,1,356,Forrest Gump (1994),325
478,2,318,"Shawshank Redemption, The (1994)",313
478,3,296,Pulp Fiction (1994),304
478,4,2571,"Matrix, The (1999)",277
478,5,593,"Silence of the Lambs, The (1991)",276
478,6,260,Star Wars: Episode IV - A New Hope (1977),250
478,7,480,Jurassic Park (1993),236
478,8,110,Braveheart (1995),234
478,9,589,Terminator 2: Judgment Day (1991),221
478,10,2959,Fight Club (1999),218
479,1,356,Forrest Gump (1994),325
479,2,318,"Shawshank Redemption, The (1994)",313
479,3,296,Pulp Fiction (1994),304
479,4,2571,"Matrix, The (1999)",277
479,5,480,Jurassic Park (1993),236
479,6,589,Terminator 2: Judgment Day (1991),221
479,7,2959,Fight Club (1999),218
479,8,1,Toy Story (1995),215
479,9,527,Schindler's List (1993),214
479,10,1196,Star Wars: Episode V - The Empire Strikes Back (1980),210
480,1,58559,"Dark Knight, The (2008)",146
480,2,79132,Inception (2010),140
480,3,5445,Minority Report (2002),118
480,4,924,2001: A Space Odyssey (1968),109
480,5,329,Star Trek: Generations (1994),108
480,6,68954,Up (2009),103
480,7,292,Outbreak (1995),101
480,8,60069,WALL·E (2008),101
480,9,912,Casablanca (1942),100
480,10,339,While You Were Sleeping (1995),98
481,1,356,Forrest Gump (1994),325
481,2,318,"Shawshank Redemption, The (1994)",313
481,3,296,Pulp Fiction (1994),304
481,4,2571,"Matrix, The (1999)",277
481,5,593,"Silence of the Lambs, The (1991)",276
481,6,260,Star Wars: Episode IV - A New Hope (1977),250
481,7,480,Jurassic Park (1993),236
481,8,110,Braveheart (1995),234
481,9,589,Terminator 2: Judgment Day (1991),221
481,10,2959,Fight Club (1999),218
482,1,356,Forrest Gump (1994),325
482,2,318,"Shawshank Redemption, The (1994)",313
482,3,296,Pulp Fiction (1994),304
482,4,2571,"Matrix, The (1999)",277
482,5,593,"Silence of the Lambs, The (1991)",276
482,6,260,Star Wars: Episode IV - A New Hope (1977),250
482,7,480,Jurassic Park (1993),236
482,8,110,Braveheart (1995),234
482,9,589,Terminator 2: Judgment Day (1991),221
482,10,2959,Fight Club (1999),218
483,1,593,"Silence of the Lambs, The (1991)",276
483,2,590,Dances with Wolves (1990),162
483,3,316,Stargate (1994),140
483,4,1089,Reservoir Dogs (1992),131
483,5,34,Babe (1995),127
483,6,1213,Goodfellas (1990),124
483,7,736,Twister (1996),123
483,8,541,Blade Runner (1982),121
483,9,1206,"Clockwork Orange, A (1971)",119
483,10,185,"Net, The (1995)",111
484,1,296,Pulp Fiction (1994),304
484,2,2571,"Matrix, The (1999)",277
484,3,593,"Silence of the Lambs, The (1991)",276
484,4,260,Star Wars: Episode IV - A New Hope (1977),250
484,5,110,Braveheart (1995),234
484,6,589,Terminator 2: Judgment Day (1991),221
484,7,527,Schindler's List (1993),214
484,8,1196,Star Wars: Episode V - The Empire Strikes Back (1980),210
484,9,150,Apollo 13 (1995),200
484,10,50,"Usual Suspects, The (1995)",198
485,1,356,Forrest Gump (1994),325
485,2,318,"Shawshank Redemption, The (1994)",313
485,3,296,Pulp Fiction (1994),304
485,4,2571,"Matrix, The (1999)",277
485,5,260,Star Wars: Episode IV - A New Hope (1977),250
485,6,480,Jurassic Park (1993),236
485,7,589,Terminator 2: Judgment Day (1991),221
485,8,2959,Fight Club (1999),218
485,9,1,Toy Story (1995),215
485,10,527,Schindler's List (1993),214
486,1,2571,"Matrix, The (1999)",277
486,2,260,Star Wars: Episode IV - A New Hope (1977),250
486,3,2959,Fight Club (1999),218
486,4,1,Toy Story (1995),215
486,5,527,Schindler's List (1993),214
486,6,1196,Star Wars: Episode V - The Empire Strikes Back (1980),210
486,7,2858,American Beauty (1999),202
486,8,50,"Usual Suspects, The (1995)",198
486,9,4993,"Lord of the Rings: The Fellowship of the Ring, The (2001)",197
486,10,1210,Star Wars: Episode VI - Return of the Jedi (1983),196
487,1,356,Forrest Gump (1994),325
487,2,296,Pulp Fiction (1994),304
487,3,480,Jurassic Park (1993),236
487,4,110,Braveheart (1995),234
487,5,589,Terminator 2: Judgment Day (1991),221
487,6,1,Toy Story (1995),215
487,7,527,Schindler's List (1993),214
487,8,1196,Star Wars: Episode V - The Empire Strikes Back (1980),210
487,9,2858,American Beauty (1999),202
487,10,150,Apollo 13 (1995),200
488,1,356,Forrest Gump (1994),325
488,2,296,Pulp Fiction (1994),304
488,3,2571,"Matrix, The (1999)",277
488,4,260,Star Wars: Episode IV - A New Hope (1977),250
488,5,480,Jurassic Park (1993),236
488,6,110,Braveheart (1995),234
488,7,589,Terminator 2: Judgment Day (1991),221
488,8,2959,Fight Club (1999),218
488,9,1196,Star Wars: Episode V - The Empire Strikes Back (1980),210
488,10,2858,American Beauty (1999),202
489,1,318,"Shawshank Redemption, The (1994)",313
489,2,260,Star Wars: Episode IV - A New Hope (1977),250
489,3,1,Toy Story (1995),215
489,4,527,Schindler's List (1993),214
489,5,1196,Star Wars: Episode V - The Empire Strikes Back (1980),210
489,6,50,"Usual Suspects, The (1995)",198
489,7,1210,Star Wars: Episode VI - Return of the Jedi (1983),196
489,8,457,"Fugitive, The (1993)",189
489,9,858,"Godfather, The (1972)",188
489,10,1197,"Princess Bride, The (1987)",141
490,1,318,"Shawshank Redemption, The (1994)",313
490,2,260,Star Wars: Episode IV - A New Hope (1977),250
490,3,480,Jurassic Park (1993),236
490,4,110,Braveheart (1995),234
490,5,589,Terminator 2: Judgment Day (1991),221
490,6,527,Schindler's List (1993),214
490,7,1196,Star Wars: Episode V - The Empire Strikes Back (1980),210
490,8,2858,American Beauty (1999),202
490,9,150,Apollo 13 (1995),200
490,10,50,"Usual Suspects, The (1995)",198
491,1,318,"Shawshank Redemption, The (1994)",313
491,2,296,Pulp Fiction (1994),304
491,3,2571,"Matrix, The (1999)",277
491,4,593,"Silence of the Lambs, The (1991)",276
491,5,260,Star Wars: Episode IV - A New Hope (1977),250
491,6,480,Jurassic Park (1993),236
491,7,110,Braveheart (1995),234
491,8,589,Terminator 2: Judgment Day (1991),221
491,9,2959,Fight Club (1999),218
491,10,1,Toy Story (1995),215
492,1,356,Forrest Gump (1994),325
492,2,318,"Shawshank Redemption, The (1994)",313
492,3,296,Pulp Fiction (1994),304
492,4,2571,"Matrix, The (1999)",277
492,5,593,"Silence of the Lambs, The (1991)",276
492,6,480,Jurassic Park (1993),236
492,7,110,Braveheart (1995),234
492,8,589,Terminator 2: Judgment Day (1991),221
492,9,2959,Fight Club (1999),218
492,10,527,Schindler's List (1993),214
493,1,356,Forrest Gump (1994),325
493,2,318,"Shawshank Redemption, The (1994)",313
493,3,296,Pulp Fiction (1994),304
493,4,593,"Silence of the Lambs, The (1991)",276
493,5,480,Jurassic Park (1993),236
493,6,2959,Fight Club (1999),218
493,7,1,Toy Story (1995),215
493,8,527,Schindler's List (1993),214
493,9,2858,American Beauty (1999),202
493,10,150,Apollo 13 (1995),200
494,1,356,Forrest Gump (1994),325
494,2,318,"Shawshank Redemption, The (1994)",313
494,3,296,Pulp Fiction (1994),304
494,4,593,"Silence of the Lambs, The (1991)",276
494,5,2959,Fight Club (1999),218
494,6,1,Toy Story (1995),215
494,7,527,Schindler's List (1993),214
494,8,2858,American Beauty (1999),202
494,9,150,Apollo 13 (1995),200
494,10,50,"Usual Suspects, The (1995)",198
495,1,296,Pulp Fiction (1994),304
495,2,593,"Silence of the Lambs, The (1991)",276
495,3,260,Star Wars: Episode IV - A New Hope (1977),250
495,4,480,Jurassic Park (1993),236
495,5,110,Braveheart (1995),234
495,6,589,Terminator 2: Judgment Day (1991),221
495,7,1,Toy Story (1995),215
495,8,1196,Star Wars: Episode V - The Empire Strikes Back (1980),210
495,9,2858,American Beauty (1999),202
495,10,47,Seven (a.k.a. Se7en) (1995),197
496,1,356,Forrest Gump (1994),325
496,2,318,"Shawshank Redemption, The (1994)",313
496,3,296,Pulp Fiction (1994),304
496,4,2571,"Matrix, The (1999)",277
496,5,593,"Silence of the Lambs, The (1991)",276
496,6,260,Star Wars: Episode IV - A New Hope (1977),250
496,7,480,Jurassic Park (1993),236
496,8,110,Braveheart (1995),234
496,9,589,Terminator 2: Judgment Day (1991),221
496,10,2959,Fight Club (1999),218
497,1,356,Forrest Gump (1994),325
497,2,296,Pulp Fiction (1994),304
497,3,480,Jurassic Park (1993),236
497,4,110,Braveheart (1995),234
497,5,589,Terminator 2: Judgment Day (1991),221
497,6,1,Toy Story (1995),215
497,7,527,Schindler's List (1993),214
497,8,1196,Star Wars: Episode V - The Empire Strikes Back (1980),210
497,9,150,Apollo 13 (1995),200
497,10,47,Seven (a.k.a. Se7en) (1995),197
498,1,2571,"Matrix, The (1999)",277
498,2,593,"Silence of the Lambs, The (1991)",276
498,3,260,Star Wars: Episode IV - A New Hope (1977),250
498,4,589,Terminator 2: Judgment Day (1991),221
498,5,2959,Fight Club (1999),218
498,6,1,Toy Story (1995),215
498,7,527,Schindler's List (1993),214
498,8,1196,Star Wars: Episode V - The Empire Strikes Back (1980),210
498,9,2858,American Beauty (1999),202
498,10,50,"Usual Suspects, The (1995)",198
499,1,356,Forrest Gump (1994),325
499,2,318,"Shawshank Redemption, The (1994)",313
499,3,296,Pulp Fiction (1994),304
499,4,2571,"Matrix, The (1999)",277
499,5,593,"Silence of the Lambs, The (1991)",276
499,6,260,Star Wars: Episode IV - A New Hope (1977),250
499,7,480,Jurassic Park (1993),236
499,8,110,Braveheart (1995),234
499,9,589,Terminator 2: Judgment Day (1991),221
499,10,2959,Fight Club (1999),218
500,1,318,"Shawshank Redemption, The (1994)",313
500,2,296,Pulp Fiction (1994),304
500,3,2571,"Matrix, The (1999)",277
500,4,593,"Silence of the Lambs, The (1991)",276
500,5,110,Braveheart (1995),234
500,6,589,Terminator 2: Judgment Day (1991),221
500,7,2959,Fight Club (1999),218
500,8,527,Schindler's List (1993),214
500,9,1196,Star Wars: Episode V - The Empire Strikes Back (1980),210
500,10,150,Apollo 13 (1995),200
501,1,356,Forrest Gump (1994),325
501,2,318,"Shawshank Redemption, The (1994)",313
501,3,296,Pulp Fiction (1994),304
501,4,2571,"Matrix, The (1999)",277
501,5,593,"Silence of the Lambs, The (1991)",276
501,6,260,Star Wars: Episode IV - A New Hope (1977),250
501,7,480,Jurassic Park (1993),236
501,8,110,Braveheart (1995),234
501,9,589,Terminator 2: Judgment Day (1991),221
501,10,2959,Fight Club (1999),218
502,1,356,Forrest Gump (1994),325
502,2,296,Pulp Fiction (1994),304
502,3,2571,"Matrix, The (1999)",277
502,4,593,"Silence of the Lambs, The (1991)",276
502,5,260,Star Wars: Episode IV - A New Hope (1977),250
502,6,480,Jurassic Park (1993),236
502,7,110,Braveheart (1995),234
502,8,589,Terminator 2: Judgment Day (1991),221
502,9,2959,Fight Club (1999),218
502,10,1,Toy Story (1995),215
503,1,260,Star Wars: Episode IV - A New Hope (1977),250
503,2,110,Braveheart (1995),234
503,3,589,Terminator 2: Judgment Day (1991),221
503,4,1,Toy Story (1995),215
503,5,1196,Star Wars: Episode V - The Empire Strikes Back (1980),210
503,6,150,Apollo 13 (1995),200
503,7,50,"Usual Suspects, The (1995)",198
503,8,47,Seven (a.k.a. Se7en) (1995),197
503,9,4993,"Lord of the Rings: The Fellowship of the Ring, The (2001)",197
503,10,780,Independence Day (a.k.a. ID4) (1996),196
504,1,356,Forrest Gump (1994),325
504,2,318,"Shawshank Redemption, The (1994)",313
504,3,2571,"Matrix, The (1999)",277
504,4,593,"Silence of the Lambs, The (1991)",276
504,5,260,Star Wars: Episode IV - A New Hope (1977),250
504,6,480,Jurassic Park (1993),236
504,7,110,Braveheart (1995),234
504,8,589,Terminator 2: Judgment Day (1991),221
504,9,2959,Fight Club (1999),218
504,10,527,Schindler's List (1993),214
505,1,356,Forrest Gump (1994),325
505,2,318,"Shawshank Redemption, The (1994)",313
505,3,296,Pulp Fiction (1994),304
505,4,2571,"Matrix, The (1999)",277
505,5,260,Star Wars: Episode IV - A New Hope (1977),250
505,6,480,Jurassic Park (1993),236
505,7,110,Braveheart (1995),234
505,8,589,Terminator 2: Judgment Day (1991),221
505,9,1,Toy Story (1995),215
505,10,527,Schindler's List (1993),214
506,1,356,Forrest Gump (1994),325
506,2,318,"Shawshank Redemption, The (1994)",313
506,3,296,Pulp Fiction (1994),304
506,4,2571,"Matrix, The (1999)",277
506,5,593,"Silence of the Lambs, The (1991)",276
506,6,260,Star Wars: Episode IV - A New Hope (1977),250
506,7,480,Jurassic Park (1993),236
506,8,110,Braveheart (1995),234
506,9,589,Terminator 2: Judgment Day (1991),221
506,10,2959,Fight Club (1999),218
507,1,318,"Shawshank Redemption, The (1994)",313
507,2,296,Pulp Fiction (1994),304
507,3,2571,"Matrix, The (1999)",277
507,4,260,Star Wars: Episode IV - A New Hope (1977),250
507,5,2959,Fight Club (1999),218
507,6,1,Toy Story (1995),215
507,7,527,Schindler's List (1993),214
507,8,1196,Star Wars: Episode V - The Empire Strikes Back (1980),210
507,9,2858,American Beauty (1999),202
507,10,50,"Usual Suspects, The (1995)",198
508,1,356,Forrest Gump (1994),325
508,2,318,"Shawshank Redemption, The (1994)",313
508,3,296,Pulp Fiction (1994),304
508,4,2571,"Matrix, The (1999)",277
508,5,593,"Silence of the Lambs, The (1991)",276
508,6,260,Star Wars: Episode IV - A New Hope (1977),250
508,7,480,Jurassic Park (1993),236
508,8,110,Braveheart (1995),234
508,9,589,Terminator 2: Judgment Day (1991),221
508,10,2959,Fight Club (1999),218
509,1,356,Forrest Gump (1994),325
509,2,318,"Shawshank Redemption, The (1994)",313
509,3,593,"Silence of the Lambs, The (1991)",276
509,4,480,Jurassic Park (1993),236
509,5,110,Braveheart (1995),234
509,6,589,Terminator 2: Judgment Day (1991),221
509,7,2959,Fight Club (1999),218
509,8,527,Schindler's List (1993),214
509,9,2858,American Beauty (1999),202
509,10,150,Apollo 13 (1995),200
510,1,356,Forrest Gump (1994),325
510,2,318,"Shawshank Redemption, The (1994)",313
510,3,296,Pulp Fiction (1994),304
510,4,2571,"Matrix, The (1999)",277
510,5,260,Star Wars: Episode IV - A New Hope (1977),250
510,6,110,Braveheart (1995),234
510,7,589,Terminator 2: Judgment Day (1991),221
510,8,2959,Fight Club (1999),218
510,9,1,Toy Story (1995),215
510,10,2858,American Beauty (1999),202
511,1,296,Pulp Fiction (1994),304
511,2,593,"Silence of the Lambs, The (1991)",276
511,3,260,Star Wars: Episode IV - A New Hope (1977),250
511,4,480,Jurassic Park (1993),236
511,5,110,Braveheart (1995),234
511,6,589,Terminator 2: Judgment Day (1991),221
511,7,1,Toy Story (1995),215
511,8,1196,Star Wars: Episode V - The Empire Strikes Back (1980),210
511,9,2858,American Beauty (1999),202
511,10,150,Apollo 13 (1995),200
512,1,2571,"Matrix, The (1999)",277
512,2,260,Star Wars: Episode IV - A New Hope (1977),250
512,3,2959,Fight Club (1999),218
512,4,1,Toy Story (1995),215
512,5,1196,Star Wars: Episode V - The Empire Strikes Back (1980),210
512,6,2858,American Beauty (1999),202
512,7,4993,"Lord of the Rings: The Fellowship of the Ring, The (2001)",197
512,8,780,Independence Day (a.k.a. ID4) (1996),196
512,9,1210,Star Wars: Episode VI - Return of the Jedi (1983),196
512,10,1198,Raiders of the Lost Ark (Indiana Jones and the Raiders of the Lost Ark) (1981),194
513,1,356,Forrest Gump (1994),325
513,2,2571,"Matrix, The (1999)",277
513,3,480,Jurassic Park (1993),236
513,4,589,Terminator 2: Judgment Day (1991),221
513,5,2959,Fight Club (1999),218
513,6,1,Toy Story (1995),215
513,7,527,Schindler's List (1993),214
513,8,1196,Star Wars: Episode V - The Empire Strikes Back (1980),210
513,9,50,"Usual Suspects, The (1995)",198
513,10,47,Seven (a.k.a. Se7en) (1995),197
514,1,318,"Shawshank Redemption, The (1994)",313
514,2,110,Braveheart (1995),234
514,3,527,Schindler's List (1993),214
514,4,50,"Usual Suspects, The (1995)",198
514,5,780,Independence Day (a.k.a. ID4) (1996),196
514,6,858,"Godfather, The (1972)",188
514,7,380,True Lies (1994),176
514,8,32,Twelve Monkeys (a.k.a. 12 Monkeys) (1995),173
514,9,377,Speed (1994),168
514,10,3578,Gladiator (2000),166
515,1,296,Pulp Fiction (1994),304
515,2,2571,"Matrix, The (1999)",277
515,3,593,"Silence of the Lambs, The (1991)",276
515,4,480,Jurassic Park (1993),236
515,5,110,Braveheart (1995),234
515,6,589,Terminator 2: Judgment Day (1991),221
515,7,1,Toy Story (1995),215
515,8,1196,Star Wars: Episode V - The Empire Strikes Back (1980),210
515,9,2858,American Beauty (1999),202
515,10,150,Apollo 13 (1995),200
516,1,356,Forrest Gump (1994),325
516,2,318,"Shawshank Redemption, The (1994)",313
516,3,296,Pulp Fiction (1994),304
516,4,2571,"Matrix, The (1999)",277
516,5,593,"Silence of the Lambs, The (1991)",276
516,6,110,Braveheart (1995),234
516,7,589,Terminator 2: Judgment Day (1991),221
516,8,2959,Fight Club (1999),218
516,9,1,Toy Story (1995),215
516,10,527,Schindler's List (1993),214
517,1,296,Pulp Fiction (1994),304
517,2,589,Terminator 2: Judgment Day (1991),221
517,3,2959,Fight Club (1999),218
517,4,1196,Star Wars: Episode V - The Empire Strikes Back (1980),210
517,5,150,Apollo 13 (1995),200
517,6,50,"Usual Suspects, The (1995)",198
517,7,4993,"Lord of the Rings: The Fellowship of the Ring, The (2001)",197
517,8,1198,Raiders of the Lost Ark (Indiana Jones and the Raiders of the Lost Ark) (1981),194
517,9,858,"Godfather, The (1972)",188
517,10,5952,"Lord of the Rings: The Two Towers, The (2002)",187
518,1,356,Forrest Gump (1994),325
518,2,318,"Shawshank Redemption, The (1994)",313
518,3,296,Pulp Fiction (1994),304
518,4,2571,"Matrix, The (1999)",277
518,5,593,"Silence of the Lambs, The (1991)",276
518,6,260,Star Wars: Episode IV - A New Hope (1977),250
518,7,480,Jurassic Park (1993),236
518,8,110,Braveheart (1995),234
518,9,589,Terminator 2: Judgment Day (1991),221
518,10,2959,Fight Club (1999),218
519,1,296,Pulp Fiction (1994),304
519,2,2571,"Matrix, The (1999)",277
519,3,593,"Silence of the Lambs, The (1991)",276
519,4,260,Star Wars: Episode IV - A New Hope (1977),250
519,5,480,Jurassic Park (1993),236
519,6,110,Braveheart (1995),234
519,7,589,Terminator 2: Judgment Day (1991),221
519,8,2959,Fight Club (1999),218
519,9,1,Toy Story (1995),215
519,10,527,Schindler's List (1993),214
520,1,296,Pulp Fiction (1994),304
520,2,593,"Silence of the Lambs, The (1991)",276
520,3,260,Star Wars: Episode IV - A New Hope (1977),250
520,4,480,Jurassic Park (1993),236
520,5,110,Braveheart (1995),234
520,6,2959,Fight Club (1999),218
520,7,1,Toy Story (1995),215
520,8,527,Schindler's List (1993),214
520,9,1196,Star Wars: Episode V - The Empire Strikes Back (1980),210
520,10,2858,American Beauty (1999),202
521,1,356,Forrest Gump (1994),325
521,2,318,"Shawshank Redemption, The (1994)",313
521,3,296,Pulp Fiction (1994),304
521,4,2571,"Matrix, The (1999)",277
521,5,593,"Silence of the Lambs, The (1991)",276
521,6,260,Star Wars: Episode IV - A New Hope (1977),250
521,7,480,Jurassic Park (1993),236
521,8,110,Braveheart (1995),234
521,9,589,Terminator 2: Judgment Day (1991),221
521,10,2959,Fight Club (1999),218
522,1,593,"Silence of the Lambs, The (1991)",276
522,2,589,Terminator 2: Judgment Day (1991),221
522,3,527,Schindler's List (1993),214
522,4,150,Apollo 13 (1995),200
522,5,47,Seven (a.k.a. Se7en) (1995),197
522,6,457,"Fugitive, The (1993)",189
522,7,592,Batman (1989),188
522,8,2762,"Sixth Sense, The (1999)",178
522,9,380,True Lies (1994),176
522,10,32,Twelve Monkeys (a.k.a. 12 Monkeys) (1995),173
523,1,296,Pulp Fiction (1994),304
523,2,2571,"Matrix, The (1999)",277
523,3,593,"Silence of the Lambs, The (1991)",276
523,4,260,Star Wars: Episode IV - A New Hope (1977),250
523,5,480,Jurassic Park (1993),236
523,6,110,Braveheart (1995),234
523,7,589,Terminator 2: Judgment Day (1991),221
523,8,1,Toy Story (1995),215
523,9,527,Schindler's List (1993),214
523,10,1196,Star Wars: Episode V - The Empire Strikes Back (1980),210
524,1,356,Forrest Gump (1994),325
524,2,296,Pulp Fiction (1994),304
524,3,2571,"Matrix, The (1999)",277
524,4,2959,Fight Club (1999),218
524,5,527,Schindler's List (1993),214
524,6,2858,American Beauty (1999),202
524,7,4993,"Lord of the Rings: The Fellowship of the Ring, The (2001)",197
524,8,858,"Godfather, The (1972)",188
524,9,5952,"Lord of the Rings: The Two Towers, The (2002)",187
524,10,2028,Saving Private Ryan (1998),186
525,1,296,Pulp Fiction (1994),304
525,2,110,Braveheart (1995),234
525,3,589,Terminator 2: Judgment Day (1991),221
525,4,4993,"Lord of the Rings: The Fellowship of the Ring, The (2001)",197
525,5,780,Independence Day (a.k.a. ID4) (1996),196
525,6,592,Batman (1989),188
525,7,858,"Godfather, The (1972)",188
525,8,5952,"Lord of the Rings: The Two Towers, The (2002)",187
525,9,2028,Saving Private Ryan (1998),186
525,10,7153,"Lord of the Rings: The Return of the King, The (2003)",185
526,1,356,Forrest Gump (1994),325
526,2,2571,"Matrix, The (1999)",277
526,3,260,Star Wars: Episode IV - A New Hope (1977),250
526,4,480,Jurassic Park (1993),236
526,5,110,Braveheart (1995),234
526,6,589,Terminator 2: Judgment Day (1991),221
526,7,1,Toy Story (1995),215
526,8,527,Schindler's List (1993),214
526,9,1196,Star Wars: Episode V - The Empire Strikes Back (1980),210
526,10,150,Apollo 13 (1995),200
527,1,356,Forrest Gump (1994),325
527,2,318,"Shawshank Redemption, The (1994)",313
527,3,296,Pulp Fiction (1994),304
527,4,2571,"Matrix, The (1999)",277
527,5,110,Braveheart (1995),234
527,6,589,Terminator 2: Judgment Day (1991),221
527,7,2959,Fight Club (1999),218
527,8,1,Toy Story (1995),215
527,9,2858,American Beauty (1999),202
527,10,150,Apollo 13 (1995),200
528,1,318,"Shawshank Redemption, The (1994)",313
528,2,260,Star Wars: Episode IV - A New Hope (1977),250
528,3,480,Jurassic Park (1993),236
528,4,2959,Fight Club (1999),218
528,5,527,Schindler's List (1993),214
528,6,1196,Star Wars: Episode V - The Empire Strikes Back (1980),210
528,7,50,"Usual Suspects, The (1995)",198
528,8,47,Seven (a.k.a. Se7en) (1995),197
528,9,4993,"Lord of the Rings: The Fellowship of the Ring, The (2001)",197
528,10,780,Independence Day (a.k.a. ID4) (1996),196
529,1,356,Forrest Gump (1994),325
529,2,318,"Shawshank Redemption, The (1994)",313
529,3,296,Pulp Fiction (1994),304
529,4,2571,"Matrix, The (1999)",277
529,5,593,"Silence of the Lambs, The (1991)",276
529,6,480,Jurassic Park (1993),236
529,7,110,Braveheart (1995),234
529,8,589,Terminator 2: Judgment Day (1991),221
529,9,2959,Fight Club (1999),218
529,10,527,Schindler's List (1993),214
530,1,318,"Shawshank Redemption, The (1994)",313
530,2,296,Pulp Fiction (1994),304
530,3,2571,"Matrix, The (1999)",277
530,4,260,Star Wars: Episode IV - A New Hope (1977),250
530,5,110,Braveheart (1995),234
530,6,589,Terminator 2: Judgment Day (1991),221
530,7,2959,Fight Club (1999),218
530,8,1,Toy Story (1995),215
530,9,527,Schindler's List (1993),214
530,10,1196,Star Wars: Episode V - The Empire Strikes Back (1980),210
531,1,356,Forrest Gump (1994),325
531,2,318,"Shawshank Redemption, The (1994)",313
531,3,296,Pulp Fiction (1994),304
531,4,2571,"Matrix, The (1999)",277
531,5,110,Braveheart (1995),234
531,6,589,Terminator 2: Judgment Day (1991),221
531,7,2959,Fight Club (1999),218
531,8,1,Toy Story (1995),215
531,9,527,Schindler's List (1993),214
531,10,1196,Star Wars: Episode V - The Empire Strikes Back (1980),210
532,1,356,Forrest Gump (1994),325
532,2,296,Pulp Fiction (1994),304
532,3,260,Star Wars: Episode IV - A New Hope (1977),250
532,4,1,Toy Story (1995),215
532,5,1196,Star Wars: Episode V - The Empire Strikes Back (1980),210
532,6,150,Apollo 13 (1995),200
532,7,50,"Usual Suspects, The (1995)",198
532,8,47,Seven (a.k.a. Se7en) (1995),197
532,9,4993,"Lord of the Rings: The Fellowship of the Ring, The (2001)",197
532,10,780,Independence Day (a.k.a. ID4) (1996),196
533,1,318,"Shawshank Redemption, The (1994)",313
533,2,296,Pulp Fiction (1994),304
533,3,593,"Silence of the Lambs, The (1991)",276
533,4,260,Star Wars: Episode IV - A New Hope (1977),250
533,5,480,Jurassic Park (1993),236
533,6,110,Braveheart (1995),234
533,7,589,Terminator 2: Judgment Day (1991),221
533,8,527,Schindler's List (1993),214
533,9,1196,Star Wars: Episode V - The Empire Strikes Back (1980),210
533,10,2858,American Beauty (1999),202
534,1,318,"Shawshank Redemption, The (1994)",313
534,2,296,Pulp Fiction (1994),304
534,3,110,Braveheart (1995),234
534,4,589,Terminator 2: Judgment Day (1991),221
534,5,2959,Fight Club (1999),218
534,6,527,Schindler's List (1993),214
534,7,150,Apollo 13 (1995),200
534,8,50,"Usual Suspects, The (1995)",198
534,9,457,"Fugitive, The (1993)",189
534,10,858,"Godfather, The (1972)",188
535,1,356,Forrest Gump (1994),325
535,2,318,"Shawshank Redemption, The (1994)",313
535,3,296,Pulp Fiction (1994),304
535,4,593,"Silence of the Lambs, The (1991)",276
535,5,260,Star Wars: Episode IV - A New Hope (1977),250
535,6,480,Jurassic Park (1993),236
535,7,110,Braveheart (1995),234
535,8,589,Terminator 2: Judgment Day (1991),221
535,9,2959,Fight Club (1999),218
535,10,1,Toy Story (1995),215
536,1,318,"Shawshank Redemption, The (1994)",313
536,2,296,Pulp Fiction (1994),304
536,3,2571,"Matrix, The (1999)",277
536,4,260,Star Wars: Episode IV - A New Hope (1977),250
536,5,2959,Fight Club (1999),218
536,6,1,Toy Story (1995),215
536,7,1196,Star Wars: Episode V - The Empire Strikes Back (1980),210
536,8,2858,American Beauty (1999),202
536,9,50,"Usual Suspects, The (1995)",198
536,10,47,Seven (a.k.a. Se7en) (1995),197
537,1,356,Forrest Gump (1994),325
537,2,296,Pulp Fiction (1994),304
537,3,593,"Silence of the Lambs, The (1991)",276
537,4,260,Star Wars: Episode IV - A New Hope (1977),250
537,5,480,Jurassic Park (1993),236
537,6,110,Braveheart (1995),234
537,7,589,Terminator 2: Judgment Day (1991),221
537,8,2959,Fight Club (1999),218
537,9,1,Toy Story (1995),215
537,10,1196,Star Wars: Episode V - The Empire Strikes Back (1980),210
538,1,356,Forrest Gump (1994),325
538,2,318,"Shawshank Redemption, The (1994)",313
538,3,296,Pulp Fiction (1994),304
538,4,2571,"Matrix, The (1999)",277
538,5,593,"Silence of the Lambs, The (1991)",276
538,6,260,Star Wars: Episode IV - A New Hope (1977),250
538,7,480,Jurassic Park (1993),236
538,8,110,Braveheart (1995),234
538,9,589,Terminator 2: Judgment Day (1991),221
538,10,2959,Fight Club (1999),218
539,1,356,Forrest Gump (1994),325
539,2,296,Pulp Fiction (1994),304
539,3,2571,"Matrix, The (1999)",277
539,4,593,"Silence of the Lambs, The (1991)",276
539,5,260,Star Wars: Episode IV - A New Hope (1977),250
539,6,480,Jurassic Park (1993),236
539,7,110,Braveheart (1995),234
539,8,589,Terminator 2: Judgment Day (1991),221
539,9,2959,Fight Club (1999),218
539,10,1,Toy Story (1995),215
540,1,356,Forrest Gump (1994),325
540,2,318,"Shawshank Redemption, The (1994)",313
540,3,593,"Silence of the Lambs, The (1991)",276
540,4,480,Jurassic Park (1993),236
540,5,110,Braveheart (1995),234
540,6,1,Toy Story (1995),215
540,7,527,Schindler's List (1993),214
540,8,2858,American Beauty (1999),202
540,9,150,Apollo 13 (1995),200
540,10,50,"Usual Suspects, The (1995)",198
541,1,296,Pulp Fiction (1994),304
541,2,2571,"Matrix, The (1999)",277
541,3,260,Star Wars: Episode IV - A New Hope (1977),250
541,4,2959,Fight Club (1999),218
541,5,527,Schindler's List (1993),214
541,6,1196,Star Wars: Episode V - The Empire Strikes Back (1980),210
541,7,2858,American Beauty (1999),202
541,8,150,Apollo 13 (1995),200
541,9,4993,"Lord of the Rings: The Fellowship of the Ring, The (2001)",197
541,10,780,Independence Day (a.k.a. ID4) (1996),196
542,1,593,"Silence of the Lambs, The (1991)",276
542,2,260,Star Wars: Episode IV - A New Hope (1977),250
542,3,480,Jurassic Park (1993),236
542,4,110,Braveheart (1995),234
542,5,589,Terminator 2: Judgment Day (1991),221
542,6,1,Toy Story (1995),215
542,7,527,Schindler's List (1993),214
542,8,1196,Star Wars: Episode V - The Empire Strikes Back (1980),210
542,9,150,Apollo 13 (1995),200
542,10,50,"Usual Suspects, The (1995)",198
543,1,318,"Shawshank Redemption, The (1994)",313
543,2,296,Pulp Fiction (1994),304
543,3,593,"Silence of the Lambs, The (1991)",276
543,4,260,Star Wars: Episode IV - A New Hope (1977),250
543,5,480,Jurassic Park (1993),236
543,6,110,Braveheart (1995),234
543,7,589,Terminator 2: Judgment Day (1991),221
543,8,1,Toy Story (1995),215
543,9,527,Schindler's List (1993),214
543,10,1196,Star Wars: Episode V - The Empire Strikes Back (1980),210
544,1,356,Forrest Gump (1994),325
544,2,318,"Shawshank Redemption, The (1994)",313
544,3,296,Pulp Fiction (1994),304
544,4,2571,"Matrix, The (1999)",277
544,5,593,"Silence of the Lambs, The (1991)",276
544,6,260,Star Wars: Episode IV - A New Hope (1977),250
544,7,480,Jurassic Park (1993),236
544,8,110,Braveheart (1995),234
544,9,589,Terminator 2: Judgment Day (1991),221
544,10,2959,Fight Club (1999),218
545,1,356,Forrest Gump (1994),325
545,2,318,"Shawshank Redemption, The (1994)",313
545,3,296,Pulp Fiction (1994),304
545,4,2571,"Matrix, The (1999)",277
545,5,593,"Silence of the Lambs, The (1991)",276
545,6,260,Star Wars: Episode IV - A New Hope (1977),250
545,7,480,Jurassic Park (1993),236
545,8,110,Braveheart (1995),234
545,9,589,Terminator 2: Judgment Day (1991),221
545,10,2959,Fight Club (1999),218
546,1,356,Forrest Gump (1994),325
546,2,318,"Shawshank Redemption, The (1994)",313
546,3,296,Pulp Fiction (1994),304
546,4,2571,"Matrix, The (1999)",277
546,5,593,"Silence of the Lambs, The (1991)",276
546,6,260,Star Wars: Episode IV - A New Hope (1977),250
546,7,110,Braveheart (1995),234
546,8,2959,Fight Club (1999),218
546,9,1,Toy Story (1995),215
546,10,527,Schindler's List (1993),214
547,1,356,Forrest Gump (1994),325
547,2,318,"Shawshank Redemption, The (1994)",313
547,3,296,Pulp Fiction (1994),304
547,4,2571,"Matrix, The (1999)",277
547,5,593,"Silence of the Lambs, The (1991)",276
547,6,260,Star Wars: Episode IV - A New Hope (1977),250
547,7,480,Jurassic Park (1993),236
547,8,110,Braveheart (1995),234
547,9,589,Terminator 2: Judgment Day (1991),221
547,10,2959,Fight Club (1999),218
548,1,318,"Shawshank Redemption, The (1994)",313
548,2,296,Pulp Fiction (1994),304
548,3,593,"Silence of the Lambs, The (1991)",276
548,4,480,Jurassic Park (1993),236
548,5,110,Braveheart (1995),234
548,6,589,Terminator 2: Judgment Day (1991),221
548,7,2959,Fight Club (1999),218
548,8,1,Toy Story (1995),215
548,9,527,Schindler's List (1993),214
548,10,2858,American Beauty (1999),202
549,1,356,Forrest Gump (1994),325
549,2,296,Pulp Fiction (1994),304
549,3,593,"Silence of the Lambs, The (1991)",276
549,4,480,Jurassic Park (1993),236
549,5,1,Toy Story (1995),215
549,6,2858,American Beauty (1999),202
549,7,150,Apollo 13 (1995),200
549,8,50,"Usual Suspects, The (1995)",198
549,9,47,Seven (a.k.a. Se7en) (1995),197
549,10,4993,"Lord of the Rings: The Fellowship of the Ring, The (2001)",197
550,1,296,Pulp Fiction (1994),304
550,2,593,"Silence of the Lambs, The (1991)",276
550,3,260,Star Wars: Episode IV - A New Hope (1977),250
550,4,480,Jurassic Park (1993),236
550,5,110,Braveheart (1995),234
550,6,589,Terminator 2: Judgment Day (1991),221
550,7,2959,Fight Club (1999),218
550,8,527,Schindler's List (1993),214
550,9,1196,Star Wars: Episode V - The Empire Strikes Back (1980),210
550,10,2858,American Beauty (1999),202
551,1,480,Jurassic Park (1993),236
551,2,1,Toy Story (1995),215
551,3,527,Schindler's List (1993),214
551,4,1196,Star Wars: Episode V - The Empire Strikes Back (1980),210
551,5,2858,American Beauty (1999),202
551,6,150,Apollo 13 (1995),200
551,7,50,"Usual Suspects, The (1995)",198
551,8,780,Independence Day (a.k.a. ID4) (1996),196
551,9,1198,Raiders of the Lost Ark (Indiana Jones and the Raiders of the Lost Ark) (1981),194
551,10,457,"Fugitive, The (1993)",189
552,1,318,"Shawshank Redemption, The (1994)",313
552,2,593,"Silence of the Lambs, The (1991)",276
552,3,260,Star Wars: Episode IV - A New Hope (1977),250
552,4,480,Jurassic Park (1993),236
552,5,110,Braveheart (1995),234
552,6,589,Terminator 2: Judgment Day (1991),221
552,7,1,Toy Story (1995),215
552,8,2858,American Beauty (1999),202
552,9,150,Apollo 13 (1995),200
552,10,50,"Usual Suspects, The (1995)",198
553,1,356,Forrest Gump (1994),325
553,2,318,"Shawshank Redemption, The (1994)",313
553,3,593,"Silence of the Lambs, The (1991)",276
553,4,260,Star Wars: Episode IV - A New Hope (1977),250
553,5,480,Jurassic Park (1993),236
553,6,110,Braveheart (1995),234
553,7,589,Terminator 2: Judgment Day (1991),221
553,8,1,Toy Story (1995),215
553,9,527,Schindler's List (1993),214
553,10,1196,Star Wars: Episode V - The Empire Strikes Back (1980),210
554,1,356,Forrest Gump (1994),325
554,2,318,"Shawshank Redemption, The (1994)",313
554,3,296,Pulp Fiction (1994),304
554,4,260,Star Wars: Episode IV - A New Hope (1977),250
554,5,480,Jurassic Park (1993),236
554,6,110,Braveheart (1995),234
554,7,589,Terminator 2: Judgment Day (1991),221
554,8,2959,Fight Club (1999),218
554,9,1,Toy Story (1995),215
554,10,150,Apollo 13 (1995),200
555,1,527,Schindler's List (1993),214
555,2,47,Seven (a.k.a. Se7en) (1995),197
555,3,4993,"Lord of the Rings: The Fellowship of the Ring, The (2001)",197
555,4,858,"Godfather, The (1972)",188
555,5,5952,"Lord of the Rings: The Two Towers, The (2002)",187
555,6,7153,"Lord of the Rings: The Return of the King, The (2003)",185
555,7,588,Aladdin (1992),181
555,8,364,"Lion King, The (1994)",172
555,9,377,Speed (1994),168
555,10,4306,Shrek (2001),168
556,1,356,Forrest Gump (1994),325
556,2,318,"Shawshank Redemption, The (1994)",313
556,3,296,Pulp Fiction (1994),304
556,4,2571,"Matrix, The (1999)",277
556,5,593,"Silence of the Lambs, The (1991)",276
556,6,260,Star Wars: Episode IV - A New Hope (1977),250
556,7,480,Jurassic Park (1993),236
556,8,110,Braveheart (1995),234
556,9,589,Terminator 2: Judgment Day (1991),221
556,10,2959,Fight Club (1999),218
557,1,356,Forrest Gump (1994),325
557,2,296,Pulp Fiction (1994),304
557,3,593,"Silence of the Lambs, The (1991)",276
557,4,480,Jurassic Park (1993),236
557,5,110,Braveheart (1995),234
557,6,589,Terminator 2: Judgment Day (1991),221
557,7,2959,Fight Club (1999),218
557,8,1,Toy Story (1995),215
557,9,2858,American Beauty (1999),202
557,10,50,"Usual Suspects, The (1995)",198
558,1,356,Forrest Gump (1994),325
558,2,318,"Shawshank Redemption, The (1994)",313
558,3,2571,"Matrix, The (1999)",277
558,4,260,Star Wars: Episode IV - A New Hope (1977),250
558,5,480,Jurassic Park (1993),236
558,6,110,Braveheart (1995),234
558,7,589,Terminator 2: Judgment Day (1991),221
558,8,2959,Fight Club (1999),218
558,9,1,Toy Story (1995),215
558,10,527,Schindler's List (1993),214
559,1,2571,"Matrix, The (1999)",277
559,2,593,"Silence of the Lambs, The (1991)",276
559,3,2959,Fight Club (1999),218
559,4,527,Schindler's List (1993),214
559,5,1196,Star Wars: Episode V - The Empire Strikes Back (1980),210
559,6,2858,American Beauty (1999),202
559,7,50,"Usual Suspects, The (1995)",198
559,8,47,Seven (a.k.a. Se7en) (1995),197
559,9,4993,"Lord of the Rings: The Fellowship of the Ring, The (2001)",197
559,10,1198,Raiders of the Lost Ark (Indiana Jones and the Raiders of the Lost Ark) (1981),194
560,1,318,"Shawshank Redemption, The (1994)",313
560,2,480,Jurassic Park (1993),236
560,3,527,Schindler's List (1993),214
560,4,457,"Fugitive, The (1993)",189
560,5,592,Batman (1989),188
560,6,858,"Godfather, The (1972)",188
560,7,588,Aladdin (1992),181
560,8,364,"Lion King, The (1994)",172
560,9,1270,Back to the Future (1985),169
560,10,590,Dances with Wolves (1990),162
561,1,150,Apollo 13 (1995),200
561,2,858,"Godfather, The (1972)",188
561,3,588,Aladdin (1992),181
561,4,4306,Shrek (2001),168
561,5,590,Dances with Wolves (1990),162
561,6,344,Ace Ventura: Pet Detective (1994),161
561,7,4226,Memento (2000),157
561,8,595,Beauty and the Beast (1991),145
561,9,165,Die Hard: With a Vengeance (1995),144
561,10,500,Mrs. Doubtfire (1993),143
562,1,260,Star Wars: Episode IV - A New Hope (1977),250
562,2,480,Jurassic Park (1993),236
562,3,47,Seven (a.k.a. Se7en) (1995),197
562,4,4993,"Lord of the Rings: The Fellowship of the Ring, The (2001)",197
562,5,780,Independence Day (a.k.a. ID4) (1996),196
562,6,1210,Star Wars: Episode VI - Return of the Jedi (1983),196
562,7,1198,Raiders of the Lost Ark (Indiana Jones and the Raiders of the Lost Ark) (1981),194
562,8,457,"Fugitive, The (1993)",189
562,9,592,Batman (1989),188
562,10,858,"Godfather, The (1972)",188
563,1,318,"Shawshank Redemption, The (1994)",313
563,2,296,Pulp Fiction (1994),304
563,3,2571,"Matrix, The (1999)",277
563,4,593,"Silence of the Lambs, The (1991)",276
563,5,260,Star Wars: Episode IV - A New Hope (1977),250
563,6,480,Jurassic Park (1993),236
563,7,110,Braveheart (1995),234
563,8,589,Terminator 2: Judgment Day (1991),221
563,9,2959,Fight Club (1999),218
563,10,1,Toy Story (1995),215
564,1,296,Pulp Fiction (1994),304
564,2,2571,"Matrix, The (1999)",277
564,3,593,"Silence of the Lambs, The (1991)",276
564,4,260,Star Wars: Episode IV - A New Hope (1977),250
564,5,480,Jurassic Park (1993),236
564,6,110,Braveheart (1995),234
564,7,589,Terminator 2: Judgment Day (1991),221
564,8,2959,Fight Club (1999),218
564,9,1,Toy Story (1995),215
564,10,527,Schindler's List (1993),214
565,1,2571,"Matrix, The (1999)",277
565,2,593,"Silence of the Lambs, The (1991)",276
565,3,260,Star Wars: Episode IV - A New Hope (1977),250
565,4,480,Jurassic Park (1993),236
565,5,110,Braveheart (1995),234
565,6,589,Terminator 2: Judgment Day (1991),221
565,7,2959,Fight Club (1999),218
565,8,1,Toy Story (1995),215
565,9,1196,Star Wars: Episode V - The Empire Strikes Back (1980),210
565,10,2858,American Beauty (1999),202
566,1,2571,"Matrix, The (1999)",277
566,2,593,"Silence of the Lambs, The (1991)",276
566,3,260,Star Wars: Episode IV - A New Hope (1977),250
566,4,589,Terminator 2: Judgment Day (1991),221
566,5,2959,Fight Club (1999),218
566,6,1,Toy Story (1995),215
566,7,1196,Star Wars: Episode V - The Empire Strikes Back (1980),210
566,8,2858,American Beauty (1999),202
566,9,47,Seven (a.k.a. Se7en) (1995),197
566,10,4993,"Lord of the Rings: The Fellowship of the Ring, The (2001)",197
567,1,318,"Shawshank Redemption, The (1994)",313
567,2,296,Pulp Fiction (1994),304
567,3,2571,"Matrix, The (1999)",277
567,4,593,"Silence of the Lambs, The (1991)",276
567,5,110,Braveheart (1995),234
567,6,589,Terminator 2: Judgment Day (1991),221
567,7,2959,Fight Club (1999),218
567,8,527,Schindler's List (1993),214
567,9,2858,American Beauty (1999),202
567,10,150,Apollo 13 (1995),200
568,1,318,"Shawshank Redemption, The (1994)",313
568,2,2571,"Matrix, The (1999)",277
568,3,593,"Silence of the Lambs, The (1991)",276
568,4,260,Star Wars: Episode IV - A New Hope (1977),250
568,5,480,Jurassic Park (1993),236
568,6,110,Braveheart (1995),234
568,7,589,Terminator 2: Judgment Day (1991),221
568,8,2959,Fight Club (1999),218
568,9,1,Toy Story (1995),215
568,10,527,Schindler's List (1993),214
569,1,318,"Shawshank Redemption, The (1994)",313
569,2,2571,"Matrix, The (1999)",277
569,3,593,"Silence of the Lambs, The (1991)",276
569,4,260,Star Wars: Episode IV - A New Hope (1977),250
569,5,110,Braveheart (1995),234
569,6,589,Terminator 2: Judgment Day (1991),221
569,7,2959,Fight Club (1999),218
569,8,1,Toy Story (1995),215
569,9,527,Schindler's List (1993),214
569,10,1196,Star Wars: Episode V - The Empire Strikes Back (1980),210
570,1,296,Pulp Fiction (1994),304
570,2,593,"Silence of the Lambs, The (1991)",276
570,3,480,Jurassic Park (1993),236
570,4,50,"Usual Suspects, The (1995)",198
570,5,592,Batman (1989),188
570,6,5952,"Lord of the Rings: The Two Towers, The (2002)",187
570,7,588,Aladdin (1992),181
570,8,590,Dances with Wolves (1990),162
570,9,344,Ace Ventura: Pet Detective (1994),161
570,10,58559,"Dark Knight, The (2008)",146
571,1,356,Forrest Gump (1994),325
571,2,318,"Shawshank Redemption, The (1994)",313
571,3,296,Pulp Fiction (1994),304
571,4,2571,"Matrix, The (1999)",277
571,5,593,"Silence of the Lambs, The (1991)",276
571,6,260,Star Wars: Episode IV - A New Hope (1977),250
571,7,480,Jurassic Park (1993),236
571,8,110,Braveheart (1995),234
571,9,589,Terminator 2: Judgment Day (1991),221
571,10,2959,Fight Club (1999),218
572,1,296,Pulp Fiction (1994),304
572,2,2571,"Matrix, The (1999)",277
572,3,110,Braveheart (1995),234
572,4,589,Terminator 2: Judgment Day (1991),221
572,5,2959,Fight Club (1999),218
572,6,2858,American Beauty (1999),202
572,7,50,"Usual Suspects, The (1995)",198
572,8,47,Seven (a.k.a. Se7en) (1995),197
572,9,4993,"Lord of the Rings: The Fellowship of the Ring, The (2001)",197
572,10,780,Independence Day (a.k.a. ID4) (1996),196
573,1,527,Schindler's List (1993),214
573,2,858,"Godfather, The (1972)",188
573,3,608,Fargo (1996),180
573,4,32,Twelve Monkeys (a.k.a. 12 Monkeys) (1995),173
573,5,590,Dances with Wolves (1990),162
573,6,344,Ace Ventura: Pet Detective (1994),161
573,7,1265,Groundhog Day (1993),140
573,8,1704,Good Will Hunting (1997),139
573,9,597,Pretty Woman (1990),133
573,10,34,Babe (1995),127
574,1,356,Forrest Gump (1994),325
574,2,2571,"Matrix, The (1999)",277
574,3,260,Star Wars: Episode IV - A New Hope (1977),250
574,4,480,Jurassic Park (1993),236
574,5,589,Terminator 2: Judgment Day (1991),221
574,6,2959,Fight Club (1999),218
574,7,1,Toy Story (1995),215
574,8,527,Schindler's List (1993),214
574,9,1196,Star Wars: Episode V - The Empire Strikes Back (1980),210
574,10,2858,American Beauty (1999),202
575,1,356,Forrest Gump (1994),325
575,2,318,"Shawshank Redemption, The (1994)",313
575,3,296,Pulp Fiction (1994),304
575,4,593,"Silence of the Lambs, The (1991)",276
575,5,260,Star Wars: Episode IV - A New Hope (1977),250
575,6,480,Jurassic Park (1993),236
575,7,110,Braveheart (1995),234
575,8,589,Terminator 2: Judgment Day (1991),221
575,9,2959,Fight Club (1999),218
575,10,1,Toy Story (1995),215
576,1,356,Forrest Gump (1994),325
576,2,318,"Shawshank Redemption, The (1994)",313
576,3,296,Pulp Fiction (1994),304
576,4,2571,"Matrix, The (1999)",277
576,5,593,"Silence of the Lambs, The (1991)",276
576,6,260,Star Wars: Episode IV - A New Hope (1977),250
576,7,480,Jurassic Park (1993),236
576,8,110,Braveheart (1995),234
576,9,589,Terminator 2: Judgment Day (1991),221
576,10,2959,Fight Club (1999),218
577,1,296,Pulp Fiction (1994),304
577,2,2571,"Matrix, The (1999)",277
577,3,589,Terminator 2: Judgment Day (1991),221
577,4,2959,Fight Club (1999),218
577,5,1,Toy Story (1995),215
577,6,2858,American Beauty (1999),202
577,7,150,Apollo 13 (1995),200
577,8,50,"Usual Suspects, The (1995)",198
577,9,47,Seven (a.k.a. Se7en) (1995),197
577,10,4993,"Lord of the Rings: The Fellowship of the Ring, The (2001)",197
578,1,356,Forrest Gump (1994),325
578,2,318,"Shawshank Redemption, The (1994)",313
578,3,296,Pulp Fiction (1994),304
578,4,2571,"Matrix, The (1999)",277
578,5,593,"Silence of the Lambs, The (1991)",276
578,6,260,Star Wars: Episode IV - A New Hope (1977),250
578,7,480,Jurassic Park (1993),236
578,8,110,Braveheart (1995),234
578,9,589,Terminator 2: Judgment Day (1991),221
578,10,2959,Fight Club (1999),218
579,1,318,"Shawshank Redemption, The (1994)",313
579,2,296,Pulp Fiction (1994),304
579,3,593,"Silence of the Lambs, The (1991)",276
579,4,260,Star Wars: Episode IV - A New Hope (1977),250
579,5,589,Terminator 2: Judgment Day (1991),221
579,6,2959,Fight Club (1999),218
579,7,1196,Star Wars: Episode V - The Empire Strikes Back (1980),210
579,8,2858,American Beauty (1999),202
579,9,150,Apollo 13 (1995),200
579,10,50,"Usual Suspects, The (1995)",198
580,1,150,Apollo 13 (1995),200
580,2,380,True Lies (1994),176
580,3,377,Speed (1994),168
580,4,344,Ace Ventura: Pet Detective (1994),161
580,5,648,Mission: Impossible (1996),159
580,6,58559,"Dark Knight, The (2008)",146
580,7,595,Beauty and the Beast (1991),145
580,8,165,Die Hard: With a Vengeance (1995),144
580,9,500,Mrs. Doubtfire (1993),143
580,10,1197,"Princess Bride, The (1987)",141
581,1,296,Pulp Fiction (1994),304
581,2,593,"Silence of the Lambs, The (1991)",276
581,3,260,Star Wars: Episode IV - A New Hope (1977),250
581,4,480,Jurassic Park (1993),236
581,5,110,Braveheart (1995),234
581,6,589,Terminator 2: Judgment Day (1991),221
581,7,1,Toy Story (1995),215
581,8,1196,Star Wars: Episode V - The Empire Strikes Back (1980),210
581,9,2858,American Beauty (1999),202
581,10,150,Apollo 13 (1995),200
582,1,356,Forrest Gump (1994),325
582,2,318,"Shawshank Redemption, The (1994)",313
582,3,296,Pulp Fiction (1994),304
582,4,480,Jurassic Park (1993),236
582,5,110,Braveheart (1995),234
582,6,589,Terminator 2: Judgment Day (1991),221
582,7,1,Toy Story (1995),215
582,8,527,Schindler's List (1993),214
582,9,2858,American Beauty (1999),202
582,10,150,Apollo 13 (1995),200
583,1,318,"Shawshank Redemption, The (1994)",313
583,2,2571,"Matrix, The (1999)",277
583,3,260,Star Wars: Episode IV - A New Hope (1977),250
583,4,480,Jurassic Park (1993),236
583,5,110,Braveheart (1995),234
583,6,589,Terminator 2: Judgment Day (1991),221
583,7,2959,Fight Club (1999),218
583,8,1,Toy Story (1995),215
583,9,527,Schindler's List (1993),214
583,10,1196,Star Wars: Episode V - The Empire Strikes Back (1980),210
584,1,318,"Shawshank Redemption, The (1994)",313
584,2,2571,"Matrix, The (1999)",277
584,3,260,Star Wars: Episode IV - A New Hope (1977),250
584,4,2959,Fight Club (1999),218
584,5,527,Schindler's List (1993),214
584,6,1196,Star Wars: Episode V - The Empire Strikes Back (1980),210
584,7,2858,American Beauty (1999),202
584,8,50,"Usual Suspects, The (1995)",198
584,9,4993,"Lord of the Rings: The Fellowship of the Ring, The (2001)",197
584,10,780,Independence Day (a.k.a. ID4) (1996),196
585,1,356,Forrest Gump (1994),325
585,2,318,"Shawshank Redemption, The (1994)",313
585,3,2571,"Matrix, The (1999)",277
585,4,593,"Silence of the Lambs, The (1991)",276
585,5,260,Star Wars: Episode IV - A New Hope (1977),250
585,6,480,Jurassic Park (1993),236
585,7,110,Braveheart (1995),234
585,8,589,Terminator 2: Judgment Day (1991),221
585,9,1,Toy Story (1995),215
585,10,527,Schindler's List (1993),214
586,1,356,Forrest Gump (1994),325
586,2,296,Pulp Fiction (1994),304
586,3,593,"Silence of the Lambs, The (1991)",276
586,4,480,Jurassic Park (1993),236
586,5,2959,Fight Club (1999),218
586,6,1,Toy Story (1995),215
586,7,2858,American Beauty (1999),202
586,8,150,Apollo 13 (1995),200
586,9,50,"Usual Suspects, The (1995)",198
586,10,47,Seven (a.k.a. Se7en) (1995),197
587,1,318,"Shawshank Redemption, The (1994)",313
587,2,593,"Silence of the Lambs, The (1991)",276
587,3,260,Star Wars: Episode IV - A New Hope (1977),250
587,4,480,Jurassic Park (1993),236
587,5,110,Braveheart (1995),234
587,6,589,Terminator 2: Judgment Day (1991),221
587,7,2959,Fight Club (1999),218
587,8,527,Schindler's List (1993),214
587,9,1196,Star Wars: Episode V - The Empire Strikes Back (1980),210
587,10,150,Apollo 13 (1995),200
588,1,2571,"Matrix, The (1999)",277
588,2,260,Star Wars: Episode IV - A New Hope (1977),250
588,3,2959,Fight Club (1999),218
588,4,1,Toy Story (1995),215
588,5,1196,Star Wars: Episode V - The Empire Strikes Back (1980),210
588,6,2858,American Beauty (1999),202
588,7,4993,"Lord of the Rings: The Fellowship of the Ring, The (2001)",197
588,8,780,Independence Day (a.k.a. ID4) (1996),196
588,9,1210,Star Wars: Episode VI - Return of the Jedi (1983),196
588,10,1198,Raiders of the Lost Ark (Indiana Jones and the Raiders of the Lost Ark) (1981),194
589,1,2571,"Matrix, The (1999)",277
589,2,260,Star Wars: Episode IV - A New Hope (1977),250
589,3,480,Jurassic Park (1993),236
589,4,110,Braveheart (1995),234
589,5,589,Terminator 2: Judgment Day (1991),221
589,6,2959,Fight Club (1999),218
589,7,1,Toy Story (1995),215
589,8,1196,Star Wars: Episode V - The Empire Strikes Back (1980),210
589,9,2858,American Beauty (1999),202
589,10,50,"Usual Suspects, The (1995)",198
590,1,316,Stargate (1994),140
590,2,79132,Inception (2010),140
590,3,1704,Good Will Hunting (1997),139
590,4,4886,"Monsters, Inc. (2001)",132
590,5,293,Léon: The Professional (a.k.a. The Professional) (Léon) (1994),131
590,6,34,Babe (1995),127
590,7,7361,Eternal Sunshine of the Spotless Mind (2004),125
590,8,1682,"Truman Show, The (1998)",124
590,9,4973,"Amelie (Fabuleux destin d'Amélie Poulain, Le) (2001)",119
590,10,208,Waterworld (1995),115
591,1,318,"Shawshank Redemption, The (1994)",313
591,2,296,Pulp Fiction (1994),304
591,3,593,"Silence of the Lambs, The (1991)",276
591,4,480,Jurassic Park (1993),236
591,5,110,Braveheart (1995),234
591,6,589,Terminator 2: Judgment Day (1991),221
591,7,1,Toy Story (1995),215
591,8,527,Schindler's List (1993),214
591,9,1196,Star Wars: Episode V - The Empire Strikes Back (1980),210
591,10,2858,American Beauty (1999),202
592,1,2571,"Matrix, The (1999)",277
592,2,260,Star Wars: Episode IV - A New Hope (1977),250
592,3,2959,Fight Club (1999),218
592,4,1,Toy Story (1995),215
592,5,527,Schindler's List (1993),214
592,6,1196,Star Wars: Episode V - The Empire Strikes Back (1980),210
592,7,2858,American Beauty (1999),202
592,8,50,"Usual Suspects, The (1995)",198
592,9,47,Seven (a.k.a. Se7en) (1995),197
592,10,4993,"Lord of the Rings: The Fellowship of the Ring, The (2001)",197
593,1,296,Pulp Fiction (1994),304
593,2,480,Jurassic Park (1993),236
593,3,589,Terminator 2: Judgment Day (1991),221
593,4,1,Toy Story (1995),215
593,5,47,Seven (a.k.a. Se7en) (1995),197
593,6,1198,Raiders of the Lost Ark (Indiana Jones and the Raiders of the Lost Ark) (1981),194
593,7,457,"Fugitive, The (1993)",189
593,8,592,Batman (1989),188
593,9,2028,Saving Private Ryan (1998),186
593,10,2762,"Sixth Sense, The (1999)",178
594,1,356,Forrest Gump (1994),325
594,2,318,"Shawshank Redemption, The (1994)",313
594,3,296,Pulp Fiction (1994),304
594,4,260,Star Wars: Episode IV - A New Hope (1977),250
594,5,2959,Fight Club (1999),218
594,6,1,Toy Story (1995),215
594,7,527,Schindler's List (1993),214
594,8,1196,Star Wars: Episode V - The Empire Strikes Back (1980),210
594,9,2858,American Beauty (1999),202
594,10,50,"Usual Suspects, The (1995)",198
595,1,356,Forrest Gump (1994),325
595,2,318,"Shawshank Redemption, The (1994)",313
595,3,296,Pulp Fiction (1994),304
595,4,2571,"Matrix, The (1999)",277
595,5,593,"Silence of the Lambs, The (1991)",276
595,6,260,Star Wars: Episode IV - A New Hope (1977),250
595,7,480,Jurassic Park (1993),236
595,8,110,Braveheart (1995),234
595,9,589,Terminator 2: Judgment Day (1991),221
595,10,2959,Fight Club (1999),218
596,1,318,"Shawshank Redemption, The (1994)",313
596,2,296,Pulp Fiction (1994),304
596,3,480,Jurassic Park (1993),236
596,4,110,Braveheart (1995),234
596,5,2858,American Beauty (1999),202
596,6,47,Seven (a.k.a. Se7en) (1995),197
596,7,780,Independence Day (a.k.a. ID4) (1996),196
596,8,2028,Saving Private Ryan (1998),186
596,9,588,Aladdin (1992),181
596,10,608,Fargo (1996),180
597,1,318,"Shawshank Redemption, The (1994)",313
597,2,296,Pulp Fiction (1994),304
597,3,2571,"Matrix, The (1999)",277
597,4,593,"Silence of the Lambs, The (1991)",276
597,5,2959,Fight Club (1999),218
597,6,527,Schindler's List (1993),214
597,7,150,Apollo 13 (1995),200
597,8,4993,"Lord of the Rings: The Fellowship of the Ring, The (2001)",197
597,9,5952,"Lord of the Rings: The Two Towers, The (2002)",187
597,10,7153,"Lord of the Rings: The Return of the King, The (2003)",185
598,1,356,Forrest Gump (1994),325
598,2,318,"Shawshank Redemption, The (1994)",313
598,3,296,Pulp Fiction (1994),304
598,4,2571,"Matrix, The (1999)",277
598,5,260,Star Wars: Episode IV - A New Hope (1977),250
598,6,480,Jurassic Park (1993),236
598,7,110,Braveheart (1995),234
598,8,589,Terminator 2: Judgment Day (1991),221
598,9,2959,Fight Club (1999),218
598,10,1,Toy Story (1995),215
599,1,527,Schindler's List (1993),214
599,2,590,Dances with Wolves (1990),162
599,3,6377,Finding Nemo (2003),138
599,4,1193,One Flew Over the Cuckoo's Nest (1975),132
599,5,34,Babe (1995),127
599,6,339,While You Were Sleeping (1995),98
599,7,3114,Toy Story 2 (1999),96
599,8,8360,Shrek 2 (2004),91
599,9,8368,Harry Potter and the Prisoner of Azkaban (2004),91
599,10,2324,Life Is Beautiful (La Vita è bella) (1997),86
600,1,50,"Usual Suspects, The (1995)",198
600,2,2028,Saving Private Ryan (1998),186
600,3,3578,Gladiator (2000),166
600,4,590,Dances with Wolves (1990),162
600,5,1580,Men in Black (a.k.a. MIB) (1997),162
600,6,6539,Pirates of the Caribbean: The Curse of the Black Pearl (2003),149
600,7,316,Stargate (1994),140
600,8,79132,Inception (2010),140
600,9,1704,Good Will Hunting (1997),139
600,10,153,Batman Forever (1995),137
601,1,356,Forrest Gump (1994),325
601,2,296,Pulp Fiction (1994),304
601,3,593,"Silence of the Lambs, The (1991)",276
601,4,260,Star Wars: Episode IV - A New Hope (1977),250
601,5,480,Jurassic Park (1993),236
601,6,110,Braveheart (1995),234
601,7,589,Terminator 2: Judgment Day (1991),221
601,8,1196,Star Wars: Episode V - The Empire Strikes Back (1980),210
601,9,2858,American Beauty (1999),202
601,10,150,Apollo 13 (1995),200
602,1,2571,"Matrix, The (1999)",277
602,2,2959,Fight Club (1999),218
602,3,1,Toy Story (1995),215
602,4,1196,Star Wars: Episode V - The Empire Strikes Back (1980),210
602,5,2858,American Beauty (1999),202
602,6,4993,"Lord of the Rings: The Fellowship of the Ring, The (2001)",197
602,7,1210,Star Wars: Episode VI - Return of the Jedi (1983),196
602,8,1198,Raiders of the Lost Ark (Indiana Jones and the Raiders of the Lost Ark) (1981),194
602,9,858,"Godfather, The (1972)",188
602,10,5952,"Lord of the Rings: The Two Towers, The (2002)",187
603,1,318,"Shawshank Redemption, The (1994)",313
603,2,480,Jurassic Park (1993),236
603,3,589,Terminator 2: Judgment Day (1991),221
603,4,150,Apollo 13 (1995),200
603,5,50,"Usual Suspects, The (1995)",198
603,6,47,Seven (a.k.a. Se7en) (1995),197
603,7,4993,"Lord of the Rings: The Fellowship of the Ring, The (2001)",197
603,8,780,Independence Day (a.k.a. ID4) (1996),196
603,9,5952,"Lord of the Rings: The Two Towers, The (2002)",187
603,10,7153,"Lord of the Rings: The Return of the King, The (2003)",185
604,1,356,Forrest Gump (1994),325
604,2,318,"Shawshank Redemption, The (1994)",313
604,3,2571,"Matrix, The (1999)",277
604,4,260,Star Wars: Episode IV - A New Hope (1977),250
604,5,480,Jurassic Park (1993),236
604,6,589,Terminator 2: Judgment Day (1991),221
604,7,2959,Fight Club (1999),218
604,8,527,Schindler's List (1993),214
604,9,1196,Star Wars: Episode V - The Empire Strikes Back (1980),210
604,10,2858,American Beauty (1999),202
605,1,318,"Shawshank Redemption, The (1994)",313
605,2,2571,"Matrix, The (1999)",277
605,3,593,"Silence of the Lambs, The (1991)",276
605,4,2959,Fight Club (1999),218
605,5,527,Schindler's List (1993),214
605,6,1196,Star Wars: Episode V - The Empire Strikes Back (1980),210
605,7,2858,American Beauty (1999),202
605,8,50,"Usual Suspects, The (1995)",198
605,9,47,Seven (a.k.a. Se7en) (1995),197
605,10,1198,Raiders of the Lost Ark (Indiana Jones and the Raiders of the Lost Ark) (1981),194
606,1,150,Apollo 13 (1995),200
606,2,457,"Fugitive, The (1993)",189
606,3,588,Aladdin (1992),181
606,4,608,Fargo (1996),180
606,5,380,True Lies (1994),176
606,6,364,"Lion King, The (1994)",172
606,7,377,Speed (1994),168
606,8,344,Ace Ventura: Pet Detective (1994),161
606,9,58559,"Dark Knight, The (2008)",146
606,10,595,Beauty and the Beast (1991),145
607,1,356,Forrest Gump (1994),325
607,2,2959,Fight Club (1999),218
607,3,50,"Usual Suspects, The (1995)",198
607,4,47,Seven (a.k.a. Se7en) (1995),197
607,5,4993,"Lord of the Rings: The Fellowship of the Ring, The (2001)",197
607,6,1198,Raiders of the Lost Ark (Indiana Jones and the Raiders of the Lost Ark) (1981),194
607,7,5952,"Lord of the Rings: The Two Towers, The (2002)",187
607,8,7153,"Lord of the Rings: The Return of the King, The (2003)",185
607,9,588,Aladdin (1992),181
607,10,32,Twelve Monkeys (a.k.a. 12 Monkeys) (1995),173
608,1,1198,Raiders of the Lost Ark (Indiana Jones and the Raiders of the Lost Ark) (1981),194
608,2,58559,"Dark Knight, The (2008)",146
608,3,165,Die Hard: With a Vengeance (1995),144
608,4,1197,"Princess Bride, The (1987)",141
608,5,79132,Inception (2010),140
608,6,4973,"Amelie (Fabuleux destin d'Amélie Poulain, Le) (2001)",119
608,7,33794,Batman Begins (2005),116
608,8,349,Clear and Present Danger (1994),110
608,9,48516,"Departed, The (2006)",106
608,10,161,Crimson Tide (1995),103
609,1,2571,"Matrix, The (1999)",277
609,2,593,"Silence of the Lambs, The (1991)",276
609,3,260,Star Wars: Episode IV - A New Hope (1977),250
609,4,2959,Fight Club (1999),218
609,5,527,Schindler's List (1993),214
609,6,1196,Star Wars: Episode V - The Empire Strikes Back (1980),210
609,7,2858,American Beauty (1999),202
609,8,50,"Usual Suspects, The (1995)",198
609,9,47,Seven (a.k.a. Se7en) (1995),197
609,10,4993,"Lord of the Rings: The Fellowship of the Ring, The (2001)",197
610,1,150,Apollo 13 (1995),200
610,2,588,Aladdin (1992),181
610,3,364,"Lion King, The (1994)",172
610,4,590,Dances with Wolves (1990),162
610,5,1580,Men in Black (a.k.a. MIB) (1997),162
610,6,648,Mission: Impossible (1996),159
610,7,595,Beauty and the Beast (1991),145
610,8,165,Die Hard: With a Vengeance (1995),144
610,9,500,Mrs. Doubtfire (1993),143
610,10,316,Stargate (1994),140
